proj,files,totalLines,commentLines,blankLines,lineOfCodes,class,property,method,functions,operator,size(bytes),size
G:/GCModeller/src/GCModeller/analysis/HTS_matrix/HTS_matrix-netcore5.vbproj,DataFrame.vb,147,15,22,110,1,0,0,4,0,5414,5.41 KB
G:/GCModeller/src/GCModeller/analysis/HTS_matrix/HTS_matrix-netcore5.vbproj,Math.vb,146,37,14,95,1,0,0,5,0,5818,5.82 KB
G:/GCModeller/src/GCModeller/analysis/HTS_matrix/HTS_matrix-netcore5.vbproj,File/Document.vb,86,22,12,52,1,0,0,3,0,2964,2.96 KB
G:/GCModeller/src/GCModeller/analysis/HTS_matrix/HTS_matrix-netcore5.vbproj,File/Reader.vb,57,3,8,46,1,0,0,2,0,2011,2.01 KB
G:/GCModeller/src/GCModeller/analysis/HTS_matrix/HTS_matrix-netcore5.vbproj,Limma/Limma.vb,234,105,22,107,1,0,1,2,0,10588,10.59 KB
G:/GCModeller/src/GCModeller/analysis/HTS_matrix/HTS_matrix-netcore5.vbproj,Limma/LimmaTable.vb,136,82,9,45,1,8,0,2,0,8003,8.00 KB
G:/GCModeller/src/GCModeller/analysis/HTS_matrix/HTS_matrix-netcore5.vbproj,Math/DESeq2Normalization.vb,87,15,16,56,1,0,0,1,0,3482,3.48 KB
G:/GCModeller/src/GCModeller/analysis/HTS_matrix/HTS_matrix-netcore5.vbproj,Math/EdgeRNormalization.vb,270,50,46,174,1,0,0,6,0,11407,11.41 KB
G:/GCModeller/src/GCModeller/analysis/HTS_matrix/HTS_matrix-netcore5.vbproj,Math/ExpressionScale.vb,55,2,7,46,1,0,0,2,0,1972,1.97 KB
G:/GCModeller/src/GCModeller/analysis/HTS_matrix/HTS_matrix-netcore5.vbproj,Math/QuantileNormalization.vb,3,0,1,2,1,0,0,0,0,49,49 B
G:/GCModeller/src/GCModeller/analysis/HTS_matrix/HTS_matrix-netcore5.vbproj,Math/Ranking.vb,12,0,3,9,1,4,0,1,0,356,356 B
G:/GCModeller/src/GCModeller/analysis/HTS_matrix/HTS_matrix-netcore5.vbproj,Math/TPM.vb,63,8,7,48,1,0,0,4,0,2347,2.35 KB
G:/GCModeller/src/GCModeller/analysis/HTS_matrix/HTS_matrix-netcore5.vbproj,Matrix/DataFrameRow.vb,190,66,22,102,1,4,4,6,1,6709,6.71 KB
G:/GCModeller/src/GCModeller/analysis/HTS_matrix/HTS_matrix-netcore5.vbproj,Matrix/IGeneExpression.vb,11,4,3,4,1,1,0,0,0,322,322 B
G:/GCModeller/src/GCModeller/analysis/HTS_matrix/HTS_matrix-netcore5.vbproj,Matrix/Matrix.vb,533,117,66,350,1,8,4,22,0,18826,18.83 KB
G:/GCModeller/src/GCModeller/analysis/HTS_matrix/HTS_matrix-netcore5.vbproj,Matrix/MatrixBuilder.vb,111,27,11,73,1,0,0,3,0,4512,4.51 KB
G:/GCModeller/src/GCModeller/analysis/HTS_matrix/HTS_matrix-netcore5.vbproj,File/BinaryData/BinaryMatrix.vb,111,22,17,72,1,0,2,4,0,3473,3.47 KB
G:/GCModeller/src/GCModeller/analysis/HTS_matrix/HTS_matrix-netcore5.vbproj,File/BinaryData/HTSMatrixReader.vb,173,40,26,107,1,3,5,3,0,6253,6.25 KB
G:/GCModeller/src/GCModeller/analysis/HTS_matrix/HTS_matrix-netcore5.vbproj,File/BinaryData/HTSMatrixViewer.vb,86,4,17,65,1,2,3,3,0,2700,2.70 KB
G:/GCModeller/src/GCModeller/analysis/HTS_matrix/HTS_matrix-netcore5.vbproj,File/BinaryData/MatrixViewer.vb,58,23,9,26,1,2,0,1,0,2104,2.10 KB
G:/GCModeller/src/GCModeller/analysis/HTS_matrix/HTS_matrix-netcore5.vbproj,<project>,2569,642,338,1589,20,32,19,74,1,99310,99.31 KB
G:/GCModeller/src/GCModeller/analysis/Metagenome/MetaFunction/MetaFunction.vbproj,AntibioticResistance.vb,76,7,9,60,2,7,0,2,0,3063,3.06 KB
G:/GCModeller/src/GCModeller/analysis/Metagenome/MetaFunction/MetaFunction.vbproj,Extensions.vb,4,0,2,2,1,0,0,0,0,40,40 B
G:/GCModeller/src/GCModeller/analysis/Metagenome/MetaFunction/MetaFunction.vbproj,CARD/CARDdata.vb,136,39,17,80,1,0,0,5,0,5112,5.11 KB
G:/GCModeller/src/GCModeller/analysis/Metagenome/MetaFunction/MetaFunction.vbproj,CARD/Fasta.vb,55,8,7,40,1,5,0,3,0,1953,1.95 KB
G:/GCModeller/src/GCModeller/analysis/Metagenome/MetaFunction/MetaFunction.vbproj,CARD/Tables.vb,16,8,2,6,1,3,0,0,0,489,489 B
G:/GCModeller/src/GCModeller/analysis/Metagenome/MetaFunction/MetaFunction.vbproj,metaTraits/metaTraitData.vb,17,0,5,12,1,4,0,1,0,464,464 B
G:/GCModeller/src/GCModeller/analysis/Metagenome/MetaFunction/MetaFunction.vbproj,metaTraits/NCBI2GTDB_lineage.vb,12,0,5,7,1,2,0,0,0,319,319 B
G:/GCModeller/src/GCModeller/analysis/Metagenome/MetaFunction/MetaFunction.vbproj,metaTraits/TraitAnnotation.vb,149,25,18,106,2,35,2,5,0,5968,5.97 KB
G:/GCModeller/src/GCModeller/analysis/Metagenome/MetaFunction/MetaFunction.vbproj,My Project/Application.Designer.vb,12,9,1,2,0,0,0,0,0,434,434 B
G:/GCModeller/src/GCModeller/analysis/Metagenome/MetaFunction/MetaFunction.vbproj,My Project/AssemblyInfo.vb,36,15,6,15,0,0,0,0,0,1084,1.08 KB
G:/GCModeller/src/GCModeller/analysis/Metagenome/MetaFunction/MetaFunction.vbproj,My Project/Resources.Designer.vb,63,23,8,32,1,2,0,0,0,2813,2.81 KB
G:/GCModeller/src/GCModeller/analysis/Metagenome/MetaFunction/MetaFunction.vbproj,My Project/Settings.Designer.vb,74,9,12,53,2,2,1,0,0,3071,3.07 KB
G:/GCModeller/src/GCModeller/analysis/Metagenome/MetaFunction/MetaFunction.vbproj,PICRUSt/ko_13_5_precalculated.vb,66,19,9,38,1,4,1,1,0,2263,2.26 KB
G:/GCModeller/src/GCModeller/analysis/Metagenome/MetaFunction/MetaFunction.vbproj,PICRUSt/MetaBinaryReader.vb,261,37,52,172,1,1,4,10,0,9530,9.53 KB
G:/GCModeller/src/GCModeller/analysis/Metagenome/MetaFunction/MetaFunction.vbproj,PICRUSt/MetaBinaryWriter.vb,259,44,47,168,1,0,7,1,0,9803,9.80 KB
G:/GCModeller/src/GCModeller/analysis/Metagenome/MetaFunction/MetaFunction.vbproj,PICRUSt/PredictMetagenome.vb,179,53,28,98,1,0,1,3,0,8507,8.51 KB
G:/GCModeller/src/GCModeller/analysis/Metagenome/MetaFunction/MetaFunction.vbproj,VFDB/Extensions.vb,75,0,10,65,1,0,0,4,0,3369,3.37 KB
G:/GCModeller/src/GCModeller/analysis/Metagenome/MetaFunction/MetaFunction.vbproj,VFDB/VFDBInfo.vb,21,3,3,15,1,11,0,0,0,621,621 B
G:/GCModeller/src/GCModeller/analysis/Metagenome/MetaFunction/MetaFunction.vbproj,VFDB/VFs.vb,66,3,13,50,1,8,0,3,0,2408,2.41 KB
G:/GCModeller/src/GCModeller/analysis/Metagenome/MetaFunction/MetaFunction.vbproj,metaTraits/Traitar/Export.vb,55,1,11,43,1,0,0,1,0,2554,2.55 KB
G:/GCModeller/src/GCModeller/analysis/Metagenome/MetaFunction/MetaFunction.vbproj,metaTraits/Traitar/ModelLoader.vb,305,49,53,203,1,3,5,2,0,12843,12.84 KB
G:/GCModeller/src/GCModeller/analysis/Metagenome/MetaFunction/MetaFunction.vbproj,metaTraits/Traitar/PredictionResult.vb,8,0,1,7,1,0,0,0,0,139,139 B
G:/GCModeller/src/GCModeller/analysis/Metagenome/MetaFunction/MetaFunction.vbproj,metaTraits/Traitar/ReportJSON.vb,20,0,5,15,1,10,0,0,0,667,667 B
G:/GCModeller/src/GCModeller/analysis/Metagenome/MetaFunction/MetaFunction.vbproj,metaTraits/Traitar/Models/GenomeSample.vb,152,60,28,64,2,13,1,3,0,5956,5.96 KB
G:/GCModeller/src/GCModeller/analysis/Metagenome/MetaFunction/MetaFunction.vbproj,metaTraits/Traitar/Models/PhenotypeModel.vb,206,63,32,111,3,15,0,6,0,7433,7.43 KB
G:/GCModeller/src/GCModeller/analysis/Metagenome/MetaFunction/MetaFunction.vbproj,metaTraits/Traitar/Models/PhyloTreeNode.vb,121,39,21,61,1,11,2,4,0,4426,4.43 KB
G:/GCModeller/src/GCModeller/analysis/Metagenome/MetaFunction/MetaFunction.vbproj,metaTraits/Traitar/Modules/CrossValidation.vb,263,76,46,141,1,0,1,6,0,10683,10.68 KB
G:/GCModeller/src/GCModeller/analysis/Metagenome/MetaFunction/MetaFunction.vbproj,metaTraits/Traitar/Modules/DataFusion.vb,210,74,28,108,1,0,1,4,0,9046,9.05 KB
G:/GCModeller/src/GCModeller/analysis/Metagenome/MetaFunction/MetaFunction.vbproj,metaTraits/Traitar/Modules/EnsembleVoting.vb,274,69,52,153,3,9,0,5,0,11386,11.39 KB
G:/GCModeller/src/GCModeller/analysis/Metagenome/MetaFunction/MetaFunction.vbproj,metaTraits/Traitar/Modules/FeatureSelection.vb,308,77,53,178,3,6,1,4,0,13179,13.18 KB
G:/GCModeller/src/GCModeller/analysis/Metagenome/MetaFunction/MetaFunction.vbproj,metaTraits/Traitar/Modules/GenomeAnnotation.vb,325,102,39,184,1,0,2,8,0,15655,15.65 KB
G:/GCModeller/src/GCModeller/analysis/Metagenome/MetaFunction/MetaFunction.vbproj,metaTraits/Traitar/Modules/ModelEvaluation.vb,256,59,36,161,3,8,0,5,0,11946,11.95 KB
G:/GCModeller/src/GCModeller/analysis/Metagenome/MetaFunction/MetaFunction.vbproj,metaTraits/Traitar/Modules/PhylogenyAncestral.vb,453,123,57,273,2,0,6,7,0,20099,20.10 KB
G:/GCModeller/src/GCModeller/analysis/Metagenome/MetaFunction/MetaFunction.vbproj,metaTraits/Traitar/Modules/SVMClassifier.vb,442,134,56,252,3,5,3,7,0,17347,17.35 KB
G:/GCModeller/src/GCModeller/analysis/Metagenome/MetaFunction/MetaFunction.vbproj,metaTraits/Traitar/Utils/FileParser.vb,586,92,91,403,1,0,0,13,0,24918,24.92 KB
G:/GCModeller/src/GCModeller/analysis/Metagenome/MetaFunction/MetaFunction.vbproj,metaTraits/Traitar/Utils/MathUtils.vb,404,142,48,214,1,0,2,24,0,14823,14.82 KB
G:/GCModeller/src/GCModeller/analysis/Metagenome/MetaFunction/MetaFunction.vbproj,<project>,5965,1462,911,3592,49,164,40,137,0,244411,244.41 KB
G:/GCModeller/src/GCModeller/analysis/Metagenome/MetaFunction/test/test.vbproj,metaTraitsTest.vb,14,0,4,10,1,0,1,0,0,531,531 B
G:/GCModeller/src/GCModeller/analysis/Metagenome/MetaFunction/test/test.vbproj,Program.vb,41,0,11,30,1,0,3,0,0,1464,1.46 KB
G:/GCModeller/src/GCModeller/analysis/Metagenome/MetaFunction/test/test.vbproj,TraitarTest.vb,420,84,55,281,3,11,4,1,0,20002,20.00 KB
G:/GCModeller/src/GCModeller/analysis/Metagenome/MetaFunction/test/test.vbproj,<project>,475,84,70,321,5,11,8,1,0,21997,22.00 KB
G:/GCModeller/src/GCModeller/analysis/Metagenome/Metagenome/Metagenome.NET5.vbproj,BatchMerge.vb,34,0,4,30,1,0,0,1,0,1340,1.34 KB
G:/GCModeller/src/GCModeller/analysis/Metagenome/Metagenome/Metagenome.NET5.vbproj,DataAnalysis/ACE.vb,100,3,18,79,1,0,0,9,0,3521,3.52 KB
G:/GCModeller/src/GCModeller/analysis/Metagenome/Metagenome/Metagenome.NET5.vbproj,DataAnalysis/Enterotype.vb,100,9,12,79,1,0,0,4,0,4290,4.29 KB
G:/GCModeller/src/GCModeller/analysis/Metagenome/Metagenome/Metagenome.NET5.vbproj,DataAnalysis/RankAbundance.vb,123,27,12,84,1,0,0,3,0,5578,5.58 KB
G:/GCModeller/src/GCModeller/analysis/Metagenome/Metagenome/Metagenome.NET5.vbproj,DataAnalysis/RankLevelView.vb,110,16,14,80,1,4,0,5,0,4264,4.26 KB
G:/GCModeller/src/GCModeller/analysis/Metagenome/Metagenome/Metagenome.NET5.vbproj,DataAnalysis/RelativeStatics.vb,178,38,14,126,1,0,0,8,0,8206,8.21 KB
G:/GCModeller/src/GCModeller/analysis/Metagenome/Metagenome/Metagenome.NET5.vbproj,DataAnalysis/UniFrac.vb,82,22,18,42,3,2,1,2,0,2925,2.92 KB
G:/GCModeller/src/GCModeller/analysis/Metagenome/Metagenome/Metagenome.NET5.vbproj,DataAnalysis/ZetaDiversity.vb,1387,495,219,673,4,34,0,27,0,60296,60.30 KB
G:/GCModeller/src/GCModeller/analysis/Metagenome/Metagenome/Metagenome.NET5.vbproj,Kmers/AbundanceEstimate.vb,209,55,32,122,1,0,2,8,0,10051,10.05 KB
G:/GCModeller/src/GCModeller/analysis/Metagenome/Metagenome/Metagenome.NET5.vbproj,Kmers/BloomDatabase.vb,148,24,25,99,2,0,2,3,0,7274,7.27 KB
G:/GCModeller/src/GCModeller/analysis/Metagenome/Metagenome/Metagenome.NET5.vbproj,Kmers/Docs.Designer.vb,77,26,10,41,1,3,1,0,0,3335,3.33 KB
G:/GCModeller/src/GCModeller/analysis/Metagenome/Metagenome/Metagenome.NET5.vbproj,Kmers/Extensions.vb,29,7,4,18,1,0,0,1,0,1220,1.22 KB
G:/GCModeller/src/GCModeller/analysis/Metagenome/Metagenome/Metagenome.NET5.vbproj,Kmers/KmerBackground.vb,86,1,20,65,1,3,2,1,0,3568,3.57 KB
G:/GCModeller/src/GCModeller/analysis/Metagenome/Metagenome/Metagenome.NET5.vbproj,Kmers/KmerBloomFilter.vb,225,23,43,159,1,0,2,6,0,9192,9.19 KB
G:/GCModeller/src/GCModeller/analysis/Metagenome/Metagenome/Metagenome.NET5.vbproj,Kmers/KmerFilter.vb,53,10,10,33,1,2,0,2,0,1598,1.60 KB
G:/GCModeller/src/GCModeller/analysis/Metagenome/Metagenome/Metagenome.NET5.vbproj,Kmers/KmerHashIndexFilter.vb,81,9,16,56,1,0,1,3,0,3151,3.15 KB
G:/GCModeller/src/GCModeller/analysis/Metagenome/Metagenome/Metagenome.NET5.vbproj,Kmers/KmerMemory.vb,84,0,17,67,1,1,3,4,0,3041,3.04 KB
G:/GCModeller/src/GCModeller/analysis/Metagenome/Metagenome/Metagenome.NET5.vbproj,Kmers/PriorProbabilityBuilder.vb,195,44,38,113,1,0,2,4,0,11049,11.05 KB
G:/GCModeller/src/GCModeller/analysis/Metagenome/Metagenome/Metagenome.NET5.vbproj,Kmers/SequenceCollection.vb,93,14,17,62,1,0,2,3,0,3425,3.42 KB
G:/GCModeller/src/GCModeller/analysis/Metagenome/Metagenome/Metagenome.NET5.vbproj,Kmers/ShardingReader.vb,162,21,30,111,1,1,3,6,0,5982,5.98 KB
G:/GCModeller/src/GCModeller/analysis/Metagenome/Metagenome/Metagenome.NET5.vbproj,Kmers/ShardingWriter.vb,211,31,36,144,1,0,9,2,0,7942,7.94 KB
G:/GCModeller/src/GCModeller/analysis/Metagenome/Metagenome/Metagenome.NET5.vbproj,OTUTable/BIOM.vb,242,33,31,178,1,0,0,7,0,8985,8.98 KB
G:/GCModeller/src/GCModeller/analysis/Metagenome/Metagenome/Metagenome.NET5.vbproj,OTUTable/BIOMExtensions.vb,95,7,14,74,1,0,0,3,0,3596,3.60 KB
G:/GCModeller/src/GCModeller/analysis/Metagenome/Metagenome/Metagenome.NET5.vbproj,OTUTable/CoreMicrobiomeCalculator.vb,139,27,26,86,1,0,1,3,0,6192,6.19 KB
G:/GCModeller/src/GCModeller/analysis/Metagenome/Metagenome/Metagenome.NET5.vbproj,OTUTable/ITaxonomyAbundance.vb,26,3,9,14,3,6,0,0,0,749,749 B
G:/GCModeller/src/GCModeller/analysis/Metagenome/Metagenome/Metagenome.NET5.vbproj,OTUTable/OTU.vb,202,15,17,170,1,0,0,5,0,8527,8.53 KB
G:/GCModeller/src/GCModeller/analysis/Metagenome/Metagenome/Metagenome.NET5.vbproj,OTUTable/OTUCosineComparer.vb,40,0,9,31,1,1,1,2,0,1275,1.27 KB
G:/GCModeller/src/GCModeller/analysis/Metagenome/Metagenome/Metagenome.NET5.vbproj,OTUTable/OTUTable.vb,161,47,15,99,1,2,2,5,0,6198,6.20 KB
G:/GCModeller/src/GCModeller/analysis/Metagenome/Metagenome/Metagenome.NET5.vbproj,OTUTable/OTUTableBuilder.vb,159,11,23,125,1,0,0,5,0,6643,6.64 KB
G:/GCModeller/src/GCModeller/analysis/Metagenome/Metagenome/Metagenome.NET5.vbproj,SILVA/SILVABuild.vb,31,7,4,20,1,0,0,1,0,1061,1.06 KB
G:/GCModeller/src/GCModeller/analysis/Metagenome/Metagenome/Metagenome.NET5.vbproj,Tools/MeganImports.vb,67,10,13,44,1,3,0,4,0,2298,2.30 KB
G:/GCModeller/src/GCModeller/analysis/Metagenome/Metagenome/Metagenome.NET5.vbproj,Tools/MetagenomicsBenchmark.vb,195,56,34,105,2,8,1,4,0,8121,8.12 KB
G:/GCModeller/src/GCModeller/analysis/Metagenome/Metagenome/Metagenome.NET5.vbproj,UPGMATree/Taxa.vb,65,16,9,40,1,2,2,1,0,2225,2.23 KB
G:/GCModeller/src/GCModeller/analysis/Metagenome/Metagenome/Metagenome.NET5.vbproj,UPGMATree/TreeDrawer.vb,219,40,39,140,2,5,5,2,0,8642,8.64 KB
G:/GCModeller/src/GCModeller/analysis/Metagenome/Metagenome/Metagenome.NET5.vbproj,UPGMATree/UPGMATree.vb,137,12,22,103,1,0,1,5,0,5912,5.91 KB
G:/GCModeller/src/GCModeller/analysis/Metagenome/Metagenome/Metagenome.NET5.vbproj,UPGMATree/Value.vb,14,0,4,10,1,2,0,1,0,306,306 B
G:/GCModeller/src/GCModeller/analysis/Metagenome/Metagenome/Metagenome.NET5.vbproj,Kmers/Classifier/Classifier.vb,102,19,17,66,1,0,3,1,0,3763,3.76 KB
G:/GCModeller/src/GCModeller/analysis/Metagenome/Metagenome/Metagenome.NET5.vbproj,Kmers/Classifier/SequenceHit.vb,31,0,7,24,1,5,2,1,0,842,842 B
G:/GCModeller/src/GCModeller/analysis/Metagenome/Metagenome/Metagenome.NET5.vbproj,Kmers/Drivers/DatabaseReader.vb,16,4,4,8,1,1,0,3,0,538,538 B
G:/GCModeller/src/GCModeller/analysis/Metagenome/Metagenome/Metagenome.NET5.vbproj,Kmers/Drivers/DatabaseWriter.vb,25,10,5,10,1,0,3,1,0,791,791 B
G:/GCModeller/src/GCModeller/analysis/Metagenome/Metagenome/Metagenome.NET5.vbproj,Kmers/Kraken2/Bracken.vb,37,3,7,27,1,8,0,2,0,1326,1.33 KB
G:/GCModeller/src/GCModeller/analysis/Metagenome/Metagenome/Metagenome.NET5.vbproj,Kmers/Kraken2/KrakenOutputRecord.vb,124,38,16,70,1,8,1,4,0,5415,5.42 KB
G:/GCModeller/src/GCModeller/analysis/Metagenome/Metagenome/Metagenome.NET5.vbproj,Kmers/Kraken2/KrakenParser.vb,84,14,15,55,1,0,0,2,0,3632,3.63 KB
G:/GCModeller/src/GCModeller/analysis/Metagenome/Metagenome/Metagenome.NET5.vbproj,Kmers/Kraken2/KrakenReportRecord.vb,80,42,9,29,1,7,0,3,0,3305,3.31 KB
G:/GCModeller/src/GCModeller/analysis/Metagenome/Metagenome/Metagenome.NET5.vbproj,Kmers/Kraken2/KrakenReportTree.vb,100,18,18,64,2,0,2,3,0,4406,4.41 KB
G:/GCModeller/src/GCModeller/analysis/Metagenome/Metagenome/Metagenome.NET5.vbproj,Kmers/Kraken2/ReportFilter.vb,119,35,18,66,1,0,1,2,0,6290,6.29 KB
G:/GCModeller/src/GCModeller/analysis/Metagenome/Metagenome/Metagenome.NET5.vbproj,Tools/BEBaC/3-mer.vb,186,27,31,128,2,1,1,3,0,5034,5.03 KB
G:/GCModeller/src/GCModeller/analysis/Metagenome/Metagenome/Metagenome.NET5.vbproj,Tools/BEBaC/CrudeClustering.vb,61,45,5,11,1,0,0,2,0,3004,3.00 KB
G:/GCModeller/src/GCModeller/analysis/Metagenome/Metagenome/Metagenome.NET5.vbproj,Tools/BEBaC/Model.vb,30,0,6,24,2,4,0,1,0,897,897 B
G:/GCModeller/src/GCModeller/analysis/Metagenome/Metagenome/Metagenome.NET5.vbproj,Tools/BEBaC/PosteriorProbability.vb,63,26,9,28,1,0,0,4,0,2384,2.38 KB
G:/GCModeller/src/GCModeller/analysis/Metagenome/Metagenome/Metagenome.NET5.vbproj,Tools/gast/ARGV.vb,142,88,7,47,1,17,1,1,0,5569,5.57 KB
G:/GCModeller/src/GCModeller/analysis/Metagenome/Metagenome/Metagenome.NET5.vbproj,Tools/gast/Gast.vb,528,152,101,275,1,3,1,4,0,24187,24.19 KB
G:/GCModeller/src/GCModeller/analysis/Metagenome/Metagenome/Metagenome.NET5.vbproj,Tools/gast/gast_tools.vb,249,22,45,182,1,0,0,7,0,10110,10.11 KB
G:/GCModeller/src/GCModeller/analysis/Metagenome/Metagenome/Metagenome.NET5.vbproj,Tools/gast/Models.vb,75,26,8,41,2,19,0,2,0,2709,2.71 KB
G:/GCModeller/src/GCModeller/analysis/Metagenome/Metagenome/Metagenome.NET5.vbproj,Tools/gast/subs.vb,28,3,5,20,1,0,1,0,0,865,865 B
G:/GCModeller/src/GCModeller/analysis/Metagenome/Metagenome/Metagenome.NET5.vbproj,Tools/gast/Taxonomy.vb,249,80,32,137,1,2,5,6,0,8636,8.64 KB
G:/GCModeller/src/GCModeller/analysis/Metagenome/Metagenome/Metagenome.NET5.vbproj,Tools/greengenes/Extensions.vb,148,33,14,101,1,0,0,3,0,6332,6.33 KB
G:/GCModeller/src/GCModeller/analysis/Metagenome/Metagenome/Metagenome.NET5.vbproj,Tools/greengenes/otu_taxonomy.vb,59,11,9,39,1,2,0,4,0,2062,2.06 KB
G:/GCModeller/src/GCModeller/analysis/Metagenome/Metagenome/Metagenome.NET5.vbproj,Tools/Mothur/Extensions.vb,35,0,3,32,1,0,0,1,0,1336,1.34 KB
G:/GCModeller/src/GCModeller/analysis/Metagenome/Metagenome/Metagenome.NET5.vbproj,Tools/Mothur/MothurRankTree.vb,130,7,23,100,2,9,1,3,0,4376,4.38 KB
G:/GCModeller/src/GCModeller/analysis/Metagenome/Metagenome/Metagenome.NET5.vbproj,Tools/Mothur/SILVA_OTU.vb,76,18,8,50,1,0,0,3,0,2920,2.92 KB
G:/GCModeller/src/GCModeller/analysis/Metagenome/Metagenome/Metagenome.NET5.vbproj,Kmers/Classifier/Database/KmersDatabase.vb,100,22,21,57,1,1,3,4,0,3983,3.98 KB
G:/GCModeller/src/GCModeller/analysis/Metagenome/Metagenome/Metagenome.NET5.vbproj,Kmers/Classifier/Database/KmerSeed.vb,83,35,14,34,3,12,0,3,0,2454,2.45 KB
G:/GCModeller/src/GCModeller/analysis/Metagenome/Metagenome/Metagenome.NET5.vbproj,Kmers/Classifier/Database/KmerWriter.vb,235,39,42,154,1,0,7,6,0,9884,9.88 KB
G:/GCModeller/src/GCModeller/analysis/Metagenome/Metagenome/Metagenome.NET5.vbproj,Tools/gast/TaxonomyTree/TaxonomyConsensus.vb,138,19,29,90,1,0,0,1,0,5680,5.68 KB
G:/GCModeller/src/GCModeller/analysis/Metagenome/Metagenome/Metagenome.NET5.vbproj,Tools/gast/TaxonomyTree/TaxonomySort.vb,32,0,7,25,1,3,0,1,0,852,852 B
G:/GCModeller/src/GCModeller/analysis/Metagenome/Metagenome/Metagenome.NET5.vbproj,Tools/gast/TaxonomyTree/TaxonomyTree.vb,86,15,17,54,1,5,3,4,0,3004,3.00 KB
G:/GCModeller/src/GCModeller/analysis/Metagenome/Metagenome/Metagenome.NET5.vbproj,Tools/gast/TaxonomyTree/TreeBuilder.vb,98,9,17,72,1,0,1,1,0,3777,3.78 KB
G:/GCModeller/src/GCModeller/analysis/Metagenome/Metagenome/Metagenome.NET5.vbproj,Tools/gast/TaxonomyTree/TreePopulator.vb,33,0,6,27,1,0,0,2,0,1063,1.06 KB
G:/GCModeller/src/GCModeller/analysis/Metagenome/Metagenome/Metagenome.NET5.vbproj,<project>,9141,2019,1453,5669,86,186,79,238,0,373404,373.40 KB
G:/GCModeller/src/GCModeller/analysis/Microarray/Microarray.NET5.vbproj,DEGDesigner.vb,472,66,57,349,7,3,4,10,0,19100,19.10 KB
G:/GCModeller/src/GCModeller/analysis/Microarray/Microarray.NET5.vbproj,DEGProfiling.vb,85,14,12,59,1,0,0,3,0,3322,3.32 KB
G:/GCModeller/src/GCModeller/analysis/Microarray/Microarray.NET5.vbproj,OmicsScatter2D.vb,159,19,12,128,1,0,0,2,0,6779,6.78 KB
G:/GCModeller/src/GCModeller/analysis/Microarray/Microarray.NET5.vbproj,PolarScalePlot.vb,28,11,5,12,1,0,0,1,0,960,960 B
G:/GCModeller/src/GCModeller/analysis/Microarray/Microarray.NET5.vbproj,Type.vb,14,9,0,5,1,0,0,0,0,259,259 B
G:/GCModeller/src/GCModeller/analysis/Microarray/Microarray.NET5.vbproj,CausalModeling/CausalModel.vb,87,5,17,65,3,7,2,5,0,3337,3.34 KB
G:/GCModeller/src/GCModeller/analysis/Microarray/Microarray.NET5.vbproj,CausalModeling/LatentDefinition.vb,122,44,16,62,1,4,1,2,0,5571,5.57 KB
G:/GCModeller/src/GCModeller/analysis/Microarray/Microarray.NET5.vbproj,CausalModeling/LatentSymbol.vb,54,0,9,45,1,3,0,4,0,2174,2.17 KB
G:/GCModeller/src/GCModeller/analysis/Microarray/Microarray.NET5.vbproj,CausalModeling/MeasurementModels.vb,29,23,1,5,1,0,0,0,0,911,911 B
G:/GCModeller/src/GCModeller/analysis/Microarray/Microarray.NET5.vbproj,CausalModeling/PathCoefficient.vb,371,124,33,214,4,26,0,12,0,15292,15.29 KB
G:/GCModeller/src/GCModeller/analysis/Microarray/Microarray.NET5.vbproj,CausalModeling/PLSPM.vb,819,86,95,638,3,25,4,5,0,34150,34.15 KB
G:/GCModeller/src/GCModeller/analysis/Microarray/Microarray.NET5.vbproj,CausalModeling/ResultModels.vb,117,54,11,52,2,11,0,3,0,4766,4.77 KB
G:/GCModeller/src/GCModeller/analysis/Microarray/Microarray.NET5.vbproj,CausalModeling/SEM.vb,724,110,91,523,3,29,5,10,0,30200,30.20 KB
G:/GCModeller/src/GCModeller/analysis/Microarray/Microarray.NET5.vbproj,CausalModeling/Statistics.vb,394,48,42,304,2,9,0,18,0,13616,13.62 KB
G:/GCModeller/src/GCModeller/analysis/Microarray/Microarray.NET5.vbproj,Correlation/CorrelationComputation.vb,1089,285,152,652,9,0,0,30,0,41660,41.66 KB
G:/GCModeller/src/GCModeller/analysis/Microarray/Microarray.NET5.vbproj,Correlation/CrossCorrelationCalculator.vb,153,36,22,95,2,0,0,6,0,6397,6.40 KB
G:/GCModeller/src/GCModeller/analysis/Microarray/Microarray.NET5.vbproj,Correlation/MIC.vb,541,134,81,326,3,0,0,13,0,20485,20.48 KB
G:/GCModeller/src/GCModeller/analysis/Microarray/Microarray.NET5.vbproj,Correlation/SpearmanMIC.vb,361,113,37,211,5,0,0,4,0,16393,16.39 KB
G:/GCModeller/src/GCModeller/analysis/Microarray/Microarray.NET5.vbproj,Data/DataSimulation.vb,70,11,11,48,1,0,0,1,0,2854,2.85 KB
G:/GCModeller/src/GCModeller/analysis/Microarray/Microarray.NET5.vbproj,Enrichment/DAVID.vb,104,5,15,84,2,14,0,4,0,4542,4.54 KB
G:/GCModeller/src/GCModeller/analysis/Microarray/Microarray.NET5.vbproj,Enrichment/GSEA.vb,66,14,5,47,1,0,0,4,0,2785,2.79 KB
G:/GCModeller/src/GCModeller/analysis/Microarray/Microarray.NET5.vbproj,Enrichment/IGO_term.vb,26,4,8,14,3,8,0,0,0,502,502 B
G:/GCModeller/src/GCModeller/analysis/Microarray/Microarray.NET5.vbproj,Enrichment/KEGGPathwayMap.vb,226,41,26,159,1,0,0,5,0,8989,8.99 KB
G:/GCModeller/src/GCModeller/analysis/Microarray/Microarray.NET5.vbproj,MixOmics/DataExtensions.vb,48,0,8,40,1,0,0,2,0,1759,1.76 KB
G:/GCModeller/src/GCModeller/analysis/Microarray/Microarray.NET5.vbproj,MixOmics/NearZeroVarAnalyzer.vb,125,29,27,69,1,0,0,2,0,4971,4.97 KB
G:/GCModeller/src/GCModeller/analysis/Microarray/Microarray.NET5.vbproj,OmicsGraph/Encoder.vb,141,23,24,94,1,0,0,4,0,5072,5.07 KB
G:/GCModeller/src/GCModeller/analysis/Microarray/Microarray.NET5.vbproj,Enrichment/KOBAS/EnrichmentTerm.vb,78,39,11,28,1,10,0,1,0,2621,2.62 KB
G:/GCModeller/src/GCModeller/analysis/Microarray/Microarray.NET5.vbproj,Enrichment/KOBAS/KOBAS.vb,98,13,15,70,1,0,1,4,0,3910,3.91 KB
G:/GCModeller/src/GCModeller/analysis/Microarray/Microarray.NET5.vbproj,Enrichment/KOBAS/Measure.vb,64,7,8,49,1,0,0,3,0,2713,2.71 KB
G:/GCModeller/src/GCModeller/analysis/Microarray/Microarray.NET5.vbproj,MixOmics/DIABLO/DIABLO_Analysis.vb,2578,549,321,1708,19,11,11,57,6,101768,101.77 KB
G:/GCModeller/src/GCModeller/analysis/Microarray/Microarray.NET5.vbproj,MixOmics/DIABLO/NamespaceDoc.vb,302,301,1,0,0,0,0,0,0,10784,10.78 KB
G:/GCModeller/src/GCModeller/analysis/Microarray/Microarray.NET5.vbproj,MixOmics/IMMO/IMMO.vb,823,207,150,466,6,37,4,15,0,32611,32.61 KB
G:/GCModeller/src/GCModeller/analysis/Microarray/Microarray.NET5.vbproj,MixOmics/IMMO/Layers.vb,799,159,107,533,10,5,13,33,0,28874,28.87 KB
G:/GCModeller/src/GCModeller/analysis/Microarray/Microarray.NET5.vbproj,MixOmics/MOFA/MOFA.vb,977,277,137,563,3,34,14,8,0,40119,40.12 KB
G:/GCModeller/src/GCModeller/analysis/Microarray/Microarray.NET5.vbproj,<project>,12144,2860,1567,7717,102,236,59,271,6,480246,480.25 KB
G:/GCModeller/src/GCModeller/analysis/Microarray/test/test.vbproj,DIABLO_Analysis_Example.vb,290,45,32,213,1,0,1,0,0,13144,13.14 KB
G:/GCModeller/src/GCModeller/analysis/Microarray/test/test.vbproj,IMMODemo.vb,334,59,47,228,1,0,3,1,0,15384,15.38 KB
G:/GCModeller/src/GCModeller/analysis/Microarray/test/test.vbproj,MOFAExample.vb,308,45,31,232,2,0,2,2,0,13720,13.72 KB
G:/GCModeller/src/GCModeller/analysis/Microarray/test/test.vbproj,Program.vb,8,2,1,5,1,0,1,0,0,163,163 B
G:/GCModeller/src/GCModeller/analysis/Microarray/test/test.vbproj,SEM/DataGenerator.vb,236,62,25,149,1,0,1,8,0,10185,10.19 KB
G:/GCModeller/src/GCModeller/analysis/Microarray/test/test.vbproj,SEM/Program.vb,255,38,34,183,2,1,7,4,0,12171,12.17 KB
G:/GCModeller/src/GCModeller/analysis/Microarray/test/test.vbproj,<project>,1431,251,170,1010,8,1,15,15,0,64767,64.77 KB
G:/GCModeller/src/GCModeller/analysis/Motifs/MotifGraph/MotifGraph.vbproj,Builder.vb,68,3,12,53,1,0,0,4,0,2639,2.64 KB
G:/GCModeller/src/GCModeller/analysis/Motifs/MotifGraph/MotifGraph.vbproj,DistanceGraph.vb,64,8,9,47,1,0,0,3,0,1985,1.99 KB
G:/GCModeller/src/GCModeller/analysis/Motifs/MotifGraph/MotifGraph.vbproj,GraphMatrix.vb,40,0,10,30,1,0,0,2,0,1397,1.40 KB
G:/GCModeller/src/GCModeller/analysis/Motifs/MotifGraph/MotifGraph.vbproj,SequenceGraph.vb,120,26,22,72,1,7,0,2,0,3779,3.78 KB
G:/GCModeller/src/GCModeller/analysis/Motifs/MotifGraph/MotifGraph.vbproj,MotifTree/MotifComparison.vb,44,0,9,35,1,1,1,3,0,1565,1.56 KB
G:/GCModeller/src/GCModeller/analysis/Motifs/MotifGraph/MotifGraph.vbproj,MotifTree/MotifTree.vb,20,0,6,14,1,0,0,1,0,699,699 B
G:/GCModeller/src/GCModeller/analysis/Motifs/MotifGraph/MotifGraph.vbproj,<project>,356,37,68,251,6,8,1,15,0,12064,12.06 KB
G:/GCModeller/src/GCModeller/analysis/Motifs/MotifGraph/test/test.vbproj,Program.vb,17,0,3,14,1,0,1,0,0,549,549 B
G:/GCModeller/src/GCModeller/analysis/Motifs/MotifGraph/test/test.vbproj,<project>,17,0,3,14,1,0,1,0,0,549,549 B
G:/GCModeller/src/GCModeller/analysis/Motifs/PrimerDesigner/PrimerDesigner.vbproj,CandidateRegion.vb,184,34,31,119,1,10,1,1,0,8836,8.84 KB
G:/GCModeller/src/GCModeller/analysis/Motifs/PrimerDesigner/PrimerDesigner.vbproj,Designer.vb,30,16,3,11,1,0,0,2,0,1745,1.75 KB
G:/GCModeller/src/GCModeller/analysis/Motifs/PrimerDesigner/PrimerDesigner.vbproj,PrimerCoverage.vb,75,7,14,54,1,7,0,2,0,3240,3.24 KB
G:/GCModeller/src/GCModeller/analysis/Motifs/PrimerDesigner/PrimerDesigner.vbproj,My Project/Resources.Designer.vb,235,117,21,97,1,15,0,0,0,16158,16.16 KB
G:/GCModeller/src/GCModeller/analysis/Motifs/PrimerDesigner/PrimerDesigner.vbproj,Profiles/DeletionMutations.vb,3,0,1,2,1,0,0,0,0,43,43 B
G:/GCModeller/src/GCModeller/analysis/Motifs/PrimerDesigner/PrimerDesigner.vbproj,Profiles/Primer.vb,90,18,13,59,1,12,1,0,0,2591,2.59 KB
G:/GCModeller/src/GCModeller/analysis/Motifs/PrimerDesigner/PrimerDesigner.vbproj,Profiles/ProteinExpression.vb,3,0,1,2,1,0,0,0,0,43,43 B
G:/GCModeller/src/GCModeller/analysis/Motifs/PrimerDesigner/PrimerDesigner.vbproj,Profiles/SearchProfile.vb,12,0,0,12,1,10,0,0,0,445,445 B
G:/GCModeller/src/GCModeller/analysis/Motifs/PrimerDesigner/PrimerDesigner.vbproj,Restriction_enzyme/Enzyme.vb,165,90,15,60,3,12,0,4,0,8590,8.59 KB
G:/GCModeller/src/GCModeller/analysis/Motifs/PrimerDesigner/PrimerDesigner.vbproj,Restriction_enzyme/Slicer.vb,119,4,21,94,1,0,1,3,0,4834,4.83 KB
G:/GCModeller/src/GCModeller/analysis/Motifs/PrimerDesigner/PrimerDesigner.vbproj,Restriction_enzyme/TranslatePatterns.vb,78,6,15,57,1,0,0,3,0,2629,2.63 KB
G:/GCModeller/src/GCModeller/analysis/Motifs/PrimerDesigner/PrimerDesigner.vbproj,Restriction_enzyme/WikiLoader.vb,102,8,15,79,2,6,0,5,0,3817,3.82 KB
G:/GCModeller/src/GCModeller/analysis/Motifs/PrimerDesigner/PrimerDesigner.vbproj,<project>,1096,300,150,646,15,72,3,20,0,52971,52.97 KB
G:/GCModeller/src/GCModeller/analysis/Motifs/PrimerDesigner/test/test.vbproj,Program.vb,40,1,9,30,1,0,3,0,0,1314,1.31 KB
G:/GCModeller/src/GCModeller/analysis/Motifs/PrimerDesigner/test/test.vbproj,<project>,40,1,9,30,1,0,3,0,0,1314,1.31 KB
G:/GCModeller/src/GCModeller/analysis/Motifs/VirtualFootprint/VirtualFootprint.vbproj,Extensions.vb,187,22,26,139,1,0,0,7,0,8659,8.66 KB
G:/GCModeller/src/GCModeller/analysis/Motifs/VirtualFootprint/VirtualFootprint.vbproj,IEquals.vb,81,24,7,50,3,0,0,5,0,3156,3.16 KB
G:/GCModeller/src/GCModeller/analysis/Motifs/VirtualFootprint/VirtualFootprint.vbproj,KEGGRegulon.vb,17,0,3,14,1,8,0,1,0,500,500 B
G:/GCModeller/src/GCModeller/analysis/Motifs/VirtualFootprint/VirtualFootprint.vbproj,ModuleClassAPI.vb,39,0,8,31,1,0,0,3,0,1492,1.49 KB
G:/GCModeller/src/GCModeller/analysis/Motifs/VirtualFootprint/VirtualFootprint.vbproj,RegPreciseScan.vb,72,5,10,57,1,0,1,3,0,3041,3.04 KB
G:/GCModeller/src/GCModeller/analysis/Motifs/VirtualFootprint/VirtualFootprint.vbproj,RegulatesFootprints.vb,208,78,28,102,2,16,0,6,2,7323,7.32 KB
G:/GCModeller/src/GCModeller/analysis/Motifs/VirtualFootprint/VirtualFootprint.vbproj,Regulon.vb,120,3,11,106,1,8,0,5,0,5507,5.51 KB
G:/GCModeller/src/GCModeller/analysis/Motifs/VirtualFootprint/VirtualFootprint.vbproj,VirtualFootprint.vb,119,61,15,43,1,9,0,2,0,4478,4.48 KB
G:/GCModeller/src/GCModeller/analysis/Motifs/VirtualFootprint/VirtualFootprint.vbproj,<project>,843,193,108,542,11,41,1,32,2,34156,34.16 KB
G:/GCModeller/src/GCModeller/analysis/OperonMapper/OperonMapper.vbproj,OperonHmmer.vb,283,64,34,185,1,0,0,5,0,13015,13.02 KB
G:/GCModeller/src/GCModeller/analysis/OperonMapper/OperonMapper.vbproj,Alignment/AnnotatedOperon.vb,42,21,4,17,1,11,0,1,0,1340,1.34 KB
G:/GCModeller/src/GCModeller/analysis/OperonMapper/OperonMapper.vbproj,Alignment/OperonAnnotator.vb,209,32,24,153,1,0,0,3,0,9574,9.57 KB
G:/GCModeller/src/GCModeller/analysis/OperonMapper/OperonMapper.vbproj,Alignment/OperonType.vb,9,3,1,5,1,0,0,0,0,182,182 B
G:/GCModeller/src/GCModeller/analysis/OperonMapper/OperonMapper.vbproj,My Project/Resources.Designer.vb,77,31,9,37,1,3,0,0,0,3753,3.75 KB
G:/GCModeller/src/GCModeller/analysis/OperonMapper/OperonMapper.vbproj,NTCluster/FingerprintMatrixWriter.vb,52,10,10,32,1,0,4,1,0,1877,1.88 KB
G:/GCModeller/src/GCModeller/analysis/OperonMapper/OperonMapper.vbproj,NTCluster/NTCluster.vb,58,0,9,49,1,8,0,2,0,2346,2.35 KB
G:/GCModeller/src/GCModeller/analysis/OperonMapper/OperonMapper.vbproj,NTCluster/NTTree.vb,63,0,12,51,1,0,2,3,0,1876,1.88 KB
G:/GCModeller/src/GCModeller/analysis/OperonMapper/OperonMapper.vbproj,ODB/ODBOperon.vb,66,15,9,42,1,6,2,3,0,2172,2.17 KB
G:/GCModeller/src/GCModeller/analysis/OperonMapper/OperonMapper.vbproj,OperonPrediction/FeatureScores.vb,50,27,8,15,1,11,0,0,0,1955,1.96 KB
G:/GCModeller/src/GCModeller/analysis/OperonMapper/OperonMapper.vbproj,OperonPrediction/GeneInfo.vb,68,43,5,20,2,9,0,0,0,2313,2.31 KB
G:/GCModeller/src/GCModeller/analysis/OperonMapper/OperonMapper.vbproj,OperonPrediction/GenomeInfo.vb,66,20,10,36,1,4,0,2,0,2465,2.46 KB
G:/GCModeller/src/GCModeller/analysis/OperonMapper/OperonMapper.vbproj,OperonPrediction/OperonPredictionFeatures.vb,416,174,47,195,1,0,2,10,0,22117,22.12 KB
G:/GCModeller/src/GCModeller/analysis/OperonMapper/OperonMapper.vbproj,Resources/Data.Designer.vb,77,26,10,41,1,3,1,0,0,3364,3.36 KB
G:/GCModeller/src/GCModeller/analysis/OperonMapper/OperonMapper.vbproj,<project>,1536,466,192,878,15,55,11,30,0,68349,68.35 KB
G:/GCModeller/src/GCModeller/analysis/ProteinTools/ProteinMatrix/ProteinMatrix.vbproj,CDHitFamilyExport.vb,142,38,18,86,1,0,0,3,0,7017,7.02 KB
G:/GCModeller/src/GCModeller/analysis/ProteinTools/ProteinMatrix/ProteinMatrix.vbproj,CreateMatrix.vb,69,13,11,45,1,1,1,3,0,2247,2.25 KB
G:/GCModeller/src/GCModeller/analysis/ProteinTools/ProteinMatrix/ProteinMatrix.vbproj,EnzymeGenerator.vb,63,2,13,48,1,0,1,2,0,2260,2.26 KB
G:/GCModeller/src/GCModeller/analysis/ProteinTools/ProteinMatrix/ProteinMatrix.vbproj,FamilyExports.vb,25,8,5,12,2,8,0,0,0,616,616 B
G:/GCModeller/src/GCModeller/analysis/ProteinTools/ProteinMatrix/ProteinMatrix.vbproj,GenomeMetabolicEmbedding.vb,86,4,15,67,1,0,3,4,0,3063,3.06 KB
G:/GCModeller/src/GCModeller/analysis/ProteinTools/ProteinMatrix/ProteinMatrix.vbproj,KmerTFIDFVectorizer.vb,48,5,10,33,1,0,3,2,0,1391,1.39 KB
G:/GCModeller/src/GCModeller/analysis/ProteinTools/ProteinMatrix/ProteinMatrix.vbproj,MorganFingerprint.vb,33,7,6,20,1,0,1,2,0,1116,1.12 KB
G:/GCModeller/src/GCModeller/analysis/ProteinTools/ProteinMatrix/ProteinMatrix.vbproj,FamilyCluster/ApproxKnnBuilder.vb,137,19,28,90,1,0,4,2,0,5601,5.60 KB
G:/GCModeller/src/GCModeller/analysis/ProteinTools/ProteinMatrix/ProteinMatrix.vbproj,FamilyCluster/BlockLouvain.vb,145,22,26,97,1,0,3,3,0,6586,6.59 KB
G:/GCModeller/src/GCModeller/analysis/ProteinTools/ProteinMatrix/ProteinMatrix.vbproj,FamilyCluster/ClusteringResult.vb,189,69,25,95,1,13,0,6,0,8042,8.04 KB
G:/GCModeller/src/GCModeller/analysis/ProteinTools/ProteinMatrix/ProteinMatrix.vbproj,FamilyCluster/KmerVocabulary.vb,299,82,45,172,2,7,2,5,0,13549,13.55 KB
G:/GCModeller/src/GCModeller/analysis/ProteinTools/ProteinMatrix/ProteinMatrix.vbproj,FamilyCluster/ProteinFamily.vb,44,18,8,18,1,5,0,1,0,1528,1.53 KB
G:/GCModeller/src/GCModeller/analysis/ProteinTools/ProteinMatrix/ProteinMatrix.vbproj,FamilyCluster/ProteinFamilyClustering.vb,318,72,44,202,1,6,0,8,0,14862,14.86 KB
G:/GCModeller/src/GCModeller/analysis/ProteinTools/ProteinMatrix/ProteinMatrix.vbproj,FamilyCluster/SparseVectorWriter.vb,155,29,25,101,1,2,5,3,0,6615,6.62 KB
G:/GCModeller/src/GCModeller/analysis/ProteinTools/ProteinMatrix/ProteinMatrix.vbproj,FamilyCluster/StreamingClustering.vb,250,36,49,165,1,8,3,4,0,11936,11.94 KB
G:/GCModeller/src/GCModeller/analysis/ProteinTools/ProteinMatrix/ProteinMatrix.vbproj,FamilyCluster/SvdBlockReducer.vb,128,17,22,89,1,0,3,3,0,5652,5.65 KB
G:/GCModeller/src/GCModeller/analysis/ProteinTools/ProteinMatrix/ProteinMatrix.vbproj,Kmer/KmerEdge.vb,16,0,5,11,1,3,0,1,0,454,454 B
G:/GCModeller/src/GCModeller/analysis/ProteinTools/ProteinMatrix/ProteinMatrix.vbproj,Kmer/KMerGraph.vb,112,13,18,81,1,2,1,5,0,4495,4.50 KB
G:/GCModeller/src/GCModeller/analysis/ProteinTools/ProteinMatrix/ProteinMatrix.vbproj,Kmer/KmerNode.vb,16,0,5,11,1,3,0,1,0,514,514 B
G:/GCModeller/src/GCModeller/analysis/ProteinTools/ProteinMatrix/ProteinMatrix.vbproj,Linclust/CascadeFilter.vb,122,31,17,74,2,0,0,2,0,5077,5.08 KB
G:/GCModeller/src/GCModeller/analysis/ProteinTools/ProteinMatrix/ProteinMatrix.vbproj,Linclust/ClusterExporter.vb,118,30,23,65,1,0,0,1,0,5363,5.36 KB
G:/GCModeller/src/GCModeller/analysis/ProteinTools/ProteinMatrix/ProteinMatrix.vbproj,Linclust/ClusterResult.vb,63,30,4,29,3,14,0,1,0,2979,2.98 KB
G:/GCModeller/src/GCModeller/analysis/ProteinTools/ProteinMatrix/ProteinMatrix.vbproj,Linclust/GreedyCover.vb,99,22,15,62,1,0,0,1,0,4494,4.49 KB
G:/GCModeller/src/GCModeller/analysis/ProteinTools/ProteinMatrix/ProteinMatrix.vbproj,Linclust/KmerTable.vb,132,36,22,74,3,2,0,3,0,5491,5.49 KB
G:/GCModeller/src/GCModeller/analysis/ProteinTools/ProteinMatrix/ProteinMatrix.vbproj,Linclust/Linclust.vb,215,44,38,133,1,0,0,5,0,9698,9.70 KB
G:/GCModeller/src/GCModeller/analysis/ProteinTools/ProteinMatrix/ProteinMatrix.vbproj,Linclust/ReducedAlphabet.vb,97,36,15,46,1,1,1,2,0,3423,3.42 KB
G:/GCModeller/src/GCModeller/analysis/ProteinTools/ProteinMatrix/ProteinMatrix.vbproj,Linclust/RollingHash.vb,117,38,21,58,3,0,1,4,0,4561,4.56 KB
G:/GCModeller/src/GCModeller/analysis/ProteinTools/ProteinMatrix/ProteinMatrix.vbproj,<project>,3238,721,533,1984,36,75,32,77,0,138630,138.63 KB
G:/GCModeller/src/GCModeller/analysis/ProteinTools/ProteinMatrix/test/test.vbproj,CDHitDemo.vb,123,35,22,66,1,0,1,3,0,5393,5.39 KB
G:/GCModeller/src/GCModeller/analysis/ProteinTools/ProteinMatrix/test/test.vbproj,LinclustDemo.vb,348,73,57,218,1,0,7,3,0,16938,16.94 KB
G:/GCModeller/src/GCModeller/analysis/ProteinTools/ProteinMatrix/test/test.vbproj,Program.vb,187,18,35,134,1,0,4,0,0,7737,7.74 KB
G:/GCModeller/src/GCModeller/analysis/ProteinTools/ProteinMatrix/test/test.vbproj,<project>,658,126,114,418,3,0,12,6,0,30068,30.07 KB
G:/GCModeller/src/GCModeller/analysis/RNA-Seq/RNAExpression/RNAExpression.vbproj,ExpressionMatrix.vb,77,8,8,61,1,0,0,4,0,3391,3.39 KB
G:/GCModeller/src/GCModeller/analysis/RNA-Seq/RNAExpression/RNAExpression.vbproj,<project>,77,8,8,61,1,0,0,4,0,3391,3.39 KB
G:/GCModeller/src/GCModeller/analysis/RNA-Seq/WGCNA/WGCNA.vbproj,ClusterModuleResult.vb,33,11,4,18,1,3,0,1,0,1159,1.16 KB
G:/GCModeller/src/GCModeller/analysis/RNA-Seq/WGCNA/WGCNA.vbproj,Rscript.vb,255,49,21,185,1,0,0,6,0,15042,15.04 KB
G:/GCModeller/src/GCModeller/analysis/RNA-Seq/WGCNA/WGCNA.vbproj,WGCNAModules.vb,64,18,5,41,1,0,0,2,0,2843,2.84 KB
G:/GCModeller/src/GCModeller/analysis/RNA-Seq/WGCNA/WGCNA.vbproj,Network/CExprMods.vb,40,12,7,21,1,3,0,2,0,1326,1.33 KB
G:/GCModeller/src/GCModeller/analysis/RNA-Seq/WGCNA/WGCNA.vbproj,Network/WeightNode.vb,66,8,8,50,1,6,0,4,0,2548,2.55 KB
G:/GCModeller/src/GCModeller/analysis/RNA-Seq/WGCNA/WGCNA.vbproj,Network/WGCNA.vb,150,32,20,98,1,1,1,8,0,5845,5.84 KB
G:/GCModeller/src/GCModeller/analysis/RNA-Seq/WGCNA/WGCNA.vbproj,<project>,608,130,65,413,6,13,1,23,0,28763,28.76 KB
G:/GCModeller/src/GCModeller/analysis/SequenceToolkit/ClusterMatrix/SeqFeature.NET5.vbproj,Clusters.vb,39,5,5,29,1,0,1,1,0,1341,1.34 KB
G:/GCModeller/src/GCModeller/analysis/SequenceToolkit/ClusterMatrix/SeqFeature.NET5.vbproj,CoreTree.vb,117,11,19,87,3,5,1,3,0,4215,4.21 KB
G:/GCModeller/src/GCModeller/analysis/SequenceToolkit/ClusterMatrix/SeqFeature.NET5.vbproj,Matrix/Matrix.vb,10,3,1,6,2,0,0,0,0,207,207 B
G:/GCModeller/src/GCModeller/analysis/SequenceToolkit/ClusterMatrix/SeqFeature.NET5.vbproj,Matrix/NeedlemanWunsch.vb,74,0,11,63,1,0,0,3,0,2735,2.73 KB
G:/GCModeller/src/GCModeller/analysis/SequenceToolkit/ClusterMatrix/SeqFeature.NET5.vbproj,Matrix/SmithWaterman.vb,25,0,3,22,1,0,0,1,0,924,924 B
G:/GCModeller/src/GCModeller/analysis/SequenceToolkit/ClusterMatrix/SeqFeature.NET5.vbproj,My Project/Application.Designer.vb,12,9,1,2,0,0,0,0,0,434,434 B
G:/GCModeller/src/GCModeller/analysis/SequenceToolkit/ClusterMatrix/SeqFeature.NET5.vbproj,My Project/AssemblyInfo.vb,35,15,7,13,0,0,0,0,0,1233,1.23 KB
G:/GCModeller/src/GCModeller/analysis/SequenceToolkit/ClusterMatrix/SeqFeature.NET5.vbproj,My Project/Resources.Designer.vb,63,23,8,32,1,2,0,0,0,2817,2.82 KB
G:/GCModeller/src/GCModeller/analysis/SequenceToolkit/ClusterMatrix/SeqFeature.NET5.vbproj,My Project/Settings.Designer.vb,73,9,13,51,2,2,1,0,0,3050,3.05 KB
G:/GCModeller/src/GCModeller/analysis/SequenceToolkit/ClusterMatrix/SeqFeature.NET5.vbproj,<project>,448,75,68,305,11,9,3,8,0,16956,16.96 KB
G:/GCModeller/src/GCModeller/analysis/SequenceToolkit/DNA_Comparative/DNA_Comparative.netcoreapp.vbproj,GCOutlier.vb,104,13,15,76,3,5,0,3,0,3804,3.80 KB
G:/GCModeller/src/GCModeller/analysis/SequenceToolkit/DNA_Comparative/DNA_Comparative.netcoreapp.vbproj,IdentityResult.vb,127,19,19,89,1,2,0,4,0,4750,4.75 KB
G:/GCModeller/src/GCModeller/analysis/SequenceToolkit/DNA_Comparative/DNA_Comparative.netcoreapp.vbproj,DeltaSimilarity1998/DifferenceMeasurement.vb,161,52,22,87,1,0,0,8,0,8208,8.21 KB
G:/GCModeller/src/GCModeller/analysis/SequenceToolkit/DNA_Comparative/DNA_Comparative.netcoreapp.vbproj,DeltaSimilarity1998/GenomeSignatures.vb,127,58,8,61,1,0,0,5,0,5784,5.78 KB
G:/GCModeller/src/GCModeller/analysis/SequenceToolkit/DNA_Comparative/DNA_Comparative.netcoreapp.vbproj,DeltaSimilarity1998/NucleicAcid.vb,143,38,19,86,1,2,5,4,0,5326,5.33 KB
G:/GCModeller/src/GCModeller/analysis/SequenceToolkit/DNA_Comparative/DNA_Comparative.netcoreapp.vbproj,DeltaSimilarity1998/ReferenceRule.vb,118,33,12,73,1,2,0,4,0,4826,4.83 KB
G:/GCModeller/src/GCModeller/analysis/SequenceToolkit/DNA_Comparative/DNA_Comparative.netcoreapp.vbproj,DeltaSimilarity1998/SimilarDiscriptions.vb,53,28,8,17,1,0,0,0,0,2325,2.33 KB
G:/GCModeller/src/GCModeller/analysis/SequenceToolkit/DNA_Comparative/DNA_Comparative.netcoreapp.vbproj,ToolsAPI/ChromosomePartitioningEntry.vb,9,0,2,7,1,2,0,0,0,261,261 B
G:/GCModeller/src/GCModeller/analysis/SequenceToolkit/DNA_Comparative/DNA_Comparative.netcoreapp.vbproj,ToolsAPI/PartitioningData.vb,77,29,8,40,1,10,0,2,0,2427,2.43 KB
G:/GCModeller/src/GCModeller/analysis/SequenceToolkit/DNA_Comparative/DNA_Comparative.netcoreapp.vbproj,ToolsAPI/SegmentRenderData.vb,18,12,0,6,1,4,0,0,0,687,687 B
G:/GCModeller/src/GCModeller/analysis/SequenceToolkit/DNA_Comparative/DNA_Comparative.netcoreapp.vbproj,ToolsAPI/SiteSigma.vb,11,4,1,6,1,3,0,0,0,405,405 B
G:/GCModeller/src/GCModeller/analysis/SequenceToolkit/DNA_Comparative/DNA_Comparative.netcoreapp.vbproj,ToolsAPI/ToolsAPI.vb,233,21,23,189,2,0,0,10,0,12586,12.59 KB
G:/GCModeller/src/GCModeller/analysis/SequenceToolkit/DNA_Comparative/DNA_Comparative.netcoreapp.vbproj,DeltaSimilarity1998/CAI/CodonBiasVector.vb,57,20,8,29,1,0,0,4,0,1893,1.89 KB
G:/GCModeller/src/GCModeller/analysis/SequenceToolkit/DNA_Comparative/DNA_Comparative.netcoreapp.vbproj,DeltaSimilarity1998/CAI/CodonFrequency.vb,29,12,5,12,1,4,0,1,0,1051,1.05 KB
G:/GCModeller/src/GCModeller/analysis/SequenceToolkit/DNA_Comparative/DNA_Comparative.netcoreapp.vbproj,DeltaSimilarity1998/CAI/RelativeCodonBiases.vb,156,43,15,98,1,1,1,4,0,6608,6.61 KB
G:/GCModeller/src/GCModeller/analysis/SequenceToolkit/DNA_Comparative/DNA_Comparative.netcoreapp.vbproj,DeltaSimilarity1998/CAI/XML/CodonAdaptationIndex.vb,63,8,7,48,1,3,2,1,0,2191,2.19 KB
G:/GCModeller/src/GCModeller/analysis/SequenceToolkit/DNA_Comparative/DNA_Comparative.netcoreapp.vbproj,DeltaSimilarity1998/CAI/XML/CodonFrequency.vb,71,21,11,39,2,7,1,2,0,2358,2.36 KB
G:/GCModeller/src/GCModeller/analysis/SequenceToolkit/DNA_Comparative/DNA_Comparative.netcoreapp.vbproj,<project>,1557,411,183,963,21,45,9,52,0,65490,65.49 KB
G:/GCModeller/src/GCModeller/analysis/SequenceToolkit/DNA_Comparative/test/test.vbproj,Program.vb,7,0,1,6,1,0,1,0,0,134,134 B
G:/GCModeller/src/GCModeller/analysis/SequenceToolkit/DNA_Comparative/test/test.vbproj,<project>,7,0,1,6,1,0,1,0,0,134,134 B
G:/GCModeller/src/GCModeller/analysis/SequenceToolkit/gwANI/gwANI.NET5.vbproj,Const.vb,29,18,2,9,1,0,0,0,0,1221,1.22 KB
G:/GCModeller/src/GCModeller/analysis/SequenceToolkit/gwANI/gwANI.NET5.vbproj,gwANI.vb,284,108,36,140,1,0,4,2,0,11246,11.25 KB
G:/GCModeller/src/GCModeller/analysis/SequenceToolkit/gwANI/gwANI.NET5.vbproj,gwANIExtensions.vb,45,14,5,26,1,0,1,2,0,1656,1.66 KB
G:/GCModeller/src/GCModeller/analysis/SequenceToolkit/gwANI/gwANI.NET5.vbproj,gwANIPrinter.vb,49,3,10,36,1,0,3,0,0,1549,1.55 KB
G:/GCModeller/src/GCModeller/analysis/SequenceToolkit/gwANI/gwANI.NET5.vbproj,<project>,407,143,53,211,4,0,8,4,0,15672,15.67 KB
G:/GCModeller/src/GCModeller/analysis/SequenceToolkit/MotifFinder/MotifFinder.vbproj,MEMEMotifRepository.vb,38,3,6,29,1,1,2,1,0,1509,1.51 KB
G:/GCModeller/src/GCModeller/analysis/SequenceToolkit/MotifFinder/MotifFinder.vbproj,MotifTree.vb,208,53,22,133,1,0,0,7,0,8267,8.27 KB
G:/GCModeller/src/GCModeller/analysis/SequenceToolkit/MotifFinder/MotifFinder.vbproj,MSAMotif.vb,79,10,13,56,1,7,0,2,0,2577,2.58 KB
G:/GCModeller/src/GCModeller/analysis/SequenceToolkit/MotifFinder/MotifFinder.vbproj,PopulatorParameter.vb,84,16,10,58,1,9,3,3,0,2905,2.90 KB
G:/GCModeller/src/GCModeller/analysis/SequenceToolkit/MotifFinder/MotifFinder.vbproj,Protocol.vb,216,25,28,163,1,0,0,7,0,9010,9.01 KB
G:/GCModeller/src/GCModeller/analysis/SequenceToolkit/MotifFinder/MotifFinder.vbproj,PWMDatabase.vb,23,3,4,16,1,0,1,2,0,886,886 B
G:/GCModeller/src/GCModeller/analysis/SequenceToolkit/MotifFinder/MotifFinder.vbproj,ScanFile.vb,62,10,12,40,1,0,4,1,0,2272,2.27 KB
G:/GCModeller/src/GCModeller/analysis/SequenceToolkit/MotifFinder/MotifFinder.vbproj,SeedCluster.vb,105,18,14,73,1,0,0,3,0,3714,3.71 KB
G:/GCModeller/src/GCModeller/analysis/SequenceToolkit/MotifFinder/MotifFinder.vbproj,TrimMotif.vb,82,0,12,70,1,0,0,3,0,2720,2.72 KB
G:/GCModeller/src/GCModeller/analysis/SequenceToolkit/MotifFinder/MotifFinder.vbproj,VectorCompares.vb,24,0,6,18,1,0,0,2,0,681,681 B
G:/GCModeller/src/GCModeller/analysis/SequenceToolkit/MotifFinder/MotifFinder.vbproj,Consensus/ConsensusScanner.vb,111,23,14,74,1,0,2,5,0,5048,5.05 KB
G:/GCModeller/src/GCModeller/analysis/SequenceToolkit/MotifFinder/MotifFinder.vbproj,Consensus/ModelLoader.vb,64,34,11,19,2,0,0,3,0,2507,2.51 KB
G:/GCModeller/src/GCModeller/analysis/SequenceToolkit/MotifFinder/MotifFinder.vbproj,Gibbs/GibbsSampler.vb,385,96,56,233,1,2,1,14,0,15475,15.47 KB
G:/GCModeller/src/GCModeller/analysis/SequenceToolkit/MotifFinder/MotifFinder.vbproj,Gibbs/RunSample.vb,50,0,9,41,1,0,2,0,0,1850,1.85 KB
G:/GCModeller/src/GCModeller/analysis/SequenceToolkit/MotifFinder/MotifFinder.vbproj,Gibbs/Utils.vb,49,9,9,31,1,0,0,4,0,1603,1.60 KB
G:/GCModeller/src/GCModeller/analysis/SequenceToolkit/MotifFinder/MotifFinder.vbproj,Gibbs/Writer.vb,81,38,10,33,1,0,6,0,0,4006,4.01 KB
G:/GCModeller/src/GCModeller/analysis/SequenceToolkit/MotifFinder/MotifFinder.vbproj,Seeds/FullScan.vb,62,7,13,42,2,0,2,2,0,2245,2.25 KB
G:/GCModeller/src/GCModeller/analysis/SequenceToolkit/MotifFinder/MotifFinder.vbproj,Seeds/GibbsScan.vb,21,0,4,17,1,0,1,1,0,735,735 B
G:/GCModeller/src/GCModeller/analysis/SequenceToolkit/MotifFinder/MotifFinder.vbproj,Seeds/GraphScan.vb,40,0,9,31,1,0,1,2,0,1665,1.67 KB
G:/GCModeller/src/GCModeller/analysis/SequenceToolkit/MotifFinder/MotifFinder.vbproj,Seeds/GraphSeed.vb,157,19,26,112,2,5,0,7,0,5591,5.59 KB
G:/GCModeller/src/GCModeller/analysis/SequenceToolkit/MotifFinder/MotifFinder.vbproj,Seeds/MotifSeeds.vb,36,11,5,20,1,0,0,2,0,1521,1.52 KB
G:/GCModeller/src/GCModeller/analysis/SequenceToolkit/MotifFinder/MotifFinder.vbproj,Seeds/Scanners.vb,7,0,2,5,1,0,0,0,0,77,77 B
G:/GCModeller/src/GCModeller/analysis/SequenceToolkit/MotifFinder/MotifFinder.vbproj,Seeds/SeedScanner.vb,16,0,5,11,1,0,1,0,0,489,489 B
G:/GCModeller/src/GCModeller/analysis/SequenceToolkit/MotifFinder/MotifFinder.vbproj,Seeds/TreeScan.vb,71,6,15,50,1,0,1,3,0,2340,2.34 KB
G:/GCModeller/src/GCModeller/analysis/SequenceToolkit/MotifFinder/MotifFinder.vbproj,Gibbs/Matrix/MotifMatrix.vb,129,32,15,82,1,0,5,1,0,5427,5.43 KB
G:/GCModeller/src/GCModeller/analysis/SequenceToolkit/MotifFinder/MotifFinder.vbproj,Gibbs/Matrix/SequenceMatrix.vb,51,9,10,32,1,0,2,1,0,1830,1.83 KB
G:/GCModeller/src/GCModeller/analysis/SequenceToolkit/MotifFinder/MotifFinder.vbproj,Gibbs/Matrix/WeightMatrix.vb,59,4,13,42,1,0,4,2,0,2141,2.14 KB
G:/GCModeller/src/GCModeller/analysis/SequenceToolkit/MotifFinder/MotifFinder.vbproj,<project>,2310,426,353,1531,30,24,38,78,0,89091,89.09 KB
G:/GCModeller/src/GCModeller/analysis/SequenceToolkit/MotifFinder/test/test.vbproj,Program.vb,14,0,2,12,1,0,1,0,0,583,583 B
G:/GCModeller/src/GCModeller/analysis/SequenceToolkit/MotifFinder/test/test.vbproj,<project>,14,0,2,12,1,0,1,0,0,583,583 B
G:/GCModeller/src/GCModeller/analysis/SequenceToolkit/MotifScanner/MotifScanner.NET5.vbproj,Extensions.vb,256,15,36,205,3,0,2,6,0,11787,11.79 KB
G:/GCModeller/src/GCModeller/analysis/SequenceToolkit/MotifScanner/MotifScanner.NET5.vbproj,PatternScanner.vb,119,12,12,95,1,0,1,5,0,4237,4.24 KB
G:/GCModeller/src/GCModeller/analysis/SequenceToolkit/MotifScanner/MotifScanner.NET5.vbproj,PWMDatabase.vb,115,22,20,73,1,1,4,3,0,4283,4.28 KB
G:/GCModeller/src/GCModeller/analysis/SequenceToolkit/MotifScanner/MotifScanner.NET5.vbproj,SequenceMotif.vb,72,15,11,46,1,6,0,1,0,2144,2.14 KB
G:/GCModeller/src/GCModeller/analysis/SequenceToolkit/MotifScanner/MotifScanner.NET5.vbproj,SmithWaterman.vb,72,16,7,49,1,0,0,3,0,3147,3.15 KB
G:/GCModeller/src/GCModeller/analysis/SequenceToolkit/MotifScanner/MotifScanner.NET5.vbproj,Report/GeneReport.vb,46,8,9,29,3,16,0,2,0,1584,1.58 KB
G:/GCModeller/src/GCModeller/analysis/SequenceToolkit/MotifScanner/MotifScanner.NET5.vbproj,Report/ReportParser.vb,90,0,13,77,1,0,0,4,0,3388,3.39 KB
G:/GCModeller/src/GCModeller/analysis/SequenceToolkit/MotifScanner/MotifScanner.NET5.vbproj,Report/ReportTextBuilder.vb,36,0,8,28,1,0,2,0,0,1409,1.41 KB
G:/GCModeller/src/GCModeller/analysis/SequenceToolkit/MotifScanner/MotifScanner.NET5.vbproj,Scanner/MotifMatch.vb,43,18,8,17,1,11,0,1,0,1331,1.33 KB
G:/GCModeller/src/GCModeller/analysis/SequenceToolkit/MotifScanner/MotifScanner.NET5.vbproj,Scanner/MotifNeedlemanWunsch.vb,56,5,9,42,1,0,1,3,0,2105,2.10 KB
G:/GCModeller/src/GCModeller/analysis/SequenceToolkit/MotifScanner/MotifScanner.NET5.vbproj,Scanner/MotifScanner.vb,701,221,86,394,3,9,4,20,0,30656,30.66 KB
G:/GCModeller/src/GCModeller/analysis/SequenceToolkit/MotifScanner/MotifScanner.NET5.vbproj,Scanner/NullTest.vb,38,0,9,29,1,0,1,3,0,1195,1.20 KB
G:/GCModeller/src/GCModeller/analysis/SequenceToolkit/MotifScanner/MotifScanner.NET5.vbproj,Scanner/ProbabilityScanner.vb,251,34,32,185,1,0,0,8,0,11254,11.25 KB
G:/GCModeller/src/GCModeller/analysis/SequenceToolkit/MotifScanner/MotifScanner.NET5.vbproj,Scanner/ZERO.vb,45,3,9,33,1,0,1,1,0,1482,1.48 KB
G:/GCModeller/src/GCModeller/analysis/SequenceToolkit/MotifScanner/MotifScanner.NET5.vbproj,<project>,1940,369,269,1302,20,43,16,60,0,80002,80.00 KB
G:/GCModeller/src/GCModeller/analysis/SequenceToolkit/Pfam-HMM/PfamHMMScan/HMMER3.vbproj,AnnotationResult.vb,57,30,12,15,1,10,0,1,0,1310,1.31 KB
G:/GCModeller/src/GCModeller/analysis/SequenceToolkit/Pfam-HMM/PfamHMMScan/HMMER3.vbproj,HMM.vb,54,15,5,34,5,8,1,0,0,1211,1.21 KB
G:/GCModeller/src/GCModeller/analysis/SequenceToolkit/Pfam-HMM/PfamHMMScan/HMMER3.vbproj,HMMER3Parser.vb,248,71,24,153,1,0,4,5,0,10299,10.30 KB
G:/GCModeller/src/GCModeller/analysis/SequenceToolkit/Pfam-HMM/PfamHMMScan/HMMER3.vbproj,KOfamScan.vb,103,16,21,66,1,7,0,3,0,3606,3.61 KB
G:/GCModeller/src/GCModeller/analysis/SequenceToolkit/Pfam-HMM/PfamHMMScan/HMMER3.vbproj,PfamAnnotation.vb,138,42,31,65,1,14,0,3,0,5114,5.11 KB
G:/GCModeller/src/GCModeller/analysis/SequenceToolkit/Pfam-HMM/PfamHMMScan/HMMER3.vbproj,ProfileHMM.vb,478,124,66,288,1,19,0,9,0,18424,18.42 KB
G:/GCModeller/src/GCModeller/analysis/SequenceToolkit/Pfam-HMM/PfamHMMScan/HMMER3.vbproj,ProteinAnnotation.vb,256,75,38,143,1,5,3,5,0,9180,9.18 KB
G:/GCModeller/src/GCModeller/analysis/SequenceToolkit/Pfam-HMM/PfamHMMScan/HMMER3.vbproj,InterPro/Elements.vb,69,0,13,56,6,18,0,6,0,2178,2.18 KB
G:/GCModeller/src/GCModeller/analysis/SequenceToolkit/Pfam-HMM/PfamHMMScan/HMMER3.vbproj,InterPro/Family.vb,49,3,8,38,1,4,0,3,0,2044,2.04 KB
G:/GCModeller/src/GCModeller/analysis/SequenceToolkit/Pfam-HMM/PfamHMMScan/HMMER3.vbproj,InterPro/Interpro.vb,57,0,12,45,2,16,0,4,0,2033,2.03 KB
G:/GCModeller/src/GCModeller/analysis/SequenceToolkit/Pfam-HMM/PfamHMMScan/HMMER3.vbproj,InterPro/interprodb.vb,42,3,10,29,2,6,0,3,0,1403,1.40 KB
G:/GCModeller/src/GCModeller/analysis/SequenceToolkit/Pfam-HMM/PfamHMMScan/HMMER3.vbproj,InterPro/LLMDocument.vb,10,0,3,7,1,2,0,0,0,288,288 B
G:/GCModeller/src/GCModeller/analysis/SequenceToolkit/Pfam-HMM/PfamHMMScan/HMMER3.vbproj,<project>,1561,379,243,939,23,109,8,42,0,57090,57.09 KB
G:/GCModeller/src/GCModeller/analysis/SequenceToolkit/Pfam-HMM/PfamHMMScan/test/test.vbproj,interproReader.vb,10,0,3,7,1,0,1,0,0,221,221 B
G:/GCModeller/src/GCModeller/analysis/SequenceToolkit/Pfam-HMM/PfamHMMScan/test/test.vbproj,Program.vb,15,0,3,12,1,0,2,0,0,436,436 B
G:/GCModeller/src/GCModeller/analysis/SequenceToolkit/Pfam-HMM/PfamHMMScan/test/test.vbproj,UsageExamples.vb,262,162,43,57,1,0,6,0,0,12168,12.17 KB
G:/GCModeller/src/GCModeller/analysis/SequenceToolkit/Pfam-HMM/PfamHMMScan/test/test.vbproj,<project>,287,162,49,76,3,0,9,0,0,12825,12.82 KB
G:/GCModeller/src/GCModeller/analysis/SequenceToolkit/SequenceAlignment/SequenceAlignment.vbproj,CDHashTask.vb,36,1,8,27,1,0,2,0,0,1263,1.26 KB
G:/GCModeller/src/GCModeller/analysis/SequenceToolkit/SequenceAlignment/SequenceAlignment.vbproj,CDHit.vb,146,26,24,96,1,0,1,5,0,5662,5.66 KB
G:/GCModeller/src/GCModeller/analysis/SequenceToolkit/SequenceAlignment/SequenceAlignment.vbproj,EValue.vb,57,31,7,19,1,0,0,1,0,2461,2.46 KB
G:/GCModeller/src/GCModeller/analysis/SequenceToolkit/SequenceAlignment/SequenceAlignment.vbproj,SimilarHit.vb,23,0,6,17,1,4,0,1,0,511,511 B
G:/GCModeller/src/GCModeller/analysis/SequenceToolkit/SequenceAlignment/SequenceAlignment.vbproj,Diamond/BandSW.vb,105,28,15,62,2,0,2,1,0,4679,4.68 KB
G:/GCModeller/src/GCModeller/analysis/SequenceToolkit/SequenceAlignment/SequenceAlignment.vbproj,Diamond/DiamondBlastp.vb,243,58,42,143,1,0,1,3,0,12193,12.19 KB
G:/GCModeller/src/GCModeller/analysis/SequenceToolkit/SequenceAlignment/SequenceAlignment.vbproj,Diamond/DiamondHit.vb,115,28,17,70,1,16,0,2,0,5180,5.18 KB
G:/GCModeller/src/GCModeller/analysis/SequenceToolkit/SequenceAlignment/SequenceAlignment.vbproj,Diamond/DistributedScheduler.vb,50,18,10,22,1,0,1,2,0,2552,2.55 KB
G:/GCModeller/src/GCModeller/analysis/SequenceToolkit/SequenceAlignment/SequenceAlignment.vbproj,Diamond/HammingFilter.vb,61,17,12,32,1,0,1,2,0,2496,2.50 KB
G:/GCModeller/src/GCModeller/analysis/SequenceToolkit/SequenceAlignment/SequenceAlignment.vbproj,Diamond/HammingFilterSse.vb,96,18,18,60,1,0,1,2,0,4127,4.13 KB
G:/GCModeller/src/GCModeller/analysis/SequenceToolkit/SequenceAlignment/SequenceAlignment.vbproj,Diamond/HitScheduler.vb,78,23,13,42,2,0,2,2,0,3355,3.35 KB
G:/GCModeller/src/GCModeller/analysis/SequenceToolkit/SequenceAlignment/SequenceAlignment.vbproj,Diamond/IDiamondScheduler.vb,23,14,3,6,1,0,0,1,0,1137,1.14 KB
G:/GCModeller/src/GCModeller/analysis/SequenceToolkit/SequenceAlignment/SequenceAlignment.vbproj,Diamond/IHammingFilter.vb,34,24,4,6,1,0,0,2,0,1719,1.72 KB
G:/GCModeller/src/GCModeller/analysis/SequenceToolkit/SequenceAlignment/SequenceAlignment.vbproj,Diamond/LeftMostSeedFilter.vb,54,21,9,24,1,0,1,1,0,2443,2.44 KB
G:/GCModeller/src/GCModeller/analysis/SequenceToolkit/SequenceAlignment/SequenceAlignment.vbproj,Diamond/PairAlign.vb,94,49,10,35,1,0,1,4,0,5355,5.36 KB
G:/GCModeller/src/GCModeller/analysis/SequenceToolkit/SequenceAlignment/SequenceAlignment.vbproj,Diamond/ParallelScheduler.vb,40,15,8,17,1,0,1,1,0,1788,1.79 KB
G:/GCModeller/src/GCModeller/analysis/SequenceToolkit/SequenceAlignment/SequenceAlignment.vbproj,Diamond/ReducedAlphabet.vb,91,40,12,39,1,0,1,2,0,3354,3.35 KB
G:/GCModeller/src/GCModeller/analysis/SequenceToolkit/SequenceAlignment/SequenceAlignment.vbproj,Diamond/SeedEncoder.vb,85,29,12,44,2,0,1,3,0,3731,3.73 KB
G:/GCModeller/src/GCModeller/analysis/SequenceToolkit/SequenceAlignment/SequenceAlignment.vbproj,Diamond/SeedIndex.vb,166,46,29,91,4,2,4,2,0,6447,6.45 KB
G:/GCModeller/src/GCModeller/analysis/SequenceToolkit/SequenceAlignment/SequenceAlignment.vbproj,Diamond/SpacedSeed.vb,158,55,26,77,3,1,1,5,0,6353,6.35 KB
G:/GCModeller/src/GCModeller/analysis/SequenceToolkit/SequenceAlignment/SequenceAlignment.vbproj,Diamond/UngappedExtension.vb,97,19,19,59,2,0,2,1,0,3674,3.67 KB
G:/GCModeller/src/GCModeller/analysis/SequenceToolkit/SequenceAlignment/SequenceAlignment.vbproj,Diamond/UngappedExtensionAvx2.vb,176,42,33,101,1,0,1,2,0,8284,8.28 KB
G:/GCModeller/src/GCModeller/analysis/SequenceToolkit/SequenceAlignment/SequenceAlignment.vbproj,MSA/CenterStar.vb,70,2,12,56,1,0,2,3,0,2859,2.86 KB
G:/GCModeller/src/GCModeller/analysis/SequenceToolkit/SequenceAlignment/SequenceAlignment.vbproj,MSA/Extensions.vb,21,0,4,17,1,0,0,2,0,776,776 B
G:/GCModeller/src/GCModeller/analysis/SequenceToolkit/SequenceAlignment/SequenceAlignment.vbproj,MSA/GlobalAlignment.vb,12,0,3,9,1,0,0,1,0,272,272 B
G:/GCModeller/src/GCModeller/analysis/SequenceToolkit/SequenceAlignment/SequenceAlignment.vbproj,MSA/MSAData.Designer.vb,100,50,10,40,1,3,1,0,0,3723,3.72 KB
G:/GCModeller/src/GCModeller/analysis/SequenceToolkit/SequenceAlignment/SequenceAlignment.vbproj,MSA/MSAOutput.vb,101,11,18,72,1,5,1,3,0,3522,3.52 KB
G:/GCModeller/src/GCModeller/analysis/SequenceToolkit/SequenceAlignment/SequenceAlignment.vbproj,MSA/ScoreMatrix.vb,45,0,9,36,1,0,1,4,0,1937,1.94 KB
G:/GCModeller/src/GCModeller/analysis/SequenceToolkit/SequenceAlignment/SequenceAlignment.vbproj,NeedlemanWunsch/GapPenalty.vb,56,18,6,32,1,3,0,1,0,1726,1.73 KB
G:/GCModeller/src/GCModeller/analysis/SequenceToolkit/SequenceAlignment/SequenceAlignment.vbproj,NeedlemanWunsch/NeedlemanWunsch.vb,28,0,6,22,1,0,1,2,0,1020,1020 B
G:/GCModeller/src/GCModeller/analysis/SequenceToolkit/SequenceAlignment/SequenceAlignment.vbproj,NeedlemanWunsch/RunNeedlemanWunsch.vb,75,23,9,43,1,0,1,2,0,3052,3.05 KB
G:/GCModeller/src/GCModeller/analysis/SequenceToolkit/SequenceAlignment/SequenceAlignment.vbproj,siRNAHit/Intersection.vb,90,24,8,58,1,1,0,4,0,4186,4.19 KB
G:/GCModeller/src/GCModeller/analysis/SequenceToolkit/SequenceAlignment/SequenceAlignment.vbproj,siRNAHit/psRNATarget.vb,225,40,35,150,2,4,0,6,0,9621,9.62 KB
G:/GCModeller/src/GCModeller/analysis/SequenceToolkit/SequenceAlignment/SequenceAlignment.vbproj,siRNAHit/RNASeqHelper.vb,122,37,15,70,2,0,0,5,0,4926,4.93 KB
G:/GCModeller/src/GCModeller/analysis/SequenceToolkit/SequenceAlignment/SequenceAlignment.vbproj,siRNAHit/siRNAHit.vb,121,38,21,62,4,12,0,5,0,5402,5.40 KB
G:/GCModeller/src/GCModeller/analysis/SequenceToolkit/SequenceAlignment/SequenceAlignment.vbproj,siRNAHit/TargetFinder.vb,220,43,30,147,1,5,0,8,0,9543,9.54 KB
G:/GCModeller/src/GCModeller/analysis/SequenceToolkit/SequenceAlignment/SequenceAlignment.vbproj,SmithWaterman/BLOSUM.Designer.vb,85,35,10,40,1,3,1,0,0,3937,3.94 KB
G:/GCModeller/src/GCModeller/analysis/SequenceToolkit/SequenceAlignment/SequenceAlignment.vbproj,SmithWaterman/CoreDump.vb,111,24,16,71,1,0,3,0,0,4264,4.26 KB
G:/GCModeller/src/GCModeller/analysis/SequenceToolkit/SequenceAlignment/SequenceAlignment.vbproj,SmithWaterman/SmithWaterman.vb,94,43,10,41,1,0,2,4,0,4355,4.36 KB
G:/GCModeller/src/GCModeller/analysis/SequenceToolkit/SequenceAlignment/SequenceAlignment.vbproj,MSA/TabularMSA/Reader.vb,91,3,13,75,1,0,0,3,0,3665,3.67 KB
G:/GCModeller/src/GCModeller/analysis/SequenceToolkit/SequenceAlignment/SequenceAlignment.vbproj,MSA/TabularMSA/Stockholm.vb,39,7,6,26,1,5,0,2,0,1559,1.56 KB
G:/GCModeller/src/GCModeller/analysis/SequenceToolkit/SequenceAlignment/SequenceAlignment.vbproj,SmithWaterman/Extension/Extensions.vb,48,5,9,34,1,0,0,3,0,1694,1.69 KB
G:/GCModeller/src/GCModeller/analysis/SequenceToolkit/SequenceAlignment/SequenceAlignment.vbproj,SmithWaterman/Extension/HSP.vb,74,14,13,47,1,6,3,2,0,2391,2.39 KB
G:/GCModeller/src/GCModeller/analysis/SequenceToolkit/SequenceAlignment/SequenceAlignment.vbproj,SmithWaterman/Extension/Output.vb,184,59,22,103,1,7,3,4,0,8068,8.07 KB
G:/GCModeller/src/GCModeller/analysis/SequenceToolkit/SequenceAlignment/SequenceAlignment.vbproj,SmithWaterman/Matrix/Blosum.vb,132,64,13,55,1,3,1,4,0,5756,5.76 KB
G:/GCModeller/src/GCModeller/analysis/SequenceToolkit/SequenceAlignment/SequenceAlignment.vbproj,SmithWaterman/Matrix/BlosumParser.vb,64,16,7,41,1,0,0,2,0,2560,2.56 KB
G:/GCModeller/src/GCModeller/analysis/SequenceToolkit/SequenceAlignment/SequenceAlignment.vbproj,SmithWaterman/Matrix/DNAMatrix.vb,45,10,7,28,1,0,1,1,0,1417,1.42 KB
G:/GCModeller/src/GCModeller/analysis/SequenceToolkit/SequenceAlignment/SequenceAlignment.vbproj,<project>,4281,1168,649,2464,61,80,45,116,0,180995,181.00 KB
G:/GCModeller/src/GCModeller/analysis/SequenceToolkit/SequenceAlignment/test/test.vbproj,DiamondDemo.vb,57,4,11,42,1,0,1,1,0,3337,3.34 KB
G:/GCModeller/src/GCModeller/analysis/SequenceToolkit/SequenceAlignment/test/test.vbproj,Module1.vb,49,0,20,29,1,0,3,0,0,1282,1.28 KB
G:/GCModeller/src/GCModeller/analysis/SequenceToolkit/SequenceAlignment/test/test.vbproj,Module2.vb,180,0,14,166,1,0,2,0,0,2934,2.93 KB
G:/GCModeller/src/GCModeller/analysis/SequenceToolkit/SequenceAlignment/test/test.vbproj,Module3.vb,14,0,3,11,1,0,1,0,0,449,449 B
G:/GCModeller/src/GCModeller/analysis/SequenceToolkit/SequenceAlignment/test/test.vbproj,Module4.vb,10,0,3,7,1,0,1,0,0,241,241 B
G:/GCModeller/src/GCModeller/analysis/SequenceToolkit/SequenceAlignment/test/test.vbproj,siRNADemo.vb,97,10,19,68,1,0,1,2,0,4713,4.71 KB
G:/GCModeller/src/GCModeller/analysis/SequenceToolkit/SequenceAlignment/test/test.vbproj,<project>,407,14,70,323,6,0,9,3,0,12956,12.96 KB
G:/GCModeller/src/GCModeller/analysis/SequenceToolkit/SequenceLogo/SequenceLogo.NET5.vbproj,ClustalVisual.vb,174,20,26,128,1,0,3,1,0,7203,7.20 KB
G:/GCModeller/src/GCModeller/analysis/SequenceToolkit/SequenceLogo/SequenceLogo.NET5.vbproj,SequenceLogo/Alphabet.vb,57,25,7,25,1,2,0,3,0,1882,1.88 KB
G:/GCModeller/src/GCModeller/analysis/SequenceToolkit/SequenceLogo/SequenceLogo.NET5.vbproj,SequenceLogo/ColorSchema.vb,129,22,12,95,1,3,1,1,0,7609,7.61 KB
G:/GCModeller/src/GCModeller/analysis/SequenceToolkit/SequenceLogo/SequenceLogo.NET5.vbproj,SequenceLogo/DrawingDevice.vb,223,45,17,161,1,1,0,5,0,12910,12.91 KB
G:/GCModeller/src/GCModeller/analysis/SequenceToolkit/SequenceLogo/SequenceLogo.NET5.vbproj,SequenceLogo/DrawingModel.vb,102,26,13,63,1,4,0,4,0,3753,3.75 KB
G:/GCModeller/src/GCModeller/analysis/SequenceToolkit/SequenceLogo/SequenceLogo.NET5.vbproj,SequenceLogo/Extensions.vb,39,0,6,33,1,0,0,1,0,1448,1.45 KB
G:/GCModeller/src/GCModeller/analysis/SequenceToolkit/SequenceLogo/SequenceLogo.NET5.vbproj,SequenceLogo/Logo.vb,186,16,34,136,1,0,2,0,0,7697,7.70 KB
G:/GCModeller/src/GCModeller/analysis/SequenceToolkit/SequenceLogo/SequenceLogo.NET5.vbproj,SequenceLogo/Residue.vb,91,44,10,37,1,4,1,2,0,3155,3.15 KB
G:/GCModeller/src/GCModeller/analysis/SequenceToolkit/SequenceLogo/SequenceLogo.NET5.vbproj,<project>,1001,198,125,678,8,14,7,17,0,45657,45.66 KB
G:/GCModeller/src/GCModeller/analysis/SequenceToolkit/SequencePatterns/SequencePatterns.NET5.vbproj,LociExtensions.vb,191,20,29,142,1,0,1,18,0,6642,6.64 KB
G:/GCModeller/src/GCModeller/analysis/SequenceToolkit/SequencePatterns/SequencePatterns.NET5.vbproj,DNAOrigami/Project.vb,41,12,9,20,2,10,0,1,0,1155,1.16 KB
G:/GCModeller/src/GCModeller/analysis/SequenceToolkit/SequencePatterns/SequencePatterns.NET5.vbproj,DNAOrigami/ScaffoldOrthogonality.vb,109,16,17,76,1,0,0,3,0,4326,4.33 KB
G:/GCModeller/src/GCModeller/analysis/SequenceToolkit/SequencePatterns/SequencePatterns.NET5.vbproj,Motif/MotifLog.vb,65,16,8,41,1,9,3,0,0,1984,1.98 KB
G:/GCModeller/src/GCModeller/analysis/SequenceToolkit/SequencePatterns/SequencePatterns.NET5.vbproj,Motif/MotifPattern.vb,46,24,5,17,1,4,0,2,0,1524,1.52 KB
G:/GCModeller/src/GCModeller/analysis/SequenceToolkit/SequencePatterns/SequencePatterns.NET5.vbproj,Motif/PWM.vb,154,20,20,114,2,5,0,8,0,5874,5.87 KB
G:/GCModeller/src/GCModeller/analysis/SequenceToolkit/SequencePatterns/SequencePatterns.NET5.vbproj,Motif/ResidueSite.vb,121,29,17,75,1,4,4,3,0,4253,4.25 KB
G:/GCModeller/src/GCModeller/analysis/SequenceToolkit/SequencePatterns/SequencePatterns.NET5.vbproj,Pattern/PatternSearch.vb,67,11,8,48,1,0,0,3,0,2972,2.97 KB
G:/GCModeller/src/GCModeller/analysis/SequenceToolkit/SequencePatterns/SequencePatterns.NET5.vbproj,Pattern/SegLoci.vb,52,16,8,28,1,4,0,3,0,1985,1.99 KB
G:/GCModeller/src/GCModeller/analysis/SequenceToolkit/SequencePatterns/SequencePatterns.NET5.vbproj,Topologically/SearchWorker.vb,40,9,6,25,1,0,2,0,0,1260,1.26 KB
G:/GCModeller/src/GCModeller/analysis/SequenceToolkit/SequencePatterns/SequencePatterns.NET5.vbproj,Pattern/SSR/SSRSearch.vb,189,29,34,126,2,6,1,7,0,7799,7.80 KB
G:/GCModeller/src/GCModeller/analysis/SequenceToolkit/SequencePatterns/SequencePatterns.NET5.vbproj,Topologically/Exactly/LociFilter.vb,180,37,18,125,2,0,0,8,0,7414,7.41 KB
G:/GCModeller/src/GCModeller/analysis/SequenceToolkit/SequencePatterns/SequencePatterns.NET5.vbproj,Topologically/Palindrome/PalindromeAPI.vb,421,116,47,258,1,0,0,16,0,20653,20.65 KB
G:/GCModeller/src/GCModeller/analysis/SequenceToolkit/SequencePatterns/SequencePatterns.NET5.vbproj,Topologically/Seeds/Seed.vb,32,3,7,22,1,1,1,2,0,809,809 B
G:/GCModeller/src/GCModeller/analysis/SequenceToolkit/SequencePatterns/SequencePatterns.NET5.vbproj,Topologically/Seeds/SeedBox.vb,93,25,15,53,1,0,1,4,0,3389,3.39 KB
G:/GCModeller/src/GCModeller/analysis/SequenceToolkit/SequencePatterns/SequencePatterns.NET5.vbproj,Topologically/Seeds/SeedData.vb,39,0,9,30,1,0,0,4,0,1220,1.22 KB
G:/GCModeller/src/GCModeller/analysis/SequenceToolkit/SequencePatterns/SequencePatterns.NET5.vbproj,Topologically/Seeds/Seeds.vb,87,37,11,39,1,0,0,5,0,3289,3.29 KB
G:/GCModeller/src/GCModeller/analysis/SequenceToolkit/SequencePatterns/SequencePatterns.NET5.vbproj,Topologically/Similarity/Loci.vb,51,22,7,22,2,5,0,1,0,1613,1.61 KB
G:/GCModeller/src/GCModeller/analysis/SequenceToolkit/SequencePatterns/SequencePatterns.NET5.vbproj,Topologically/Similarity/MirrorPalindrome.vb,107,29,15,63,2,0,2,2,0,4527,4.53 KB
G:/GCModeller/src/GCModeller/analysis/SequenceToolkit/SequencePatterns/SequencePatterns.NET5.vbproj,Topologically/Similarity/Repeats.vb,261,47,33,181,1,0,0,9,0,13349,13.35 KB
G:/GCModeller/src/GCModeller/analysis/SequenceToolkit/SequencePatterns/SequencePatterns.NET5.vbproj,Topologically/Exactly/Repeats/Analysis.vb,117,17,16,84,1,0,0,4,0,6391,6.39 KB
G:/GCModeller/src/GCModeller/analysis/SequenceToolkit/SequencePatterns/SequencePatterns.NET5.vbproj,Topologically/Exactly/Repeats/RepeatsSearchAPI.vb,185,35,24,126,1,0,4,10,0,9282,9.28 KB
G:/GCModeller/src/GCModeller/analysis/SequenceToolkit/SequencePatterns/SequencePatterns.NET5.vbproj,Topologically/Exactly/Repeats/RepeatsSearchs.vb,41,4,7,30,1,3,2,0,0,1690,1.69 KB
G:/GCModeller/src/GCModeller/analysis/SequenceToolkit/SequencePatterns/SequencePatterns.NET5.vbproj,Topologically/Exactly/Repeats/SearchReversedRepeats.vb,53,5,10,38,1,2,2,0,0,2130,2.13 KB
G:/GCModeller/src/GCModeller/analysis/SequenceToolkit/SequencePatterns/SequencePatterns.NET5.vbproj,Topologically/Palindrome/csv/ImperfectPalindrome.vb,72,39,7,26,1,11,0,2,0,2417,2.42 KB
G:/GCModeller/src/GCModeller/analysis/SequenceToolkit/SequencePatterns/SequencePatterns.NET5.vbproj,Topologically/Palindrome/csv/PalindromeLoci.vb,94,33,12,49,1,9,0,4,0,3394,3.39 KB
G:/GCModeller/src/GCModeller/analysis/SequenceToolkit/SequencePatterns/SequencePatterns.NET5.vbproj,Topologically/Palindrome/SearchWorker/Imperfect.vb,88,13,12,63,1,1,2,1,0,3775,3.77 KB
G:/GCModeller/src/GCModeller/analysis/SequenceToolkit/SequencePatterns/SequencePatterns.NET5.vbproj,Topologically/Palindrome/SearchWorker/MirrorPalindrome.vb,78,18,12,48,1,1,2,1,0,3110,3.11 KB
G:/GCModeller/src/GCModeller/analysis/SequenceToolkit/SequencePatterns/SequencePatterns.NET5.vbproj,Topologically/Palindrome/SearchWorker/PalindromeSearch.vb,31,13,4,14,1,0,2,0,0,1074,1.07 KB
G:/GCModeller/src/GCModeller/analysis/SequenceToolkit/SequencePatterns/SequencePatterns.NET5.vbproj,Topologically/Exactly/Repeats/Files/RepeatPlant.vb,232,31,31,170,4,15,0,9,0,9029,9.03 KB
G:/GCModeller/src/GCModeller/analysis/SequenceToolkit/SequencePatterns/SequencePatterns.NET5.vbproj,Topologically/Exactly/Repeats/Files/RepeatsLoci.vb,155,43,16,96,2,7,0,6,0,5962,5.96 KB
G:/GCModeller/src/GCModeller/analysis/SequenceToolkit/SequencePatterns/SequencePatterns.NET5.vbproj,<project>,3492,769,474,2249,41,97,29,136,0,144291,144.29 KB
G:/GCModeller/src/GCModeller/analysis/SequenceToolkit/SequencePatterns.Abstract/SequencePatterns.Abstract.NET5.vbproj,IScanner.vb,106,15,19,72,1,0,1,5,0,3613,3.61 KB
G:/GCModeller/src/GCModeller/analysis/SequenceToolkit/SequencePatterns.Abstract/SequencePatterns.Abstract.NET5.vbproj,KMers.vb,58,17,8,33,1,4,0,3,0,1865,1.86 KB
G:/GCModeller/src/GCModeller/analysis/SequenceToolkit/SequencePatterns.Abstract/SequencePatterns.Abstract.NET5.vbproj,Probability.vb,125,55,14,56,1,6,0,7,0,4464,4.46 KB
G:/GCModeller/src/GCModeller/analysis/SequenceToolkit/SequencePatterns.Abstract/SequencePatterns.Abstract.NET5.vbproj,Residue.vb,119,7,18,94,1,6,3,5,0,3568,3.57 KB
G:/GCModeller/src/GCModeller/analysis/SequenceToolkit/SequencePatterns.Abstract/SequencePatterns.Abstract.NET5.vbproj,ResidueScore.vb,36,0,9,27,1,3,1,2,0,982,982 B
G:/GCModeller/src/GCModeller/analysis/SequenceToolkit/SequencePatterns.Abstract/SequencePatterns.Abstract.NET5.vbproj,Scanner.vb,73,10,12,51,1,1,1,3,0,2803,2.80 KB
G:/GCModeller/src/GCModeller/analysis/SequenceToolkit/SequencePatterns.Abstract/SequencePatterns.Abstract.NET5.vbproj,Patterns/PatternExpression.vb,48,6,9,33,1,3,0,2,0,1602,1.60 KB
G:/GCModeller/src/GCModeller/analysis/SequenceToolkit/SequencePatterns.Abstract/SequencePatterns.Abstract.NET5.vbproj,Patterns/PatternParser.vb,160,19,22,119,1,0,0,4,0,6408,6.41 KB
G:/GCModeller/src/GCModeller/analysis/SequenceToolkit/SequencePatterns.Abstract/SequencePatterns.Abstract.NET5.vbproj,Patterns/Ranges.vb,37,0,7,30,1,2,1,1,0,1235,1.24 KB
G:/GCModeller/src/GCModeller/analysis/SequenceToolkit/SequencePatterns.Abstract/SequencePatterns.Abstract.NET5.vbproj,Patterns/Residue.vb,89,8,13,68,1,4,3,2,0,2636,2.64 KB
G:/GCModeller/src/GCModeller/analysis/SequenceToolkit/SequencePatterns.Abstract/SequencePatterns.Abstract.NET5.vbproj,Patterns/Tokens.vb,34,15,4,15,2,0,1,0,0,809,809 B
G:/GCModeller/src/GCModeller/analysis/SequenceToolkit/SequencePatterns.Abstract/SequencePatterns.Abstract.NET5.vbproj,<project>,885,152,135,598,12,29,11,34,0,29985,29.98 KB
G:/GCModeller/src/GCModeller/analysis/SequenceToolkit/SequenceTools/SequenceTools.vbproj,CLIGrouping.vb,22,0,9,13,1,0,0,0,0,856,856 B
G:/GCModeller/src/GCModeller/analysis/SequenceToolkit/SequenceTools/SequenceTools.vbproj,Program.vb,6,0,1,5,1,0,0,1,0,144,144 B
G:/GCModeller/src/GCModeller/analysis/SequenceToolkit/SequenceTools/SequenceTools.vbproj,ShellScriptAPI.vb,106,5,17,84,1,0,0,11,0,4691,4.69 KB
G:/GCModeller/src/GCModeller/analysis/SequenceToolkit/SequenceTools/SequenceTools.vbproj,CLI/Aligner.vb,212,10,28,174,3,2,3,10,0,9359,9.36 KB
G:/GCModeller/src/GCModeller/analysis/SequenceToolkit/SequenceTools/SequenceTools.vbproj,CLI/Debugger.vb,81,0,11,70,1,0,0,2,0,3318,3.32 KB
G:/GCModeller/src/GCModeller/analysis/SequenceToolkit/SequenceTools/SequenceTools.vbproj,CLI/DNA_Comparative.vb,162,12,19,131,1,0,0,6,0,7844,7.84 KB
G:/GCModeller/src/GCModeller/analysis/SequenceToolkit/SequenceTools/SequenceTools.vbproj,CLI/FastaTools.vb,682,26,97,559,5,4,0,22,0,30330,30.33 KB
G:/GCModeller/src/GCModeller/analysis/SequenceToolkit/SequenceTools/SequenceTools.vbproj,CLI/NTProps.vb,300,25,41,234,1,0,0,10,0,13903,13.90 KB
G:/GCModeller/src/GCModeller/analysis/SequenceToolkit/SequenceTools/SequenceTools.vbproj,CLI/ORF.vb,45,1,4,40,1,0,0,2,0,3117,3.12 KB
G:/GCModeller/src/GCModeller/analysis/SequenceToolkit/SequenceTools/SequenceTools.vbproj,CLI/Utilities.vb,375,55,42,278,1,0,0,9,0,18217,18.22 KB
G:/GCModeller/src/GCModeller/analysis/SequenceToolkit/SequenceTools/SequenceTools.vbproj,CLI/LociFeatures/Palindrome.vb,581,44,57,480,1,0,0,23,0,28774,28.77 KB
G:/GCModeller/src/GCModeller/analysis/SequenceToolkit/SequenceTools/SequenceTools.vbproj,CLI/LociFeatures/PalindromeBatch.vb,151,6,26,119,1,0,0,3,0,7887,7.89 KB
G:/GCModeller/src/GCModeller/analysis/SequenceToolkit/SequenceTools/SequenceTools.vbproj,CLI/LociFeatures/Repeats.vb,241,14,40,187,1,0,0,6,0,9796,9.80 KB
G:/GCModeller/src/GCModeller/analysis/SequenceToolkit/SequenceTools/SequenceTools.vbproj,CLI/SNP/calcFst.vb,37,30,7,0,0,0,0,0,0,1456,1.46 KB
G:/GCModeller/src/GCModeller/analysis/SequenceToolkit/SequenceTools/SequenceTools.vbproj,CLI/SNP/SNP.vb,102,0,14,88,1,0,0,4,0,4412,4.41 KB
G:/GCModeller/src/GCModeller/analysis/SequenceToolkit/SequenceTools/SequenceTools.vbproj,<project>,3103,228,413,2462,20,6,3,109,0,144104,144.10 KB
G:/GCModeller/src/GCModeller/analysis/SequenceToolkit/SNP/SNP.vbproj,DiffVariation.vb,152,13,26,113,2,2,0,3,0,5491,5.49 KB
G:/GCModeller/src/GCModeller/analysis/SequenceToolkit/SNP/SNP.vbproj,Genotype.vb,278,19,56,203,3,9,0,8,0,8918,8.92 KB
G:/GCModeller/src/GCModeller/analysis/SequenceToolkit/SNP/SNP.vbproj,SNP.vb,110,38,9,63,1,30,0,0,0,3449,3.45 KB
G:/GCModeller/src/GCModeller/analysis/SequenceToolkit/SNP/SNP.vbproj,SNPScan.vb,106,35,11,60,1,0,1,4,0,4969,4.97 KB
G:/GCModeller/src/GCModeller/analysis/SequenceToolkit/SNP/SNP.vbproj,SangerSNPs/AlignmentMinusfile.vb,132,14,29,89,1,0,4,0,0,5749,5.75 KB
G:/GCModeller/src/GCModeller/analysis/SequenceToolkit/SNP/SNP.vbproj,SangerSNPs/DefineConstants.vb,30,0,5,25,2,0,0,1,0,962,962 B
G:/GCModeller/src/GCModeller/analysis/SequenceToolkit/SNP/SNP.vbproj,SangerSNPs/SNPsFasta.vb,76,29,13,34,1,0,0,1,0,3305,3.31 KB
G:/GCModeller/src/GCModeller/analysis/SequenceToolkit/SNP/SNP.vbproj,SangerSNPs/SNPSites.vb,182,33,22,127,1,0,0,5,0,9008,9.01 KB
G:/GCModeller/src/GCModeller/analysis/SequenceToolkit/SNP/SNP.vbproj,SangerSNPs/SNPsPhylib.vb,103,30,19,54,2,0,0,3,0,4021,4.02 KB
G:/GCModeller/src/GCModeller/analysis/SequenceToolkit/SNP/SNP.vbproj,SangerSNPs/Vcf.vb,248,49,48,151,1,0,5,4,0,10645,10.64 KB
G:/GCModeller/src/GCModeller/analysis/SequenceToolkit/SNP/SNP.vbproj,VCF/MetaData.vb,64,14,14,36,1,8,0,2,0,2652,2.65 KB
G:/GCModeller/src/GCModeller/analysis/SequenceToolkit/SNP/SNP.vbproj,VCF/SNPVcf.vb,67,7,11,49,1,10,0,3,0,2163,2.16 KB
G:/GCModeller/src/GCModeller/analysis/SequenceToolkit/SNP/SNP.vbproj,VCF/VCFStream.vb,77,24,8,45,1,0,0,4,0,2694,2.69 KB
G:/GCModeller/src/GCModeller/analysis/SequenceToolkit/SNP/SNP.vbproj,<project>,1625,305,271,1049,18,59,10,38,0,64026,64.03 KB
G:/GCModeller/src/GCModeller/analysis/SequenceToolkit/TRNScanner/TRNScanner.vbproj,FastaSocketFile.vb,36,0,7,29,1,0,0,4,0,1378,1.38 KB
G:/GCModeller/src/GCModeller/analysis/SequenceToolkit/TRNScanner/TRNScanner.vbproj,MotifDatabase.vb,20,0,4,16,1,0,1,2,0,791,791 B
G:/GCModeller/src/GCModeller/analysis/SequenceToolkit/TRNScanner/TRNScanner.vbproj,MotifSiteFile.vb,43,0,9,34,1,0,0,4,0,1579,1.58 KB
G:/GCModeller/src/GCModeller/analysis/SequenceToolkit/TRNScanner/TRNScanner.vbproj,ScannerTask.vb,58,0,10,48,1,0,0,2,0,2845,2.85 KB
G:/GCModeller/src/GCModeller/analysis/SequenceToolkit/TRNScanner/TRNScanner.vbproj,<project>,157,0,30,127,4,0,1,12,0,6593,6.59 KB
G:/GCModeller/src/GCModeller/annotations/Bifrost/Bifrost/Bifrost.vbproj,Program.vb,79,0,9,70,1,0,1,3,0,4408,4.41 KB
G:/GCModeller/src/GCModeller/annotations/Bifrost/Bifrost/Bifrost.vbproj,<project>,79,0,9,70,1,0,1,3,0,4408,4.41 KB
G:/GCModeller/src/GCModeller/annotations/Bifrost/MetaEuk/MetaEuk.vbproj,CodonTable.vb,71,8,7,56,1,0,0,3,0,3240,3.24 KB
G:/GCModeller/src/GCModeller/annotations/Bifrost/MetaEuk/MetaEuk.vbproj,ConflictResolver.vb,63,12,14,37,1,0,0,3,0,2494,2.49 KB
G:/GCModeller/src/GCModeller/annotations/Bifrost/MetaEuk/MetaEuk.vbproj,ExonChainOptimizer.vb,144,32,26,86,1,0,3,0,0,5298,5.30 KB
G:/GCModeller/src/GCModeller/annotations/Bifrost/MetaEuk/MetaEuk.vbproj,HomologySearchEngine.vb,90,7,21,62,1,1,4,2,0,2886,2.89 KB
G:/GCModeller/src/GCModeller/annotations/Bifrost/MetaEuk/MetaEuk.vbproj,MetaEukConfig.vb,33,8,8,17,1,15,0,0,0,1633,1.63 KB
G:/GCModeller/src/GCModeller/annotations/Bifrost/MetaEuk/MetaEuk.vbproj,Models.vb,107,8,12,87,5,6,0,0,0,4025,4.03 KB
G:/GCModeller/src/GCModeller/annotations/Bifrost/MetaEuk/MetaEuk.vbproj,OutputWriter.vb,86,13,13,60,1,0,3,0,0,4862,4.86 KB
G:/GCModeller/src/GCModeller/annotations/Bifrost/MetaEuk/MetaEuk.vbproj,ProteinReconstructor.vb,56,12,14,30,1,0,1,0,0,2211,2.21 KB
G:/GCModeller/src/GCModeller/annotations/Bifrost/MetaEuk/MetaEuk.vbproj,RedundancyReducer.vb,133,22,27,84,1,0,0,2,0,5088,5.09 KB
G:/GCModeller/src/GCModeller/annotations/Bifrost/MetaEuk/MetaEuk.vbproj,SixFrameTranslator.vb,142,29,21,92,1,0,0,3,0,5920,5.92 KB
G:/GCModeller/src/GCModeller/annotations/Bifrost/MetaEuk/MetaEuk.vbproj,SmithWatermanAligner.vb,263,52,33,178,1,0,0,5,0,14695,14.70 KB
G:/GCModeller/src/GCModeller/annotations/Bifrost/MetaEuk/MetaEuk.vbproj,TCSGrouper.vb,78,13,14,51,1,0,0,1,0,2997,3.00 KB
G:/GCModeller/src/GCModeller/annotations/Bifrost/MetaEuk/MetaEuk.vbproj,Worker.vb,134,44,19,71,1,0,1,1,0,7254,7.25 KB
G:/GCModeller/src/GCModeller/annotations/Bifrost/MetaEuk/MetaEuk.vbproj,<project>,1400,260,229,911,17,22,12,20,0,62603,62.60 KB
G:/GCModeller/src/GCModeller/annotations/Bifrost/Prodigal/Prodigal.vbproj,CodingModel.vb,157,41,22,94,1,0,3,1,0,6550,6.55 KB
G:/GCModeller/src/GCModeller/annotations/Bifrost/Prodigal/Prodigal.vbproj,DynamicProgramming.vb,133,36,25,72,1,0,0,3,0,4577,4.58 KB
G:/GCModeller/src/GCModeller/annotations/Bifrost/Prodigal/Prodigal.vbproj,OrfFinder.vb,187,36,22,129,1,0,3,1,0,8624,8.62 KB
G:/GCModeller/src/GCModeller/annotations/Bifrost/Prodigal/Prodigal.vbproj,PredictionPipeline.vb,120,28,23,69,1,0,1,2,0,4592,4.59 KB
G:/GCModeller/src/GCModeller/annotations/Bifrost/Prodigal/Prodigal.vbproj,RbsModel.vb,264,47,35,182,1,0,2,3,0,10071,10.07 KB
G:/GCModeller/src/GCModeller/annotations/Bifrost/Prodigal/Prodigal.vbproj,ScoringEngine.vb,42,21,6,15,1,0,2,0,0,1695,1.70 KB
G:/GCModeller/src/GCModeller/annotations/Bifrost/Prodigal/Prodigal.vbproj,StartCodonModel.vb,61,19,7,35,1,0,1,1,0,2220,2.22 KB
G:/GCModeller/src/GCModeller/annotations/Bifrost/Prodigal/Prodigal.vbproj,TrainingEngine.vb,130,39,28,63,1,0,0,2,0,5255,5.25 KB
G:/GCModeller/src/GCModeller/annotations/Bifrost/Prodigal/Prodigal.vbproj,UpstreamModel.vb,53,13,10,30,1,0,0,1,0,1932,1.93 KB
G:/GCModeller/src/GCModeller/annotations/Bifrost/Prodigal/Prodigal.vbproj,Worker.vb,80,20,13,47,1,0,1,3,0,3480,3.48 KB
G:/GCModeller/src/GCModeller/annotations/Bifrost/Prodigal/Prodigal.vbproj,Models/DpNode.vb,16,7,3,6,1,4,0,0,0,525,525 B
G:/GCModeller/src/GCModeller/annotations/Bifrost/Prodigal/Prodigal.vbproj,Models/PredictedGene.vb,124,37,40,47,2,27,0,3,0,4178,4.18 KB
G:/GCModeller/src/GCModeller/annotations/Bifrost/Prodigal/Prodigal.vbproj,Models/PredictionResult.vb,21,7,5,9,1,4,1,0,0,540,540 B
G:/GCModeller/src/GCModeller/annotations/Bifrost/Prodigal/Prodigal.vbproj,Models/TrainingModel.vb,68,18,15,35,1,15,1,0,0,2442,2.44 KB
G:/GCModeller/src/GCModeller/annotations/Bifrost/Prodigal/Prodigal.vbproj,Utils/GeneScore.vb,59,3,5,51,1,18,0,1,0,2245,2.25 KB
G:/GCModeller/src/GCModeller/annotations/Bifrost/Prodigal/Prodigal.vbproj,Utils/ModelSerializer.vb,180,18,23,139,1,0,1,1,0,7592,7.59 KB
G:/GCModeller/src/GCModeller/annotations/Bifrost/Prodigal/Prodigal.vbproj,Utils/ProdigalUtils.vb,171,40,18,113,1,0,0,10,0,6539,6.54 KB
G:/GCModeller/src/GCModeller/annotations/Bifrost/Prodigal/Prodigal.vbproj,Utils/ResultWriter.vb,140,19,17,104,1,0,5,3,0,6151,6.15 KB
G:/GCModeller/src/GCModeller/annotations/Bifrost/Prodigal/Prodigal.vbproj,<project>,2006,449,317,1240,19,68,21,35,0,79208,79.21 KB
G:/GCModeller/src/GCModeller/annotations/GO/GOAnalysis.NET5.vbproj,CatalogPlots.vb,410,43,51,316,1,0,0,7,0,17940,17.94 KB
G:/GCModeller/src/GCModeller/annotations/GO/GOAnalysis.NET5.vbproj,EnrichBubbles.vb,124,17,13,94,1,0,0,3,0,5780,5.78 KB
G:/GCModeller/src/GCModeller/annotations/GO/GOAnalysis.NET5.vbproj,GoEnrichment.vb,163,43,18,102,1,0,0,5,0,6887,6.89 KB
G:/GCModeller/src/GCModeller/annotations/GO/GOAnalysis.NET5.vbproj,NamespaceCategoryPlots.vb,72,7,8,57,1,0,0,2,0,2963,2.96 KB
G:/GCModeller/src/GCModeller/annotations/GO/GOAnalysis.NET5.vbproj,PlantRegMap/EnrichmentPlots.vb,19,0,3,16,1,0,0,1,0,800,800 B
G:/GCModeller/src/GCModeller/annotations/GO/GOAnalysis.NET5.vbproj,PlantRegMap/PlantRegMap.vb,29,3,5,21,1,9,0,1,0,1071,1.07 KB
G:/GCModeller/src/GCModeller/annotations/GO/GOAnalysis.NET5.vbproj,<project>,817,113,98,606,6,9,0,19,0,35441,35.44 KB
G:/GCModeller/src/GCModeller/annotations/GPR/GPR.vbproj,CoexpressionAnalyzer.vb,70,10,13,47,1,0,2,1,0,2749,2.75 KB
G:/GCModeller/src/GCModeller/annotations/GPR/GPR.vbproj,ConservedCluster.vb,14,0,4,10,1,4,0,0,0,313,313 B
G:/GCModeller/src/GCModeller/annotations/GPR/GPR.vbproj,ConservedSyntenyAnalyzer.vb,67,15,12,40,1,0,2,1,0,2637,2.64 KB
G:/GCModeller/src/GCModeller/annotations/GPR/GPR.vbproj,ContextIndices.vb,62,2,11,49,1,4,1,3,0,2600,2.60 KB
G:/GCModeller/src/GCModeller/annotations/GPR/GPR.vbproj,EnzymeComplexDetector.vb,90,12,16,62,1,0,1,2,0,3578,3.58 KB
G:/GCModeller/src/GCModeller/annotations/GPR/GPR.vbproj,FusionGeneAnalyzer.vb,91,15,18,58,1,0,2,1,0,3480,3.48 KB
G:/GCModeller/src/GCModeller/annotations/GPR/GPR.vbproj,GPRParameters.vb,62,43,3,16,1,14,0,0,0,1957,1.96 KB
G:/GCModeller/src/GCModeller/annotations/GPR/GPR.vbproj,MetabolicAssociator.vb,428,78,72,278,1,0,9,3,0,18201,18.20 KB
G:/GCModeller/src/GCModeller/annotations/GPR/GPR.vbproj,Pathway.vb,85,5,16,64,1,1,1,1,0,3331,3.33 KB
G:/GCModeller/src/GCModeller/annotations/GPR/GPR.vbproj,ReactionContinuityChecker.vb,62,14,11,37,1,0,2,1,0,2623,2.62 KB
G:/GCModeller/src/GCModeller/annotations/GPR/GPR.vbproj,Result.vb,100,8,16,76,3,10,1,4,0,3347,3.35 KB
G:/GCModeller/src/GCModeller/annotations/GPR/GPR.vbproj,<project>,1131,202,192,737,13,33,21,17,0,44816,44.82 KB
G:/GCModeller/src/GCModeller/annotations/GSEA/FELLA/FELLA.vbproj,BuildGraph.vb,215,69,32,114,1,0,0,3,0,10058,10.06 KB
G:/GCModeller/src/GCModeller/annotations/GSEA/FELLA/FELLA.vbproj,Enrich.vb,93,29,15,49,1,0,0,2,0,4096,4.10 KB
G:/GCModeller/src/GCModeller/annotations/GSEA/FELLA/FELLA.vbproj,ExportResults.vb,246,51,41,154,1,0,1,5,0,10502,10.50 KB
G:/GCModeller/src/GCModeller/annotations/GSEA/FELLA/FELLA.vbproj,FellaData.vb,309,105,55,149,3,12,6,1,0,12495,12.49 KB
G:/GCModeller/src/GCModeller/annotations/GSEA/FELLA/FELLA.vbproj,FellaUser.vb,173,59,34,80,5,19,2,4,0,6675,6.67 KB
G:/GCModeller/src/GCModeller/annotations/GSEA/FELLA/FELLA.vbproj,KeggGraph.vb,352,98,48,206,4,11,2,16,0,13183,13.18 KB
G:/GCModeller/src/GCModeller/annotations/GSEA/FELLA/FELLA.vbproj,Matrix.vb,477,66,50,361,1,3,4,17,5,16962,16.96 KB
G:/GCModeller/src/GCModeller/annotations/GSEA/FELLA/FELLA.vbproj,RunDiffusion.vb,213,74,26,113,1,0,2,2,0,8771,8.77 KB
G:/GCModeller/src/GCModeller/annotations/GSEA/FELLA/FELLA.vbproj,RunHypergeom.vb,115,40,18,57,1,0,0,1,0,4824,4.82 KB
G:/GCModeller/src/GCModeller/annotations/GSEA/FELLA/FELLA.vbproj,RunPagerank.vb,190,57,25,108,1,0,2,1,0,7934,7.93 KB
G:/GCModeller/src/GCModeller/annotations/GSEA/FELLA/FELLA.vbproj,Statistics.vb,594,176,81,337,1,0,2,27,0,23574,23.57 KB
G:/GCModeller/src/GCModeller/annotations/GSEA/FELLA/FELLA.vbproj,<project>,2977,824,425,1728,20,45,21,79,5,119074,119.07 KB
G:/GCModeller/src/GCModeller/annotations/GSEA/FELLA/test/test.vbproj,Program.vb,180,44,29,107,1,0,1,0,0,8088,8.09 KB
G:/GCModeller/src/GCModeller/annotations/GSEA/FELLA/test/test.vbproj,<project>,180,44,29,107,1,0,1,0,0,8088,8.09 KB
G:/GCModeller/src/GCModeller/annotations/GSEA/FisherCore/Fisher.NET5.vbproj,Enrichment.vb,160,33,17,110,1,0,0,4,0,6598,6.60 KB
G:/GCModeller/src/GCModeller/annotations/GSEA/FisherCore/Fisher.NET5.vbproj,EnrichmentResult.vb,35,11,7,17,1,11,0,1,0,1193,1.19 KB
G:/GCModeller/src/GCModeller/annotations/GSEA/FisherCore/Fisher.NET5.vbproj,Extensions.vb,30,0,6,24,1,0,0,1,0,1189,1.19 KB
G:/GCModeller/src/GCModeller/annotations/GSEA/FisherCore/Fisher.NET5.vbproj,GSEA.vb,153,32,26,95,3,2,2,6,0,6138,6.14 KB
G:/GCModeller/src/GCModeller/annotations/GSEA/FisherCore/Fisher.NET5.vbproj,OntologyBackground.vb,67,10,6,51,1,0,0,4,0,2491,2.49 KB
G:/GCModeller/src/GCModeller/annotations/GSEA/FisherCore/Fisher.NET5.vbproj,KnowledgeBase/Background.vb,116,42,14,60,1,6,0,5,0,3792,3.79 KB
G:/GCModeller/src/GCModeller/annotations/GSEA/FisherCore/Fisher.NET5.vbproj,KnowledgeBase/BackgroundGene.vb,95,19,17,59,1,3,3,4,0,2618,2.62 KB
G:/GCModeller/src/GCModeller/annotations/GSEA/FisherCore/Fisher.NET5.vbproj,KnowledgeBase/Cluster.vb,124,31,14,79,1,7,1,5,0,4482,4.48 KB
G:/GCModeller/src/GCModeller/annotations/GSEA/FisherCore/Fisher.NET5.vbproj,<project>,780,178,107,495,10,29,6,30,0,28501,28.50 KB
G:/GCModeller/src/GCModeller/annotations/GSEA/GSEA/gsea-netcore5.vbproj,Extensions.vb,60,0,6,54,1,0,0,3,0,2284,2.28 KB
G:/GCModeller/src/GCModeller/annotations/GSEA/GSEA/gsea-netcore5.vbproj,KnowledgeBase/GenericBackground.vb,58,6,5,47,1,0,0,3,0,2033,2.03 KB
G:/GCModeller/src/GCModeller/annotations/GSEA/GSEA/gsea-netcore5.vbproj,KnowledgeBase/IDConvertor.vb,93,15,12,66,1,0,1,2,0,3188,3.19 KB
G:/GCModeller/src/GCModeller/annotations/GSEA/GSEA/gsea-netcore5.vbproj,KnowledgeBase/KEGG.vb,127,4,13,110,1,0,0,5,0,5109,5.11 KB
G:/GCModeller/src/GCModeller/annotations/GSEA/GSEA/gsea-netcore5.vbproj,KnowledgeBase/MetaEnrich.vb,54,6,5,43,3,0,0,2,0,2089,2.09 KB
G:/GCModeller/src/GCModeller/annotations/GSEA/GSEA/gsea-netcore5.vbproj,KOBAS/phenotype.vb,53,4,10,39,1,6,1,1,0,1781,1.78 KB
G:/GCModeller/src/GCModeller/annotations/GSEA/GSEA/gsea-netcore5.vbproj,My Project/Application.Designer.vb,12,9,1,2,0,0,0,0,0,434,434 B
G:/GCModeller/src/GCModeller/annotations/GSEA/GSEA/gsea-netcore5.vbproj,My Project/AssemblyInfo.vb,36,15,6,15,0,0,0,0,0,1250,1.25 KB
G:/GCModeller/src/GCModeller/annotations/GSEA/GSEA/gsea-netcore5.vbproj,My Project/Resources.Designer.vb,63,23,8,32,1,2,0,0,0,2798,2.80 KB
G:/GCModeller/src/GCModeller/annotations/GSEA/GSEA/gsea-netcore5.vbproj,My Project/Settings.Designer.vb,74,9,12,53,2,2,1,0,0,3042,3.04 KB
G:/GCModeller/src/GCModeller/annotations/GSEA/GSEA/gsea-netcore5.vbproj,KnowledgeBase/Imports/CreateKEGGClusters.vb,72,5,6,61,1,0,0,2,0,3270,3.27 KB
G:/GCModeller/src/GCModeller/annotations/GSEA/GSEA/gsea-netcore5.vbproj,KnowledgeBase/Imports/Imports.vb,164,27,21,116,3,0,0,6,0,6325,6.33 KB
G:/GCModeller/src/GCModeller/annotations/GSEA/GSEA/gsea-netcore5.vbproj,KnowledgeBase/Imports/KeggPathway.vb,106,8,9,89,2,0,0,4,0,4157,4.16 KB
G:/GCModeller/src/GCModeller/annotations/GSEA/GSEA/gsea-netcore5.vbproj,KnowledgeBase/Imports/UniProtModel.vb,179,11,24,144,1,0,0,8,0,6889,6.89 KB
G:/GCModeller/src/GCModeller/annotations/GSEA/GSEA/gsea-netcore5.vbproj,KnowledgeBase/KEGG/KOMapCluster.vb,70,5,10,55,1,0,1,4,0,2676,2.68 KB
G:/GCModeller/src/GCModeller/annotations/GSEA/GSEA/gsea-netcore5.vbproj,KOBAS/Formats/CLS.vb,79,45,6,28,1,4,0,1,0,3099,3.10 KB
G:/GCModeller/src/GCModeller/annotations/GSEA/GSEA/gsea-netcore5.vbproj,KOBAS/Formats/Gct.vb,83,5,13,65,3,5,0,5,0,3161,3.16 KB
G:/GCModeller/src/GCModeller/annotations/GSEA/GSEA/gsea-netcore5.vbproj,KOBAS/Formats/Gmt.vb,92,21,10,61,1,4,0,4,0,3905,3.90 KB
G:/GCModeller/src/GCModeller/annotations/GSEA/GSEA/gsea-netcore5.vbproj,<project>,1475,218,177,1080,24,23,4,50,0,57490,57.49 KB
G:/GCModeller/src/GCModeller/annotations/GSEA/GSEA.KnowledgeBase.Extensions/GSEA.KB.NET5.vbproj,BBHLibrary.vb,74,13,8,53,1,0,0,1,0,3053,3.05 KB
G:/GCModeller/src/GCModeller/annotations/GSEA/GSEA.KnowledgeBase.Extensions/GSEA.KB.NET5.vbproj,KOBASDatabase.vb,8,0,2,6,1,0,0,1,0,246,246 B
G:/GCModeller/src/GCModeller/annotations/GSEA/GSEA.KnowledgeBase.Extensions/GSEA.KB.NET5.vbproj,NamespaceDoc.vb,5,3,0,2,1,0,0,0,0,116,116 B
G:/GCModeller/src/GCModeller/annotations/GSEA/GSEA.KnowledgeBase.Extensions/GSEA.KB.NET5.vbproj,Metabolism/EnrichmentNetwork.vb,288,41,33,214,1,0,0,7,0,13111,13.11 KB
G:/GCModeller/src/GCModeller/annotations/GSEA/GSEA.KnowledgeBase.Extensions/GSEA.KB.NET5.vbproj,Metabolism/KEGGCompounds.vb,162,23,17,122,1,0,0,2,0,6514,6.51 KB
G:/GCModeller/src/GCModeller/annotations/GSEA/GSEA.KnowledgeBase.Extensions/GSEA.KB.NET5.vbproj,Metabolism/MultipleOmics.vb,71,14,7,50,1,0,0,2,0,2635,2.63 KB
G:/GCModeller/src/GCModeller/annotations/GSEA/GSEA.KnowledgeBase.Extensions/GSEA.KB.NET5.vbproj,OntologyBackground/GoImports.vb,3,0,1,2,1,0,0,0,0,37,37 B
G:/GCModeller/src/GCModeller/annotations/GSEA/GSEA.KnowledgeBase.Extensions/GSEA.KB.NET5.vbproj,Metabolism/Metpa/dgr.vb,70,0,13,57,2,4,0,4,0,2821,2.82 KB
G:/GCModeller/src/GCModeller/annotations/GSEA/GSEA.KnowledgeBase.Extensions/GSEA.KB.NET5.vbproj,Metabolism/Metpa/graph.vb,47,4,12,31,2,4,1,2,0,1287,1.29 KB
G:/GCModeller/src/GCModeller/annotations/GSEA/GSEA.KnowledgeBase.Extensions/GSEA.KB.NET5.vbproj,Metabolism/Metpa/metpa.vb,109,41,13,55,3,7,0,3,0,4434,4.43 KB
G:/GCModeller/src/GCModeller/annotations/GSEA/GSEA.KnowledgeBase.Extensions/GSEA.KB.NET5.vbproj,Metabolism/Metpa/mset.vb,73,13,14,46,2,4,0,4,0,2482,2.48 KB
G:/GCModeller/src/GCModeller/annotations/GSEA/GSEA.KnowledgeBase.Extensions/GSEA.KB.NET5.vbproj,Metabolism/Metpa/pathIds.vb,24,0,6,18,1,2,0,2,0,875,875 B
G:/GCModeller/src/GCModeller/annotations/GSEA/GSEA.KnowledgeBase.Extensions/GSEA.KB.NET5.vbproj,Metabolism/Metpa/pathSmps.vb,9,0,3,6,1,2,0,0,0,174,174 B
G:/GCModeller/src/GCModeller/annotations/GSEA/GSEA.KnowledgeBase.Extensions/GSEA.KB.NET5.vbproj,Metabolism/Metpa/rbc.vb,70,0,13,57,2,4,0,4,0,2820,2.82 KB
G:/GCModeller/src/GCModeller/annotations/GSEA/GSEA.KnowledgeBase.Extensions/GSEA.KB.NET5.vbproj,<project>,1013,152,142,719,20,27,1,32,0,40605,40.60 KB
G:/GCModeller/src/GCModeller/annotations/GSEA/GSVA/GSVA.vbproj,GSVA.vb,246,5,29,212,1,0,0,5,0,10663,10.66 KB
G:/GCModeller/src/GCModeller/annotations/GSEA/GSVA/GSVA.vbproj,plage.vb,3,0,1,2,1,0,0,0,0,26,26 B
G:/GCModeller/src/GCModeller/annotations/GSEA/GSVA/GSVA.vbproj,ssgsea.vb,3,0,1,2,1,0,0,0,0,27,27 B
G:/GCModeller/src/GCModeller/annotations/GSEA/GSVA/GSVA.vbproj,utils.vb,67,15,10,42,1,0,0,3,0,2844,2.84 KB
G:/GCModeller/src/GCModeller/annotations/GSEA/GSVA/GSVA.vbproj,zscore.vb,3,0,1,2,1,0,0,0,0,27,27 B
G:/GCModeller/src/GCModeller/annotations/GSEA/GSVA/GSVA.vbproj,C/kernel_estimation.vb,148,19,32,97,1,0,1,5,0,5081,5.08 KB
G:/GCModeller/src/GCModeller/annotations/GSEA/GSVA/GSVA.vbproj,C/ks_test.vb,100,16,18,66,1,0,0,2,0,3773,3.77 KB
G:/GCModeller/src/GCModeller/annotations/GSEA/GSVA/GSVA.vbproj,Flags/KCDFs.vb,5,0,0,5,1,0,0,0,0,64,64 B
G:/GCModeller/src/GCModeller/annotations/GSEA/GSVA/GSVA.vbproj,Flags/Methods.vb,6,0,0,6,1,0,0,0,0,74,74 B
G:/GCModeller/src/GCModeller/annotations/GSEA/GSVA/GSVA.vbproj,<project>,581,55,92,434,9,0,1,15,0,22579,22.58 KB
G:/GCModeller/src/GCModeller/annotations/GSEA/GSVA/test/test.vbproj,ArabidopsisThaliana.vb,72,0,9,63,1,0,1,2,0,2903,2.90 KB
G:/GCModeller/src/GCModeller/annotations/GSEA/GSVA/test/test.vbproj,Program.vb,62,0,8,54,3,14,1,1,0,2508,2.51 KB
G:/GCModeller/src/GCModeller/annotations/GSEA/GSVA/test/test.vbproj,<project>,134,0,17,117,4,14,2,3,0,5411,5.41 KB
G:/GCModeller/src/GCModeller/annotations/GSEA/PFSNet/PFSNet/PFSNet.NET5.vbproj,PFSNet.vb,155,35,27,93,1,0,0,3,0,6441,6.44 KB
G:/GCModeller/src/GCModeller/annotations/GSEA/PFSNet/PFSNet/PFSNet.NET5.vbproj,Algorithm/ccs_statistics.vb,40,15,5,20,1,0,0,1,0,1661,1.66 KB
G:/GCModeller/src/GCModeller/annotations/GSEA/PFSNet/PFSNet/PFSNet.NET5.vbproj,Algorithm/computew1.vb,88,27,5,56,1,0,0,2,0,3556,3.56 KB
G:/GCModeller/src/GCModeller/annotations/GSEA/PFSNet/PFSNet/PFSNet.NET5.vbproj,Algorithm/estimatetdist.vb,72,8,14,50,1,0,0,2,0,2821,2.82 KB
G:/GCModeller/src/GCModeller/annotations/GSEA/PFSNet/PFSNet/PFSNet.NET5.vbproj,Algorithm/masked_ggi.vb,124,60,10,54,1,0,0,4,0,4960,4.96 KB
G:/GCModeller/src/GCModeller/annotations/GSEA/PFSNet/PFSNet/PFSNet.NET5.vbproj,Algorithm/subnet_scores.vb,78,32,9,37,1,0,0,4,0,2896,2.90 KB
G:/GCModeller/src/GCModeller/annotations/GSEA/PFSNet/PFSNet/PFSNet.NET5.vbproj,Models/Graph.vb,117,27,11,79,1,0,0,3,0,6038,6.04 KB
G:/GCModeller/src/GCModeller/annotations/GSEA/PFSNet/PFSNet/PFSNet.NET5.vbproj,Models/PfsNet.vb,112,52,12,48,2,10,0,2,0,4336,4.34 KB
G:/GCModeller/src/GCModeller/annotations/GSEA/PFSNet/PFSNet/PFSNet.NET5.vbproj,Models/PFSNetResultOut.vb,41,22,6,13,1,5,0,1,0,1361,1.36 KB
G:/GCModeller/src/GCModeller/annotations/GSEA/PFSNet/PFSNet/PFSNet.NET5.vbproj,Models/R.vb,64,8,12,44,1,0,0,6,0,2495,2.50 KB
G:/GCModeller/src/GCModeller/annotations/GSEA/PFSNet/PFSNet/PFSNet.NET5.vbproj,Models/GraphEdge/GraphEdge.vb,53,16,7,30,1,4,0,2,0,1969,1.97 KB
G:/GCModeller/src/GCModeller/annotations/GSEA/PFSNet/PFSNet/PFSNet.NET5.vbproj,Models/GraphEdge/GraphEdgeConnector.vb,32,0,4,28,1,0,1,1,0,1136,1.14 KB
G:/GCModeller/src/GCModeller/annotations/GSEA/PFSNet/PFSNet/PFSNet.NET5.vbproj,<project>,976,302,122,552,13,19,1,31,0,39670,39.67 KB
G:/GCModeller/src/GCModeller/annotations/GSEA/PFSNet/PFSNet_visual/PFSNet_visual.NET5.vbproj,BubblePlot.vb,134,3,13,118,1,0,0,3,0,5442,5.44 KB
G:/GCModeller/src/GCModeller/annotations/GSEA/PFSNet/PFSNet_visual/PFSNet_visual.NET5.vbproj,ggiBuilder.vb,52,6,6,40,1,0,0,1,0,2083,2.08 KB
G:/GCModeller/src/GCModeller/annotations/GSEA/PFSNet/PFSNet_visual/PFSNet_visual.NET5.vbproj,<project>,186,9,19,158,2,0,0,4,0,7525,7.53 KB
G:/GCModeller/src/GCModeller/annotations/KEGG/KEGGAnalysis.NET5.vbproj,DEPsKOHeatmap.vb,78,20,7,51,1,0,0,3,0,3553,3.55 KB
G:/GCModeller/src/GCModeller/annotations/KEGG/KEGGAnalysis.NET5.vbproj,GSVANetwork.vb,99,9,13,77,1,0,0,1,0,4492,4.49 KB
G:/GCModeller/src/GCModeller/annotations/KEGG/KEGGAnalysis.NET5.vbproj,KEGGOrthology.vb,316,31,39,246,1,0,0,6,0,12661,12.66 KB
G:/GCModeller/src/GCModeller/annotations/KEGG/KEGGAnalysis.NET5.vbproj,PathForceBuilder.vb,84,7,13,64,1,0,0,2,0,3209,3.21 KB
G:/GCModeller/src/GCModeller/annotations/KEGG/KEGGAnalysis.NET5.vbproj,PathwayMap.vb,92,21,13,58,1,0,0,3,0,3458,3.46 KB
G:/GCModeller/src/GCModeller/annotations/KEGG/KEGGAnalysis.NET5.vbproj,Reconstruct/Reconstruction.vb,293,40,34,219,1,0,0,8,0,11861,11.86 KB
G:/GCModeller/src/GCModeller/annotations/KEGG/KEGGAnalysis.NET5.vbproj,Reconstruct/UniqueRank.vb,107,15,12,80,1,0,0,4,0,4653,4.65 KB
G:/GCModeller/src/GCModeller/annotations/KEGG/KEGGAnalysis.NET5.vbproj,<project>,1069,143,131,795,7,0,0,27,0,43887,43.89 KB
G:/GCModeller/src/GCModeller/annotations/P-NET/P-NET/P-NET.vbproj,NNBuilder.vb,3,0,1,2,1,0,0,0,0,35,35 B
G:/GCModeller/src/GCModeller/annotations/P-NET/P-NET/P-NET.vbproj,<project>,3,0,1,2,1,0,0,0,0,35,35 B
G:/GCModeller/src/GCModeller/annotations/Proteomics/Proteomics.NET5.vbproj,AnalysisCommon.vb,137,43,27,67,1,0,0,3,0,4910,4.91 KB
G:/GCModeller/src/GCModeller/annotations/Proteomics/Proteomics.NET5.vbproj,CloudPlot.vb,147,15,12,120,1,0,0,1,0,6129,6.13 KB
G:/GCModeller/src/GCModeller/annotations/Proteomics/Proteomics.NET5.vbproj,DEP.vb,27,5,4,18,1,6,0,1,0,1098,1.10 KB
G:/GCModeller/src/GCModeller/annotations/Proteomics/Proteomics.NET5.vbproj,Mappings.vb,56,11,6,39,1,0,0,2,0,2182,2.18 KB
G:/GCModeller/src/GCModeller/annotations/Proteomics/Proteomics.NET5.vbproj,Plots.vb,110,16,13,81,1,0,0,3,0,4351,4.35 KB
G:/GCModeller/src/GCModeller/annotations/Proteomics/Proteomics.NET5.vbproj,ProteinGroups.vb,471,60,55,356,1,0,1,10,0,19806,19.81 KB
G:/GCModeller/src/GCModeller/annotations/Proteomics/Proteomics.NET5.vbproj,RSDPdensity.vb,137,24,12,101,1,0,0,2,0,5618,5.62 KB
G:/GCModeller/src/GCModeller/annotations/Proteomics/Proteomics.NET5.vbproj,DATA/Perseus.vb,71,12,10,49,1,19,0,3,0,2957,2.96 KB
G:/GCModeller/src/GCModeller/annotations/Proteomics/Proteomics.NET5.vbproj,DATA/UniprotAnnotations.vb,19,0,3,16,1,10,0,1,0,588,588 B
G:/GCModeller/src/GCModeller/annotations/Proteomics/Proteomics.NET5.vbproj,iTraq/iTraqReader.vb,79,10,13,56,3,12,0,4,0,3274,3.27 KB
G:/GCModeller/src/GCModeller/annotations/Proteomics/Proteomics.NET5.vbproj,iTraq/iTraqSample.vb,350,60,47,243,3,0,0,9,0,14220,14.22 KB
G:/GCModeller/src/GCModeller/annotations/Proteomics/Proteomics.NET5.vbproj,iTraq/iTraqSymbols.vb,29,15,3,11,1,4,0,1,0,939,939 B
G:/GCModeller/src/GCModeller/annotations/Proteomics/Proteomics.NET5.vbproj,iTraq/iTraqTtest.vb,153,22,21,110,1,0,0,4,0,5815,5.82 KB
G:/GCModeller/src/GCModeller/annotations/Proteomics/Proteomics.NET5.vbproj,iTraq/iTraq_csvReader.vb,189,20,23,146,1,0,0,6,0,7328,7.33 KB
G:/GCModeller/src/GCModeller/annotations/Proteomics/Proteomics.NET5.vbproj,LabelFree/FoldChangeMatrix.vb,160,29,17,114,1,0,0,5,0,6771,6.77 KB
G:/GCModeller/src/GCModeller/annotations/Proteomics/Proteomics.NET5.vbproj,LabelFree/LabelFreeTtest.vb,114,18,9,87,1,0,0,3,0,4680,4.68 KB
G:/GCModeller/src/GCModeller/annotations/Proteomics/Proteomics.NET5.vbproj,LabelFree/SignificanceAB.vb,125,60,15,50,1,0,0,3,0,4934,4.93 KB
G:/GCModeller/src/GCModeller/annotations/Proteomics/Proteomics.NET5.vbproj,<project>,2374,420,290,1664,21,51,1,61,0,95600,95.60 KB
G:/GCModeller/src/GCModeller/annotations/WGCNA/test/test.vbproj,Module1.vb,21,0,5,16,1,0,1,0,0,1018,1018 B
G:/GCModeller/src/GCModeller/annotations/WGCNA/test/test.vbproj,networkTest.vb,15,0,3,12,1,0,1,0,0,678,678 B
G:/GCModeller/src/GCModeller/annotations/WGCNA/test/test.vbproj,<project>,36,0,8,28,2,0,2,0,0,1696,1.70 KB
G:/GCModeller/src/GCModeller/annotations/WGCNA/WGCNA/WGCNA.vbproj,Analysis.vb,265,49,41,175,1,0,0,5,0,12026,12.03 KB
G:/GCModeller/src/GCModeller/annotations/WGCNA/WGCNA/WGCNA.vbproj,CorrelationNetwork.vb,59,1,9,49,1,0,0,2,0,2510,2.51 KB
G:/GCModeller/src/GCModeller/annotations/WGCNA/WGCNA/WGCNA.vbproj,Result.vb,152,77,15,60,1,12,0,5,0,6046,6.05 KB
G:/GCModeller/src/GCModeller/annotations/WGCNA/WGCNA/WGCNA.vbproj,Algorithm/BetaTest.vb,90,20,10,60,1,8,0,5,0,3940,3.94 KB
G:/GCModeller/src/GCModeller/annotations/WGCNA/WGCNA/WGCNA.vbproj,Algorithm/ModulePhenotype.vb,309,113,31,165,1,0,0,7,0,13437,13.44 KB
G:/GCModeller/src/GCModeller/annotations/WGCNA/WGCNA/WGCNA.vbproj,Algorithm/SoftLinear.vb,23,3,3,17,1,0,0,1,0,932,932 B
G:/GCModeller/src/GCModeller/annotations/WGCNA/WGCNA/WGCNA.vbproj,Algorithm/TOM.vb,130,39,12,79,1,0,0,4,0,5085,5.08 KB
G:/GCModeller/src/GCModeller/annotations/WGCNA/WGCNA/WGCNA.vbproj,Algorithm/WeightedNetwork.vb,95,44,11,40,1,0,0,4,0,3465,3.46 KB
G:/GCModeller/src/GCModeller/annotations/WGCNA/WGCNA/WGCNA.vbproj,ResultTables/GeneSignificanceResult.vb,39,21,7,11,1,6,0,1,0,936,936 B
G:/GCModeller/src/GCModeller/annotations/WGCNA/WGCNA/WGCNA.vbproj,ResultTables/ModuleEigengeneResult.vb,25,15,4,6,1,4,0,0,0,609,609 B
G:/GCModeller/src/GCModeller/annotations/WGCNA/WGCNA/WGCNA.vbproj,ResultTables/ModuleMembershipResult.vb,55,23,8,24,1,5,0,2,0,1637,1.64 KB
G:/GCModeller/src/GCModeller/annotations/WGCNA/WGCNA/WGCNA.vbproj,ResultTables/ModulePhenotypeCorrelation.vb,53,24,8,21,1,7,0,1,0,1300,1.30 KB
G:/GCModeller/src/GCModeller/annotations/WGCNA/WGCNA/WGCNA.vbproj,<project>,1295,429,159,707,12,42,0,37,0,51923,51.92 KB
G:/GCModeller/src/GCModeller/core/Bio.Annotation/annotation.NET5.vbproj,AnnotationTable.vb,53,0,5,48,1,11,0,2,0,1890,1.89 KB
G:/GCModeller/src/GCModeller/core/Bio.Annotation/annotation.NET5.vbproj,eggNOG.vb,63,0,6,57,1,21,0,1,0,2408,2.41 KB
G:/GCModeller/src/GCModeller/core/Bio.Annotation/annotation.NET5.vbproj,IDMapping.vb,73,11,11,51,1,0,0,4,0,2708,2.71 KB
G:/GCModeller/src/GCModeller/core/Bio.Annotation/annotation.NET5.vbproj,GFF/Extensions.vb,149,7,18,124,1,0,0,7,0,6643,6.64 KB
G:/GCModeller/src/GCModeller/core/Bio.Annotation/annotation.NET5.vbproj,GFF/Feature.vb,295,116,28,151,1,19,0,2,0,14149,14.15 KB
G:/GCModeller/src/GCModeller/core/Bio.Annotation/annotation.NET5.vbproj,GFF/FeatureKeys.vb,102,16,11,75,1,1,1,5,0,4261,4.26 KB
G:/GCModeller/src/GCModeller/core/Bio.Annotation/annotation.NET5.vbproj,GFF/Features.vb,13,0,1,12,1,0,0,0,0,240,240 B
G:/GCModeller/src/GCModeller/core/Bio.Annotation/annotation.NET5.vbproj,GFF/GFF.vb,366,112,52,202,2,15,4,16,0,15484,15.48 KB
G:/GCModeller/src/GCModeller/core/Bio.Annotation/annotation.NET5.vbproj,GFF/Region.vb,45,6,7,32,1,3,0,3,0,1661,1.66 KB
G:/GCModeller/src/GCModeller/core/Bio.Annotation/annotation.NET5.vbproj,GFF/SequenceParser.vb,32,0,5,27,1,0,0,1,0,1421,1.42 KB
G:/GCModeller/src/GCModeller/core/Bio.Annotation/annotation.NET5.vbproj,PTF/AnnotationReader.vb,29,0,5,24,1,0,1,2,0,916,916 B
G:/GCModeller/src/GCModeller/core/Bio.Annotation/annotation.NET5.vbproj,PTF/KOSelector.vb,29,5,6,18,1,0,0,2,0,911,911 B
G:/GCModeller/src/GCModeller/core/Bio.Annotation/annotation.NET5.vbproj,PTF/ProteinAnnotation.vb,66,21,8,37,1,6,0,3,0,2285,2.29 KB
G:/GCModeller/src/GCModeller/core/Bio.Annotation/annotation.NET5.vbproj,PTF/PtfFile.vb,102,7,18,77,1,2,1,9,0,3954,3.95 KB
G:/GCModeller/src/GCModeller/core/Bio.Annotation/annotation.NET5.vbproj,GFF/Document/FeatureParser.vb,125,33,13,79,1,0,0,4,0,5108,5.11 KB
G:/GCModeller/src/GCModeller/core/Bio.Annotation/annotation.NET5.vbproj,GFF/Document/FileFormat.vb,100,7,15,78,3,0,1,4,0,4371,4.37 KB
G:/GCModeller/src/GCModeller/core/Bio.Annotation/annotation.NET5.vbproj,PTF/Document/DocumentBuilder.vb,27,0,5,22,1,0,1,1,0,1010,1010 B
G:/GCModeller/src/GCModeller/core/Bio.Annotation/annotation.NET5.vbproj,PTF/Document/PtfParser.vb,77,10,8,59,1,0,0,3,0,3099,3.10 KB
G:/GCModeller/src/GCModeller/core/Bio.Annotation/annotation.NET5.vbproj,<project>,1746,351,222,1173,21,78,9,69,0,72519,72.52 KB
G:/GCModeller/src/GCModeller/core/Bio.Assembly/biocore-netcore5.vbproj,BioAssemblyExtensions.vb,230,63,20,147,1,0,0,13,0,8824,8.82 KB
G:/GCModeller/src/GCModeller/core/Bio.Assembly/biocore-netcore5.vbproj,LICENSE.vb,119,59,12,48,1,2,2,1,0,4584,4.58 KB
G:/GCModeller/src/GCModeller/core/Bio.Assembly/biocore-netcore5.vbproj,ComponentModel/IExpressionValue.vb,10,0,4,6,1,1,0,0,0,237,237 B
G:/GCModeller/src/GCModeller/core/Bio.Assembly/biocore-netcore5.vbproj,ComponentModel/IMolecule.vb,11,0,3,8,1,4,0,0,0,234,234 B
G:/GCModeller/src/GCModeller/core/Bio.Assembly/biocore-netcore5.vbproj,ComponentModel/MimeTypes.vb,30,18,3,9,1,0,0,0,0,1416,1.42 KB
G:/GCModeller/src/GCModeller/core/Bio.Assembly/biocore-netcore5.vbproj,ComponentModel/PeriodicTable.vb,223,18,41,164,2,2,2,5,4,9342,9.34 KB
G:/GCModeller/src/GCModeller/core/Bio.Assembly/biocore-netcore5.vbproj,ComponentModel/TabularLoader.vb,33,3,7,23,1,0,1,3,0,1157,1.16 KB
G:/GCModeller/src/GCModeller/core/Bio.Assembly/biocore-netcore5.vbproj,ContextModel/Extensions.vb,45,6,5,34,1,0,0,2,0,1928,1.93 KB
G:/GCModeller/src/GCModeller/core/Bio.Assembly/biocore-netcore5.vbproj,ContextModel/GenomeContext.vb,549,202,63,284,1,6,1,19,0,24982,24.98 KB
G:/GCModeller/src/GCModeller/core/Bio.Assembly/biocore-netcore5.vbproj,ContextModel/Gtf.vb,48,0,6,42,1,0,0,2,0,1819,1.82 KB
G:/GCModeller/src/GCModeller/core/Bio.Assembly/biocore-netcore5.vbproj,MetabolicModel/CompartmentLocation.vb,8,0,3,5,1,0,0,0,0,160,160 B
G:/GCModeller/src/GCModeller/core/Bio.Assembly/biocore-netcore5.vbproj,MetabolicModel/KEGGConvertor.vb,33,0,5,28,1,0,0,2,0,1252,1.25 KB
G:/GCModeller/src/GCModeller/core/Bio.Assembly/biocore-netcore5.vbproj,Metagenomics/BIOMTaxonomy.vb,240,67,32,141,3,4,1,7,0,10768,10.77 KB
G:/GCModeller/src/GCModeller/core/Bio.Assembly/biocore-netcore5.vbproj,Metagenomics/BIOMTaxonomyParser.vb,69,25,10,34,1,0,0,3,0,2694,2.69 KB
G:/GCModeller/src/GCModeller/core/Bio.Assembly/biocore-netcore5.vbproj,Metagenomics/IGenomeObject.vb,87,16,16,55,2,3,1,4,0,2926,2.93 KB
G:/GCModeller/src/GCModeller/core/Bio.Assembly/biocore-netcore5.vbproj,Metagenomics/LCA.vb,340,45,62,233,3,6,2,10,0,13235,13.23 KB
G:/GCModeller/src/GCModeller/core/Bio.Assembly/biocore-netcore5.vbproj,Metagenomics/OTUData.vb,51,19,7,25,1,3,2,1,0,1710,1.71 KB
G:/GCModeller/src/GCModeller/core/Bio.Assembly/biocore-netcore5.vbproj,Metagenomics/SampleAbundanceSelector.vb,49,7,8,34,1,0,2,1,0,1985,1.99 KB
G:/GCModeller/src/GCModeller/core/Bio.Assembly/biocore-netcore5.vbproj,Metagenomics/Taxonomy.vb,379,83,49,247,1,11,5,11,4,14873,14.87 KB
G:/GCModeller/src/GCModeller/core/Bio.Assembly/biocore-netcore5.vbproj,Metagenomics/TaxonomyExtensions.vb,123,25,14,84,4,1,0,6,0,4933,4.93 KB
G:/GCModeller/src/GCModeller/core/Bio.Assembly/biocore-netcore5.vbproj,Metagenomics/TaxonomyRanks.vb,44,27,2,15,1,0,0,0,0,1243,1.24 KB
G:/GCModeller/src/GCModeller/core/Bio.Assembly/biocore-netcore5.vbproj,ProteinModel/Abstract.vb,22,11,4,7,1,2,0,0,0,598,598 B
G:/GCModeller/src/GCModeller/core/Bio.Assembly/biocore-netcore5.vbproj,ProteinModel/DomainModels.vb,52,3,8,41,1,5,2,1,0,1669,1.67 KB
G:/GCModeller/src/GCModeller/core/Bio.Assembly/biocore-netcore5.vbproj,ProteinModel/DomainObject.vb,78,13,11,54,1,5,2,3,0,2691,2.69 KB
G:/GCModeller/src/GCModeller/core/Bio.Assembly/biocore-netcore5.vbproj,ProteinModel/Extensions.vb,14,0,3,11,1,0,0,1,0,387,387 B
G:/GCModeller/src/GCModeller/core/Bio.Assembly/biocore-netcore5.vbproj,ProteinModel/ProteinDomains.vb,115,36,13,66,1,6,0,7,0,5011,5.01 KB
G:/GCModeller/src/GCModeller/core/Bio.Assembly/biocore-netcore5.vbproj,Query/IQueryExtensions.vb,105,27,14,64,1,0,0,3,0,4446,4.45 KB
G:/GCModeller/src/GCModeller/core/Bio.Assembly/biocore-netcore5.vbproj,Query/MatchContext.vb,6,0,2,4,1,0,0,0,0,88,88 B
G:/GCModeller/src/GCModeller/core/Bio.Assembly/biocore-netcore5.vbproj,Query/NamespaceDoc.vb,8,3,1,4,1,0,0,0,0,165,165 B
G:/GCModeller/src/GCModeller/core/Bio.Assembly/biocore-netcore5.vbproj,Resources/Default.Designer.vb,77,26,10,41,1,3,1,0,0,3324,3.32 KB
G:/GCModeller/src/GCModeller/core/Bio.Assembly/biocore-netcore5.vbproj,SequenceModel/Abstract.vb,57,31,7,19,2,3,0,0,0,1842,1.84 KB
G:/GCModeller/src/GCModeller/core/Bio.Assembly/biocore-netcore5.vbproj,SequenceModel/Bits.vb,121,22,20,79,1,3,1,6,0,4433,4.43 KB
G:/GCModeller/src/GCModeller/core/Bio.Assembly/biocore-netcore5.vbproj,SequenceModel/ISequenceModel.vb,99,44,11,44,1,3,0,2,0,3980,3.98 KB
G:/GCModeller/src/GCModeller/core/Bio.Assembly/biocore-netcore5.vbproj,SequenceModel/KSeqCartesianProduct.vb,50,8,7,35,1,0,1,1,0,1765,1.76 KB
G:/GCModeller/src/GCModeller/core/Bio.Assembly/biocore-netcore5.vbproj,SequenceModel/MWCalculator.vb,245,68,31,146,1,0,1,7,0,9282,9.28 KB
G:/GCModeller/src/GCModeller/core/Bio.Assembly/biocore-netcore5.vbproj,SequenceModel/SeqTypes.vb,24,12,3,9,1,0,0,0,0,548,548 B
G:/GCModeller/src/GCModeller/core/Bio.Assembly/biocore-netcore5.vbproj,SequenceModel/TypeExtensions.vb,140,49,15,76,1,3,1,6,0,4989,4.99 KB
G:/GCModeller/src/GCModeller/core/Bio.Assembly/biocore-netcore5.vbproj,Assembly/bac-srna.org/Database.vb,49,0,7,42,1,3,2,2,0,2309,2.31 KB
G:/GCModeller/src/GCModeller/core/Bio.Assembly/biocore-netcore5.vbproj,Assembly/bac-srna.org/Interaction.vb,49,21,7,21,1,6,0,1,0,1610,1.61 KB
G:/GCModeller/src/GCModeller/core/Bio.Assembly/biocore-netcore5.vbproj,Assembly/bac-srna.org/Sequence.vb,86,8,13,65,1,4,3,4,0,2999,3.00 KB
G:/GCModeller/src/GCModeller/core/Bio.Assembly/biocore-netcore5.vbproj,Assembly/DOMINE/Database.vb,66,0,13,53,1,6,2,4,0,2486,2.49 KB
G:/GCModeller/src/GCModeller/core/Bio.Assembly/biocore-netcore5.vbproj,Assembly/DOMINE/ImportsAPI.vb,69,0,10,59,1,0,0,6,0,2919,2.92 KB
G:/GCModeller/src/GCModeller/core/Bio.Assembly/biocore-netcore5.vbproj,Assembly/DOMINE/Tables.vb,221,66,11,144,4,29,0,5,0,7320,7.32 KB
G:/GCModeller/src/GCModeller/core/Bio.Assembly/biocore-netcore5.vbproj,Assembly/DOOR/csv.vb,73,6,13,54,1,0,0,2,0,2580,2.58 KB
G:/GCModeller/src/GCModeller/core/Bio.Assembly/biocore-netcore5.vbproj,Assembly/DOOR/DOOR_API.vb,168,45,13,110,1,0,0,7,0,8401,8.40 KB
G:/GCModeller/src/GCModeller/core/Bio.Assembly/biocore-netcore5.vbproj,Assembly/DOOR/IO.vb,73,12,8,53,1,0,0,3,0,2506,2.51 KB
G:/GCModeller/src/GCModeller/core/Bio.Assembly/biocore-netcore5.vbproj,Assembly/DOOR/ViewAPI.vb,24,0,5,19,1,0,0,2,0,1007,1007 B
G:/GCModeller/src/GCModeller/core/Bio.Assembly/biocore-netcore5.vbproj,Assembly/ELIXIR/NamespaceDoc.vb,32,27,1,4,1,0,0,0,0,1655,1.66 KB
G:/GCModeller/src/GCModeller/core/Bio.Assembly/biocore-netcore5.vbproj,Assembly/Expasy/API.vb,173,32,18,123,3,0,0,9,0,9564,9.56 KB
G:/GCModeller/src/GCModeller/core/Bio.Assembly/biocore-netcore5.vbproj,Assembly/Expasy/EnzymeClass.vb,69,30,10,29,3,11,0,2,0,2556,2.56 KB
G:/GCModeller/src/GCModeller/core/Bio.Assembly/biocore-netcore5.vbproj,Assembly/iGEM/iGEMQuery.vb,24,0,6,18,1,0,1,3,0,866,866 B
G:/GCModeller/src/GCModeller/core/Bio.Assembly/biocore-netcore5.vbproj,Assembly/iGEM/PartSeq.vb,48,5,5,38,1,6,0,1,0,1910,1.91 KB
G:/GCModeller/src/GCModeller/core/Bio.Assembly/biocore-netcore5.vbproj,Assembly/iGEM/rsbpml.vb,43,9,7,27,3,16,0,0,0,1570,1.57 KB
G:/GCModeller/src/GCModeller/core/Bio.Assembly/biocore-netcore5.vbproj,Assembly/KEGG/Extensions.vb,302,84,28,190,3,1,0,12,0,12284,12.28 KB
G:/GCModeller/src/GCModeller/core/Bio.Assembly/biocore-netcore5.vbproj,Assembly/KEGG/MetabolicEmbedding.vb,73,0,16,57,1,0,1,2,0,2626,2.63 KB
G:/GCModeller/src/GCModeller/core/Bio.Assembly/biocore-netcore5.vbproj,Assembly/KEGG/ReactionClassifier.vb,168,19,15,134,1,1,0,9,0,7564,7.56 KB
G:/GCModeller/src/GCModeller/core/Bio.Assembly/biocore-netcore5.vbproj,Assembly/KEGG/ReactionRepository.vb,262,50,27,185,1,1,1,14,0,10898,10.90 KB
G:/GCModeller/src/GCModeller/core/Bio.Assembly/biocore-netcore5.vbproj,Assembly/MetaCyc/Extensions.vb,70,6,13,51,1,1,0,2,0,2445,2.44 KB
G:/GCModeller/src/GCModeller/core/Bio.Assembly/biocore-netcore5.vbproj,Assembly/MiST2/WebHandler.vb,158,18,40,100,1,0,1,5,0,7762,7.76 KB
G:/GCModeller/src/GCModeller/core/Bio.Assembly/biocore-netcore5.vbproj,ComponentModel/Annotation/AlignmentResult.vb,39,24,5,10,2,4,0,0,0,1202,1.20 KB
G:/GCModeller/src/GCModeller/core/Bio.Assembly/biocore-netcore5.vbproj,ComponentModel/Annotation/COG.vb,79,0,16,63,2,2,0,3,0,2935,2.94 KB
G:/GCModeller/src/GCModeller/core/Bio.Assembly/biocore-netcore5.vbproj,ComponentModel/Annotation/GeneBrief.vb,60,35,10,15,3,5,0,0,0,2012,2.01 KB
G:/GCModeller/src/GCModeller/core/Bio.Assembly/biocore-netcore5.vbproj,ComponentModel/Annotation/GeneTable.vb,97,40,7,50,1,25,0,1,0,3795,3.79 KB
G:/GCModeller/src/GCModeller/core/Bio.Assembly/biocore-netcore5.vbproj,ComponentModel/Annotation/PathwayBrief.vb,68,32,8,28,1,4,0,1,0,2529,2.53 KB
G:/GCModeller/src/GCModeller/core/Bio.Assembly/biocore-netcore5.vbproj,ComponentModel/DBLinkBuilder/Abstract.vb,22,5,3,14,2,4,0,1,0,685,685 B
G:/GCModeller/src/GCModeller/core/Bio.Assembly/biocore-netcore5.vbproj,ComponentModel/DBLinkBuilder/DBLink.vb,89,20,15,54,1,3,2,6,0,3106,3.11 KB
G:/GCModeller/src/GCModeller/core/Bio.Assembly/biocore-netcore5.vbproj,ComponentModel/DBLinkBuilder/DBLinkBuilder.vb,136,10,20,106,1,9,5,0,0,5535,5.54 KB
G:/GCModeller/src/GCModeller/core/Bio.Assembly/biocore-netcore5.vbproj,ComponentModel/DBLinkBuilder/DBLinksManager.vb,118,9,17,92,1,4,3,2,0,4498,4.50 KB
G:/GCModeller/src/GCModeller/core/Bio.Assembly/biocore-netcore5.vbproj,ComponentModel/DBLinkBuilder/Xref.vb,58,0,10,48,1,1,2,3,0,2389,2.39 KB
G:/GCModeller/src/GCModeller/core/Bio.Assembly/biocore-netcore5.vbproj,ComponentModel/Equations/CompoundSpecies.vb,25,0,7,18,1,5,2,1,0,616,616 B
G:/GCModeller/src/GCModeller/core/Bio.Assembly/biocore-netcore5.vbproj,ComponentModel/Equations/Reaction.vb,75,15,13,47,1,8,0,3,0,2849,2.85 KB
G:/GCModeller/src/GCModeller/core/Bio.Assembly/biocore-netcore5.vbproj,ComponentModel/Equations/SideCompound.vb,25,0,8,17,1,2,2,1,0,556,556 B
G:/GCModeller/src/GCModeller/core/Bio.Assembly/biocore-netcore5.vbproj,ComponentModel/Locus/ExtensionMethods.vb,166,29,24,113,1,0,0,6,0,7506,7.51 KB
G:/GCModeller/src/GCModeller/core/Bio.Assembly/biocore-netcore5.vbproj,ComponentModel/Locus/Interfaces.vb,71,34,16,21,6,7,0,0,0,2004,2.00 KB
G:/GCModeller/src/GCModeller/core/Bio.Assembly/biocore-netcore5.vbproj,ComponentModel/Locus/Location.vb,281,112,34,135,1,6,4,10,2,10479,10.48 KB
G:/GCModeller/src/GCModeller/core/Bio.Assembly/biocore-netcore5.vbproj,ComponentModel/Locus/LocusExtensions.vb,268,84,33,151,1,0,0,10,0,11398,11.40 KB
G:/GCModeller/src/GCModeller/core/Bio.Assembly/biocore-netcore5.vbproj,ComponentModel/Locus/Position.vb,22,3,5,14,1,2,1,1,0,574,574 B
G:/GCModeller/src/GCModeller/core/Bio.Assembly/biocore-netcore5.vbproj,ContextModel/Algorithm/Context.vb,148,33,16,99,1,0,3,6,0,6654,6.65 KB
G:/GCModeller/src/GCModeller/core/Bio.Assembly/biocore-netcore5.vbproj,ContextModel/Algorithm/ContextCore.vb,72,17,7,48,1,0,0,2,0,3193,3.19 KB
G:/GCModeller/src/GCModeller/core/Bio.Assembly/biocore-netcore5.vbproj,ContextModel/Algorithm/ContextProvider.vb,260,74,29,157,1,0,3,8,0,13249,13.25 KB
G:/GCModeller/src/GCModeller/core/Bio.Assembly/biocore-netcore5.vbproj,ContextModel/Algorithm/Density.vb,45,15,5,25,1,6,0,1,0,1487,1.49 KB
G:/GCModeller/src/GCModeller/core/Bio.Assembly/biocore-netcore5.vbproj,ContextModel/Algorithm/Descriptions.vb,149,41,19,89,1,0,0,7,0,6685,6.68 KB
G:/GCModeller/src/GCModeller/core/Bio.Assembly/biocore-netcore5.vbproj,ContextModel/Algorithm/GenomicsContext.vb,35,16,6,13,1,2,0,3,0,1342,1.34 KB
G:/GCModeller/src/GCModeller/core/Bio.Assembly/biocore-netcore5.vbproj,ContextModel/Algorithm/Relationship.vb,75,17,11,47,1,3,2,2,0,2321,2.32 KB
G:/GCModeller/src/GCModeller/core/Bio.Assembly/biocore-netcore5.vbproj,ContextModel/Algorithm/TFDensity.vb,189,31,25,133,3,0,1,7,0,8179,8.18 KB
G:/GCModeller/src/GCModeller/core/Bio.Assembly/biocore-netcore5.vbproj,ContextModel/Operon/Operon.vb,6,0,2,4,1,0,0,0,0,88,88 B
G:/GCModeller/src/GCModeller/core/Bio.Assembly/biocore-netcore5.vbproj,ContextModel/Promoter/Extensions.vb,221,70,28,123,1,0,0,5,0,10312,10.31 KB
G:/GCModeller/src/GCModeller/core/Bio.Assembly/biocore-netcore5.vbproj,ContextModel/Promoter/PrefixLength.vb,12,0,1,11,1,0,0,0,0,243,243 B
G:/GCModeller/src/GCModeller/core/Bio.Assembly/biocore-netcore5.vbproj,ContextModel/Promoter/PromoterRegionParser.vb,106,23,16,67,1,2,3,4,0,4409,4.41 KB
G:/GCModeller/src/GCModeller/core/Bio.Assembly/biocore-netcore5.vbproj,MetabolicModel/Models/MetabolicCompound.vb,29,0,6,23,1,6,0,1,0,1112,1.11 KB
G:/GCModeller/src/GCModeller/core/Bio.Assembly/biocore-netcore5.vbproj,MetabolicModel/Models/MetabolicEnzyme.vb,11,0,4,7,1,1,0,0,0,336,336 B
G:/GCModeller/src/GCModeller/core/Bio.Assembly/biocore-netcore5.vbproj,MetabolicModel/Models/MetabolicPathway.vb,34,5,7,22,1,5,0,2,0,1290,1.29 KB
G:/GCModeller/src/GCModeller/core/Bio.Assembly/biocore-netcore5.vbproj,MetabolicModel/Models/MetabolicReaction.vb,44,13,7,24,1,8,0,2,0,1980,1.98 KB
G:/GCModeller/src/GCModeller/core/Bio.Assembly/biocore-netcore5.vbproj,ProteinModel/Chou-Fasman/AminoAcid.vb,66,12,12,42,1,7,1,1,0,2262,2.26 KB
G:/GCModeller/src/GCModeller/core/Bio.Assembly/biocore-netcore5.vbproj,ProteinModel/Chou-Fasman/ChouFasman.vb,137,58,19,60,1,0,1,5,0,7175,7.17 KB
G:/GCModeller/src/GCModeller/core/Bio.Assembly/biocore-netcore5.vbproj,ProteinModel/Chou-Fasman/Matrix.vb,164,84,12,68,2,1,0,1,0,7758,7.76 KB
G:/GCModeller/src/GCModeller/core/Bio.Assembly/biocore-netcore5.vbproj,ProteinModel/Chou-Fasman/SecondaryStructures.vb,33,20,4,9,1,0,0,0,0,821,821 B
G:/GCModeller/src/GCModeller/core/Bio.Assembly/biocore-netcore5.vbproj,ProteinModel/Chou-Fasman/StructuralAnnotation.vb,22,0,6,16,1,3,0,0,0,630,630 B
G:/GCModeller/src/GCModeller/core/Bio.Assembly/biocore-netcore5.vbproj,Query/Term/geneName.vb,23,0,4,19,1,0,0,1,0,769,769 B
G:/GCModeller/src/GCModeller/core/Bio.Assembly/biocore-netcore5.vbproj,Resources/KEGG/KEGG.Designer.vb,266,162,19,85,1,12,1,0,0,12821,12.82 KB
G:/GCModeller/src/GCModeller/core/Bio.Assembly/biocore-netcore5.vbproj,Resources/transl_table/TranslTables.Designer.vb,462,304,28,130,1,21,1,0,0,22036,22.04 KB
G:/GCModeller/src/GCModeller/core/Bio.Assembly/biocore-netcore5.vbproj,SequenceModel/FASTA/Abstract.vb,53,31,9,13,3,4,0,1,0,1996,2.00 KB
G:/GCModeller/src/GCModeller/core/Bio.Assembly/biocore-netcore5.vbproj,SequenceModel/FASTA/Extensions.vb,83,11,14,58,1,0,1,2,0,3264,3.26 KB
G:/GCModeller/src/GCModeller/core/Bio.Assembly/biocore-netcore5.vbproj,SequenceModel/FASTA/HeaderFormats.vb,57,14,9,34,1,0,0,4,0,1918,1.92 KB
G:/GCModeller/src/GCModeller/core/Bio.Assembly/biocore-netcore5.vbproj,SequenceModel/NucleicAcid/Assembly.vb,67,13,12,42,1,0,2,2,0,2103,2.10 KB
G:/GCModeller/src/GCModeller/core/Bio.Assembly/biocore-netcore5.vbproj,SequenceModel/NucleicAcid/Bases.vb,37,7,6,24,1,0,1,0,0,1532,1.53 KB
G:/GCModeller/src/GCModeller/core/Bio.Assembly/biocore-netcore5.vbproj,SequenceModel/NucleicAcid/Extensions.vb,296,70,53,173,1,0,0,8,0,11583,11.58 KB
G:/GCModeller/src/GCModeller/core/Bio.Assembly/biocore-netcore5.vbproj,SequenceModel/NucleicAcid/mRNA.vb,92,9,21,62,1,0,0,1,0,3423,3.42 KB
G:/GCModeller/src/GCModeller/core/Bio.Assembly/biocore-netcore5.vbproj,SequenceModel/NucleicAcid/NucleicAcidStaticsProperty.vb,315,85,37,193,3,0,0,17,0,14391,14.39 KB
G:/GCModeller/src/GCModeller/core/Bio.Assembly/biocore-netcore5.vbproj,SequenceModel/Patterns/IPatterns.vb,140,25,26,89,4,8,3,10,0,5094,5.09 KB
G:/GCModeller/src/GCModeller/core/Bio.Assembly/biocore-netcore5.vbproj,SequenceModel/Patterns/PatternsAPI.vb,179,60,17,102,1,0,1,7,0,8681,8.68 KB
G:/GCModeller/src/GCModeller/core/Bio.Assembly/biocore-netcore5.vbproj,SequenceModel/Patterns/Variation.vb,204,3,20,181,2,3,1,5,0,8131,8.13 KB
G:/GCModeller/src/GCModeller/core/Bio.Assembly/biocore-netcore5.vbproj,SequenceModel/Polypeptides/AminoAcid.vb,146,95,24,27,1,0,0,0,0,3285,3.29 KB
G:/GCModeller/src/GCModeller/core/Bio.Assembly/biocore-netcore5.vbproj,SequenceModel/Polypeptides/AminoAcidObjUtility.vb,528,3,26,499,1,0,0,3,0,16548,16.55 KB
G:/GCModeller/src/GCModeller/core/Bio.Assembly/biocore-netcore5.vbproj,SequenceModel/Polypeptides/Polypeptides.vb,279,48,19,212,1,4,0,5,0,11789,11.79 KB
G:/GCModeller/src/GCModeller/core/Bio.Assembly/biocore-netcore5.vbproj,SequenceModel/Slicer/CutSequence.vb,234,68,31,135,1,0,0,10,0,9187,9.19 KB
G:/GCModeller/src/GCModeller/core/Bio.Assembly/biocore-netcore5.vbproj,SequenceModel/Slicer/KSeq.vb,140,65,18,57,1,2,0,8,0,6052,6.05 KB
G:/GCModeller/src/GCModeller/core/Bio.Assembly/biocore-netcore5.vbproj,SequenceModel/Slicer/Slicer.vb,78,14,19,45,4,1,4,4,0,2678,2.68 KB
G:/GCModeller/src/GCModeller/core/Bio.Assembly/biocore-netcore5.vbproj,Assembly/DOOR/Models/DOOR.vb,194,53,26,115,1,2,0,13,0,7195,7.20 KB
G:/GCModeller/src/GCModeller/core/Bio.Assembly/biocore-netcore5.vbproj,Assembly/DOOR/Models/Operon.vb,256,79,28,149,1,10,1,8,0,10867,10.87 KB
G:/GCModeller/src/GCModeller/core/Bio.Assembly/biocore-netcore5.vbproj,Assembly/DOOR/Models/OperonGene.vb,72,17,8,47,1,7,2,2,0,2769,2.77 KB
G:/GCModeller/src/GCModeller/core/Bio.Assembly/biocore-netcore5.vbproj,Assembly/DOOR/Models/OperonLDM.vb,38,24,3,11,1,4,0,1,0,1156,1.16 KB
G:/GCModeller/src/GCModeller/core/Bio.Assembly/biocore-netcore5.vbproj,Assembly/DOOR/Models/OperonView.vb,155,20,23,112,1,5,0,8,0,6017,6.02 KB
G:/GCModeller/src/GCModeller/core/Bio.Assembly/biocore-netcore5.vbproj,Assembly/ELIXIR/UniProt/IdMapping.vb,143,28,11,104,1,22,0,4,0,5107,5.11 KB
G:/GCModeller/src/GCModeller/core/Bio.Assembly/biocore-netcore5.vbproj,Assembly/Expasy/csv/Enzyme.vb,30,0,5,25,1,6,0,2,0,1125,1.12 KB
G:/GCModeller/src/GCModeller/core/Bio.Assembly/biocore-netcore5.vbproj,Assembly/Expasy/csv/SwissProt.vb,28,0,6,22,1,3,0,2,0,794,794 B
G:/GCModeller/src/GCModeller/core/Bio.Assembly/biocore-netcore5.vbproj,Assembly/Expasy/NomenclatureDB/Enzyme.vb,161,52,17,92,1,8,0,8,0,6679,6.68 KB
G:/GCModeller/src/GCModeller/core/Bio.Assembly/biocore-netcore5.vbproj,Assembly/Expasy/NomenclatureDB/NomenclatureDB.vb,118,24,14,80,1,3,1,4,0,5733,5.73 KB
G:/GCModeller/src/GCModeller/core/Bio.Assembly/biocore-netcore5.vbproj,Assembly/KEGG/Archives/SequenceDump.vb,176,6,27,143,1,4,1,7,0,7577,7.58 KB
G:/GCModeller/src/GCModeller/core/Bio.Assembly/biocore-netcore5.vbproj,Assembly/KEGG/DBGET/KEGGObjects.vb,52,33,4,15,1,0,0,0,0,1381,1.38 KB
G:/GCModeller/src/GCModeller/core/Bio.Assembly/biocore-netcore5.vbproj,Assembly/KEGG/DBGET/KOrthology.vb,71,9,15,47,1,4,0,5,0,2486,2.49 KB
G:/GCModeller/src/GCModeller/core/Bio.Assembly/biocore-netcore5.vbproj,Assembly/KEGG/Medical/Disease.vb,33,4,5,24,1,13,0,1,0,1213,1.21 KB
G:/GCModeller/src/GCModeller/core/Bio.Assembly/biocore-netcore5.vbproj,Assembly/KEGG/Medical/DiseaseParser.vb,41,0,5,36,1,0,0,2,0,1695,1.70 KB
G:/GCModeller/src/GCModeller/core/Bio.Assembly/biocore-netcore5.vbproj,Assembly/KEGG/Medical/Drug.vb,179,17,29,133,4,34,2,5,0,6189,6.19 KB
G:/GCModeller/src/GCModeller/core/Bio.Assembly/biocore-netcore5.vbproj,Assembly/KEGG/Medical/DrugGroup.vb,23,0,4,19,1,9,0,1,0,890,890 B
G:/GCModeller/src/GCModeller/core/Bio.Assembly/biocore-netcore5.vbproj,Assembly/KEGG/Medical/DrugParser.vb,256,25,37,194,1,0,0,8,0,9653,9.65 KB
G:/GCModeller/src/GCModeller/core/Bio.Assembly/biocore-netcore5.vbproj,Assembly/KEGG/Medical/Extensions.vb,85,11,12,62,1,0,0,3,0,3376,3.38 KB
G:/GCModeller/src/GCModeller/core/Bio.Assembly/biocore-netcore5.vbproj,Assembly/KEGG/Web/FetchSequence.vb,87,5,16,66,1,0,1,4,0,3357,3.36 KB
G:/GCModeller/src/GCModeller/core/Bio.Assembly/biocore-netcore5.vbproj,Assembly/KEGG/Web/PathwayMapping.vb,338,86,41,211,1,0,3,7,0,17247,17.25 KB
G:/GCModeller/src/GCModeller/core/Bio.Assembly/biocore-netcore5.vbproj,Assembly/KEGG/Web/QueryEntry.vb,225,68,32,125,3,5,2,7,0,8016,8.02 KB
G:/GCModeller/src/GCModeller/core/Bio.Assembly/biocore-netcore5.vbproj,Assembly/KEGG/Web/WebRequest.vb,377,112,51,214,3,0,0,18,0,16315,16.32 KB
G:/GCModeller/src/GCModeller/core/Bio.Assembly/biocore-netcore5.vbproj,Assembly/MetaCyc/Schemas/CompoundModelFactory.vb,28,0,7,21,3,5,0,1,0,1047,1.05 KB
G:/GCModeller/src/GCModeller/core/Bio.Assembly/biocore-netcore5.vbproj,Assembly/MetaCyc/Schemas/DBLink.vb,181,30,30,121,3,6,2,10,0,8477,8.48 KB
G:/GCModeller/src/GCModeller/core/Bio.Assembly/biocore-netcore5.vbproj,Assembly/MetaCyc/Schemas/EquationEquals.vb,116,24,16,76,1,1,0,5,0,5624,5.62 KB
G:/GCModeller/src/GCModeller/core/Bio.Assembly/biocore-netcore5.vbproj,Assembly/MetaCyc/Schemas/PathwayLink.vb,76,5,14,57,4,4,2,1,0,2677,2.68 KB
G:/GCModeller/src/GCModeller/core/Bio.Assembly/biocore-netcore5.vbproj,Assembly/MetaCyc/Schemas/PathwayMappingTool.vb,75,24,10,41,1,0,2,2,0,3716,3.72 KB
G:/GCModeller/src/GCModeller/core/Bio.Assembly/biocore-netcore5.vbproj,Assembly/MetaCyc/Schemas/PropertyAttributes.vb,72,6,12,54,1,1,1,5,0,3323,3.32 KB
G:/GCModeller/src/GCModeller/core/Bio.Assembly/biocore-netcore5.vbproj,Assembly/MetaCyc/Schemas/ProteinQuery.vb,45,6,8,31,1,0,1,1,0,1705,1.71 KB
G:/GCModeller/src/GCModeller/core/Bio.Assembly/biocore-netcore5.vbproj,Assembly/MetaCyc/Schemas/TransportReactions.vb,165,5,22,138,3,8,2,6,0,7545,7.54 KB
G:/GCModeller/src/GCModeller/core/Bio.Assembly/biocore-netcore5.vbproj,Assembly/MiST2/DocArchive/Domain.vb,48,11,5,32,1,0,0,3,0,1877,1.88 KB
G:/GCModeller/src/GCModeller/core/Bio.Assembly/biocore-netcore5.vbproj,Assembly/MiST2/DocArchive/MiST2.vb,157,9,24,124,1,11,1,8,0,7159,7.16 KB
G:/GCModeller/src/GCModeller/core/Bio.Assembly/biocore-netcore5.vbproj,Assembly/NCBI/SeqDump/nt.vb,102,8,14,80,1,4,1,3,0,4023,4.02 KB
G:/GCModeller/src/GCModeller/core/Bio.Assembly/biocore-netcore5.vbproj,Assembly/NCBI/SeqDump/NTheader.vb,84,3,16,65,1,0,0,5,0,2831,2.83 KB
G:/GCModeller/src/GCModeller/core/Bio.Assembly/biocore-netcore5.vbproj,Assembly/NCBI/SeqDump/Protein.vb,36,3,7,26,1,2,0,2,0,1128,1.13 KB
G:/GCModeller/src/GCModeller/core/Bio.Assembly/biocore-netcore5.vbproj,Assembly/NCBI/Taxonomy/Accession2Taxid.vb,153,35,25,93,1,4,0,6,0,6302,6.30 KB
G:/GCModeller/src/GCModeller/core/Bio.Assembly/biocore-netcore5.vbproj,Assembly/NCBI/Taxonomy/AccessionTaxID.vb,72,14,13,45,1,0,4,1,0,2769,2.77 KB
G:/GCModeller/src/GCModeller/core/Bio.Assembly/biocore-netcore5.vbproj,Assembly/NCBI/Taxonomy/TaxidMaps.vb,94,22,14,58,3,0,0,5,0,3625,3.62 KB
G:/GCModeller/src/GCModeller/core/Bio.Assembly/biocore-netcore5.vbproj,Assembly/NCBI/Taxonomy/Taxonomy.vb,164,43,23,98,4,8,0,8,0,6284,6.28 KB
G:/GCModeller/src/GCModeller/core/Bio.Assembly/biocore-netcore5.vbproj,Assembly/NCBI/Taxonomy/TaxonomyWeb.vb,19,12,2,5,1,0,0,0,0,853,853 B
G:/GCModeller/src/GCModeller/core/Bio.Assembly/biocore-netcore5.vbproj,Assembly/NCBI/WebServiceHandler/ComponentModel.vb,19,4,4,11,1,2,0,1,0,671,671 B
G:/GCModeller/src/GCModeller/core/Bio.Assembly/biocore-netcore5.vbproj,Assembly/NCBI/WebServiceHandler/Taxonomy.vb,113,14,19,80,4,9,1,4,0,4174,4.17 KB
G:/GCModeller/src/GCModeller/core/Bio.Assembly/biocore-netcore5.vbproj,ComponentModel/Annotation/EC/ECNumber.vb,236,68,30,138,1,5,0,9,0,8487,8.49 KB
G:/GCModeller/src/GCModeller/core/Bio.Assembly/biocore-netcore5.vbproj,ComponentModel/Annotation/EC/EnzymeClass.vb,49,34,3,12,1,0,0,0,0,1283,1.28 KB
G:/GCModeller/src/GCModeller/core/Bio.Assembly/biocore-netcore5.vbproj,ComponentModel/Annotation/EC/EnzymeQuery.vb,155,27,22,106,1,1,3,6,0,6459,6.46 KB
G:/GCModeller/src/GCModeller/core/Bio.Assembly/biocore-netcore5.vbproj,ComponentModel/Annotation/EC/IEnzymeObject.vb,19,5,6,8,2,2,0,0,0,448,448 B
G:/GCModeller/src/GCModeller/core/Bio.Assembly/biocore-netcore5.vbproj,ComponentModel/Annotation/Profiles/CatalogList.vb,134,15,22,97,1,5,6,8,0,4938,4.94 KB
G:/GCModeller/src/GCModeller/core/Bio.Assembly/biocore-netcore5.vbproj,ComponentModel/Annotation/Profiles/CatalogProfile.vb,119,16,18,85,1,3,4,6,0,4427,4.43 KB
G:/GCModeller/src/GCModeller/core/Bio.Assembly/biocore-netcore5.vbproj,ComponentModel/Annotation/Profiles/CatalogProfiles.vb,151,8,24,119,1,4,4,8,0,5988,5.99 KB
G:/GCModeller/src/GCModeller/core/Bio.Assembly/biocore-netcore5.vbproj,ComponentModel/Annotation/Profiles/CatalogProfiling.vb,79,10,16,53,2,4,0,5,0,2593,2.59 KB
G:/GCModeller/src/GCModeller/core/Bio.Assembly/biocore-netcore5.vbproj,ComponentModel/DBLinkBuilder/IdMapping/Document.vb,36,0,5,31,1,0,0,2,0,1405,1.41 KB
G:/GCModeller/src/GCModeller/core/Bio.Assembly/biocore-netcore5.vbproj,ComponentModel/DBLinkBuilder/IdMapping/SecondaryIDSolver.vb,209,57,28,124,5,2,2,5,0,8202,8.20 KB
G:/GCModeller/src/GCModeller/core/Bio.Assembly/biocore-netcore5.vbproj,ComponentModel/DBLinkBuilder/IdMapping/Synonym.vb,40,16,6,18,1,2,0,2,0,1291,1.29 KB
G:/GCModeller/src/GCModeller/core/Bio.Assembly/biocore-netcore5.vbproj,ComponentModel/Equations/Equation/Abstract.vb,60,34,10,16,3,4,0,0,0,1890,1.89 KB
G:/GCModeller/src/GCModeller/core/Bio.Assembly/biocore-netcore5.vbproj,ComponentModel/Equations/Equation/Equation.vb,172,54,23,95,1,4,0,9,0,6310,6.31 KB
G:/GCModeller/src/GCModeller/core/Bio.Assembly/biocore-netcore5.vbproj,ComponentModel/Equations/Equation/EquationBuilder.vb,185,20,30,135,1,0,3,9,0,8458,8.46 KB
G:/GCModeller/src/GCModeller/core/Bio.Assembly/biocore-netcore5.vbproj,ComponentModel/Equations/Equation/Equivalence.vb,88,9,8,71,1,0,0,3,0,3869,3.87 KB
G:/GCModeller/src/GCModeller/core/Bio.Assembly/biocore-netcore5.vbproj,ComponentModel/Locus/LociSites/Extensions.vb,67,7,13,47,1,0,0,1,0,2614,2.61 KB
G:/GCModeller/src/GCModeller/core/Bio.Assembly/biocore-netcore5.vbproj,ComponentModel/Locus/LociSites/LociModel.vb,44,6,8,30,2,7,0,1,0,1503,1.50 KB
G:/GCModeller/src/GCModeller/core/Bio.Assembly/biocore-netcore5.vbproj,ComponentModel/Locus/LociSites/MotifSite.vb,32,18,4,10,2,4,0,0,0,855,855 B
G:/GCModeller/src/GCModeller/core/Bio.Assembly/biocore-netcore5.vbproj,ComponentModel/Locus/LociSites/TagSite.vb,86,19,15,52,3,5,0,3,0,3342,3.34 KB
G:/GCModeller/src/GCModeller/core/Bio.Assembly/biocore-netcore5.vbproj,ComponentModel/Locus/Nucleotide/NucleotideLocation.vb,352,143,37,172,1,5,12,14,2,15289,15.29 KB
G:/GCModeller/src/GCModeller/core/Bio.Assembly/biocore-netcore5.vbproj,ComponentModel/Locus/Nucleotide/NucleotideLocationParser.vb,23,3,4,16,1,0,0,2,0,713,713 B
G:/GCModeller/src/GCModeller/core/Bio.Assembly/biocore-netcore5.vbproj,ComponentModel/Locus/Nucleotide/SegmentRelationships.vb,66,41,6,19,2,0,0,0,0,2535,2.54 KB
G:/GCModeller/src/GCModeller/core/Bio.Assembly/biocore-netcore5.vbproj,ProteinModel/Chou-Fasman/Rules/RuleAlphaHelix.vb,100,6,15,79,1,0,0,4,0,4795,4.79 KB
G:/GCModeller/src/GCModeller/core/Bio.Assembly/biocore-netcore5.vbproj,ProteinModel/Chou-Fasman/Rules/RuleBetaSheet.vb,77,6,14,57,1,0,0,3,0,3520,3.52 KB
G:/GCModeller/src/GCModeller/core/Bio.Assembly/biocore-netcore5.vbproj,ProteinModel/Chou-Fasman/Rules/RuleBetaTurn.vb,41,5,7,29,1,0,0,1,0,1656,1.66 KB
G:/GCModeller/src/GCModeller/core/Bio.Assembly/biocore-netcore5.vbproj,ProteinModel/Chou-Fasman/Rules/RuleOverlap.vb,81,5,14,62,1,0,5,0,0,3726,3.73 KB
G:/GCModeller/src/GCModeller/core/Bio.Assembly/biocore-netcore5.vbproj,Resources/KEGG/Compounds/KEGGCompounds.Designer.vb,319,209,20,90,1,13,1,0,0,14930,14.93 KB
G:/GCModeller/src/GCModeller/core/Bio.Assembly/biocore-netcore5.vbproj,Resources/KEGG/Reactions/KEGGReactions.Designer.vb,154,86,13,55,1,6,1,0,0,7299,7.30 KB
G:/GCModeller/src/GCModeller/core/Bio.Assembly/biocore-netcore5.vbproj,SequenceModel/FASTA/IO/FastaFile.vb,668,136,104,428,1,5,16,35,5,27216,27.22 KB
G:/GCModeller/src/GCModeller/core/Bio.Assembly/biocore-netcore5.vbproj,SequenceModel/FASTA/IO/FastaSeq.vb,619,203,84,332,1,6,14,22,0,25697,25.70 KB
G:/GCModeller/src/GCModeller/core/Bio.Assembly/biocore-netcore5.vbproj,SequenceModel/FASTA/IO/StreamIterator.vb,180,46,30,104,1,1,3,5,0,7174,7.17 KB
G:/GCModeller/src/GCModeller/core/Bio.Assembly/biocore-netcore5.vbproj,SequenceModel/FASTA/IO/StreamWriter.vb,73,13,12,48,1,0,6,0,0,2824,2.82 KB
G:/GCModeller/src/GCModeller/core/Bio.Assembly/biocore-netcore5.vbproj,SequenceModel/FASTA/Reflection/Attributes.vb,51,14,10,27,3,4,2,1,0,1810,1.81 KB
G:/GCModeller/src/GCModeller/core/Bio.Assembly/biocore-netcore5.vbproj,SequenceModel/FASTA/Reflection/FastaTools.vb,275,53,35,187,3,2,1,12,0,11948,11.95 KB
G:/GCModeller/src/GCModeller/core/Bio.Assembly/biocore-netcore5.vbproj,SequenceModel/NucleicAcid/Objects/ChunkedNtFasta.vb,219,58,27,134,1,2,1,7,0,8913,8.91 KB
G:/GCModeller/src/GCModeller/core/Bio.Assembly/biocore-netcore5.vbproj,SequenceModel/NucleicAcid/Objects/Contig.vb,91,19,14,58,1,2,2,4,0,3806,3.81 KB
G:/GCModeller/src/GCModeller/core/Bio.Assembly/biocore-netcore5.vbproj,SequenceModel/NucleicAcid/Objects/Conversion.vb,133,31,19,83,1,4,2,4,0,5025,5.03 KB
G:/GCModeller/src/GCModeller/core/Bio.Assembly/biocore-netcore5.vbproj,SequenceModel/NucleicAcid/Objects/DegenerateBases.vb,104,30,13,61,1,2,1,2,0,4355,4.36 KB
G:/GCModeller/src/GCModeller/core/Bio.Assembly/biocore-netcore5.vbproj,SequenceModel/NucleicAcid/Objects/DNA.vb,82,53,5,24,1,0,0,0,0,2250,2.25 KB
G:/GCModeller/src/GCModeller/core/Bio.Assembly/biocore-netcore5.vbproj,SequenceModel/NucleicAcid/Objects/NucleicAcid.vb,410,106,60,244,1,5,7,22,0,15882,15.88 KB
G:/GCModeller/src/GCModeller/core/Bio.Assembly/biocore-netcore5.vbproj,SequenceModel/NucleicAcid/Objects/SegmentObject.vb,143,36,20,87,1,5,4,5,0,5165,5.17 KB
G:/GCModeller/src/GCModeller/core/Bio.Assembly/biocore-netcore5.vbproj,SequenceModel/NucleicAcid/Objects/SimpleSegment.vb,136,27,21,88,1,7,5,3,0,4644,4.64 KB
G:/GCModeller/src/GCModeller/core/Bio.Assembly/biocore-netcore5.vbproj,SequenceModel/NucleicAcid/Translation/Codon.vb,134,44,17,73,1,7,2,4,0,4552,4.55 KB
G:/GCModeller/src/GCModeller/core/Bio.Assembly/biocore-netcore5.vbproj,SequenceModel/NucleicAcid/Translation/GeneticCodes.vb,83,57,3,23,1,0,0,0,0,2986,2.99 KB
G:/GCModeller/src/GCModeller/core/Bio.Assembly/biocore-netcore5.vbproj,SequenceModel/NucleicAcid/Translation/NtHelper.vb,57,12,13,32,1,0,0,1,0,1926,1.93 KB
G:/GCModeller/src/GCModeller/core/Bio.Assembly/biocore-netcore5.vbproj,SequenceModel/NucleicAcid/Translation/TranslationTable.vb,110,31,13,66,1,0,0,7,0,4175,4.17 KB
G:/GCModeller/src/GCModeller/core/Bio.Assembly/biocore-netcore5.vbproj,SequenceModel/NucleicAcid/Translation/TranslTable.vb,297,98,35,164,1,4,1,15,0,13245,13.24 KB
G:/GCModeller/src/GCModeller/core/Bio.Assembly/biocore-netcore5.vbproj,SequenceModel/NucleicAcid/Translation/TranslTableTextReader.vb,96,4,15,77,1,0,1,3,0,4337,4.34 KB
G:/GCModeller/src/GCModeller/core/Bio.Assembly/biocore-netcore5.vbproj,SequenceModel/Patterns/Clustal/Clustal.vb,114,16,16,82,1,2,4,8,0,4658,4.66 KB
G:/GCModeller/src/GCModeller/core/Bio.Assembly/biocore-netcore5.vbproj,SequenceModel/Patterns/Clustal/Residue.vb,156,42,16,98,1,4,0,6,0,6427,6.43 KB
G:/GCModeller/src/GCModeller/core/Bio.Assembly/biocore-netcore5.vbproj,SequenceModel/Patterns/Clustal/SRChain.vb,35,0,6,29,1,4,0,1,0,1205,1.21 KB
G:/GCModeller/src/GCModeller/core/Bio.Assembly/biocore-netcore5.vbproj,Assembly/ELIXIR/UniProt/Fasta/FastaHeader.vb,68,31,9,28,1,8,0,2,0,2805,2.81 KB
G:/GCModeller/src/GCModeller/core/Bio.Assembly/biocore-netcore5.vbproj,Assembly/ELIXIR/UniProt/Fasta/TitleBuilder.vb,61,0,13,48,1,0,1,2,0,2337,2.34 KB
G:/GCModeller/src/GCModeller/core/Bio.Assembly/biocore-netcore5.vbproj,Assembly/ELIXIR/UniProt/Fasta/UniprotFasta.vb,132,41,17,74,1,2,0,5,0,6485,6.49 KB
G:/GCModeller/src/GCModeller/core/Bio.Assembly/biocore-netcore5.vbproj,Assembly/ELIXIR/UniProt/Web/Entry.vb,86,6,16,64,1,25,0,2,0,4675,4.67 KB
G:/GCModeller/src/GCModeller/core/Bio.Assembly/biocore-netcore5.vbproj,Assembly/ELIXIR/UniProt/Web/Formats.vb,45,30,1,14,1,0,0,0,0,963,963 B
G:/GCModeller/src/GCModeller/core/Bio.Assembly/biocore-netcore5.vbproj,Assembly/ELIXIR/UniProt/Web/ID_types.vb,429,295,2,132,1,0,0,0,0,9648,9.65 KB
G:/GCModeller/src/GCModeller/core/Bio.Assembly/biocore-netcore5.vbproj,Assembly/ELIXIR/UniProt/Web/Retrieve_IDmapping.vb,250,73,33,144,1,0,1,6,0,11571,11.57 KB
G:/GCModeller/src/GCModeller/core/Bio.Assembly/biocore-netcore5.vbproj,Assembly/ELIXIR/UniProt/Web/Uniprot.vb,132,21,26,85,6,19,0,6,0,5000,5.00 KB
G:/GCModeller/src/GCModeller/core/Bio.Assembly/biocore-netcore5.vbproj,Assembly/ELIXIR/UniProt/XML/Extensions.vb,364,44,46,274,1,0,0,17,0,13248,13.25 KB
G:/GCModeller/src/GCModeller/core/Bio.Assembly/biocore-netcore5.vbproj,Assembly/ELIXIR/UniProt/XML/GetID.vb,174,8,25,141,2,0,0,10,0,6601,6.60 KB
G:/GCModeller/src/GCModeller/core/Bio.Assembly/biocore-netcore5.vbproj,Assembly/KEGG/Archives/Tabular/Module.vb,111,19,18,74,1,8,0,4,0,4117,4.12 KB
G:/GCModeller/src/GCModeller/core/Bio.Assembly/biocore-netcore5.vbproj,Assembly/KEGG/Archives/Tabular/Pathway.vb,120,34,18,68,1,5,0,6,0,4828,4.83 KB
G:/GCModeller/src/GCModeller/core/Bio.Assembly/biocore-netcore5.vbproj,Assembly/KEGG/Archives/Xml/CompilerAPI.vb,119,9,12,98,1,0,0,9,0,6932,6.93 KB
G:/GCModeller/src/GCModeller/core/Bio.Assembly/biocore-netcore5.vbproj,Assembly/KEGG/Archives/Xml/MapAPI.vb,66,17,7,42,1,0,0,4,0,3014,3.01 KB
G:/GCModeller/src/GCModeller/core/Bio.Assembly/biocore-netcore5.vbproj,Assembly/KEGG/Archives/Xml/XmlModel.vb,136,27,16,93,1,5,0,6,0,5079,5.08 KB
G:/GCModeller/src/GCModeller/core/Bio.Assembly/biocore-netcore5.vbproj,Assembly/KEGG/DBGET/BriteHEntry/ModsBrite.vb,99,21,14,64,1,0,1,7,0,3480,3.48 KB
G:/GCModeller/src/GCModeller/core/Bio.Assembly/biocore-netcore5.vbproj,Assembly/KEGG/DBGET/BriteHEntry/ModuleClassAPI.vb,171,14,27,130,1,5,3,12,0,6610,6.61 KB
G:/GCModeller/src/GCModeller/core/Bio.Assembly/biocore-netcore5.vbproj,Assembly/KEGG/DBGET/BriteHEntry/PathwayProfiles.vb,123,18,9,96,1,0,0,4,0,5926,5.93 KB
G:/GCModeller/src/GCModeller/core/Bio.Assembly/biocore-netcore5.vbproj,Assembly/KEGG/DBGET/LinkDB/Relationship.vb,41,18,7,16,2,3,0,0,0,1313,1.31 KB
G:/GCModeller/src/GCModeller/core/Bio.Assembly/biocore-netcore5.vbproj,Assembly/KEGG/DBGET/Objects/bGetObject.vb,17,3,5,9,1,3,0,0,0,417,417 B
G:/GCModeller/src/GCModeller/core/Bio.Assembly/biocore-netcore5.vbproj,Assembly/KEGG/DBGET/Objects/OrthologyTerms.vb,60,8,9,43,1,2,0,4,0,2051,2.05 KB
G:/GCModeller/src/GCModeller/core/Bio.Assembly/biocore-netcore5.vbproj,Assembly/KEGG/DBGET/Objects/Reference.vb,52,17,9,26,1,6,2,1,0,1679,1.68 KB
G:/GCModeller/src/GCModeller/core/Bio.Assembly/biocore-netcore5.vbproj,Assembly/KEGG/Web/Form/AllLinksWidget.vb,54,1,10,43,1,1,0,2,0,2184,2.18 KB
G:/GCModeller/src/GCModeller/core/Bio.Assembly/biocore-netcore5.vbproj,Assembly/KEGG/Web/Form/WebForm.vb,273,40,43,190,1,5,5,9,0,10397,10.40 KB
G:/GCModeller/src/GCModeller/core/Bio.Assembly/biocore-netcore5.vbproj,Assembly/KEGG/Web/Map/LocalRender.vb,365,68,47,250,1,0,5,9,0,16239,16.24 KB
G:/GCModeller/src/GCModeller/core/Bio.Assembly/biocore-netcore5.vbproj,Assembly/KEGG/Web/Map/MapHighlights.vb,94,20,15,59,1,3,0,7,0,4207,4.21 KB
G:/GCModeller/src/GCModeller/core/Bio.Assembly/biocore-netcore5.vbproj,Assembly/KEGG/Web/Map/MapIndex.vb,62,7,8,47,1,4,0,3,0,2214,2.21 KB
G:/GCModeller/src/GCModeller/core/Bio.Assembly/biocore-netcore5.vbproj,Assembly/KEGG/Web/Map/MapRepository.vb,168,27,21,120,1,1,2,11,0,6804,6.80 KB
G:/GCModeller/src/GCModeller/core/Bio.Assembly/biocore-netcore5.vbproj,Assembly/KEGG/Web/Map/URLEncoder.vb,180,52,17,111,1,0,0,7,0,7796,7.80 KB
G:/GCModeller/src/GCModeller/core/Bio.Assembly/biocore-netcore5.vbproj,Assembly/MetaCyc/File/AttributeValue DataFile/AttributeValue.vb,79,44,7,28,1,2,0,3,0,3589,3.59 KB
G:/GCModeller/src/GCModeller/core/Bio.Assembly/biocore-netcore5.vbproj,Assembly/MetaCyc/File/AttributeValue DataFile/ObjectBase.vb,82,69,13,0,0,0,0,0,0,3227,3.23 KB
G:/GCModeller/src/GCModeller/core/Bio.Assembly/biocore-netcore5.vbproj,Assembly/MetaCyc/File/AttributeValue DataFile/Property.vb,86,12,12,62,1,6,1,3,0,3547,3.55 KB
G:/GCModeller/src/GCModeller/core/Bio.Assembly/biocore-netcore5.vbproj,Assembly/MetaCyc/File/FileSystem/Classes.vb,15,5,1,9,1,0,0,0,0,376,376 B
G:/GCModeller/src/GCModeller/core/Bio.Assembly/biocore-netcore5.vbproj,Assembly/MetaCyc/File/FileSystem/DatabaseLoadder.vb,343,98,43,202,1,2,4,17,0,16592,16.59 KB
G:/GCModeller/src/GCModeller/core/Bio.Assembly/biocore-netcore5.vbproj,Assembly/MetaCyc/File/FileSystem/PGDB.vb,319,84,45,190,1,17,2,5,0,22030,22.03 KB
G:/GCModeller/src/GCModeller/core/Bio.Assembly/biocore-netcore5.vbproj,Assembly/MetaCyc/File/Tabular DataFiles/Enzymes.vb,42,19,5,18,1,2,0,0,0,1380,1.38 KB
G:/GCModeller/src/GCModeller/core/Bio.Assembly/biocore-netcore5.vbproj,Assembly/MetaCyc/File/Tabular DataFiles/Object.vb,68,0,10,58,1,8,1,2,0,2371,2.37 KB
G:/GCModeller/src/GCModeller/core/Bio.Assembly/biocore-netcore5.vbproj,Assembly/MetaCyc/File/Tabular DataFiles/Pathway.vb,76,22,12,42,1,3,0,1,0,2463,2.46 KB
G:/GCModeller/src/GCModeller/core/Bio.Assembly/biocore-netcore5.vbproj,Assembly/MetaCyc/File/Tabular DataFiles/Pathways.vb,37,14,5,18,1,2,0,0,0,1248,1.25 KB
G:/GCModeller/src/GCModeller/core/Bio.Assembly/biocore-netcore5.vbproj,Assembly/MetaCyc/File/Tabular DataFiles/ReactionEquation.vb,39,0,9,30,1,2,0,1,0,1224,1.22 KB
G:/GCModeller/src/GCModeller/core/Bio.Assembly/biocore-netcore5.vbproj,Assembly/MetaCyc/File/Tabular DataFiles/RecordLine.vb,31,0,8,23,1,1,2,1,0,794,794 B
G:/GCModeller/src/GCModeller/core/Bio.Assembly/biocore-netcore5.vbproj,Assembly/MetaCyc/File/Tabular DataFiles/TabularFile.vb,77,14,13,50,1,4,0,1,0,2841,2.84 KB
G:/GCModeller/src/GCModeller/core/Bio.Assembly/biocore-netcore5.vbproj,Assembly/MetaCyc/Schemas/Mappings/Compounds.vb,29,4,7,18,1,8,1,1,0,896,896 B
G:/GCModeller/src/GCModeller/core/Bio.Assembly/biocore-netcore5.vbproj,Assembly/MetaCyc/Schemas/Mappings/CompoundsMapping.vb,211,177,34,0,0,0,0,0,0,8656,8.66 KB
G:/GCModeller/src/GCModeller/core/Bio.Assembly/biocore-netcore5.vbproj,Assembly/MetaCyc/Schemas/PathwayBrief/AssignGene.vb,130,40,19,71,1,0,3,5,0,5930,5.93 KB
G:/GCModeller/src/GCModeller/core/Bio.Assembly/biocore-netcore5.vbproj,Assembly/MetaCyc/Schemas/PathwayBrief/Models.vb,90,12,13,65,2,10,0,4,0,3537,3.54 KB
G:/GCModeller/src/GCModeller/core/Bio.Assembly/biocore-netcore5.vbproj,Assembly/MetaCyc/Schemas/PathwayBrief/PwyFilters.vb,81,30,7,44,1,0,0,2,0,4635,4.63 KB
G:/GCModeller/src/GCModeller/core/Bio.Assembly/biocore-netcore5.vbproj,Assembly/MetaCyc/Schemas/Reaction/Reaction.vb,44,0,10,34,2,5,0,2,0,2314,2.31 KB
G:/GCModeller/src/GCModeller/core/Bio.Assembly/biocore-netcore5.vbproj,Assembly/MetaCyc/Schemas/Reaction/ReactionDirections.vb,72,50,3,19,1,0,0,0,0,3695,3.69 KB
G:/GCModeller/src/GCModeller/core/Bio.Assembly/biocore-netcore5.vbproj,Assembly/MetaCyc/Schemas/Reflection/PathRoute.vb,64,18,7,39,1,0,3,2,0,3732,3.73 KB
G:/GCModeller/src/GCModeller/core/Bio.Assembly/biocore-netcore5.vbproj,Assembly/MetaCyc/Schemas/Reflection/Schema.vb,51,4,7,40,2,7,1,3,0,2991,2.99 KB
G:/GCModeller/src/GCModeller/core/Bio.Assembly/biocore-netcore5.vbproj,Assembly/MetaCyc/Schemas/Reflection/TableLink.vb,93,32,12,49,2,3,1,2,0,4452,4.45 KB
G:/GCModeller/src/GCModeller/core/Bio.Assembly/biocore-netcore5.vbproj,Assembly/MiST2/DocArchive/Models/Replicon.vb,64,26,8,30,1,8,0,2,0,2191,2.19 KB
G:/GCModeller/src/GCModeller/core/Bio.Assembly/biocore-netcore5.vbproj,Assembly/MiST2/DocArchive/Models/Transducin.vb,71,18,8,45,1,5,0,3,0,2735,2.73 KB
G:/GCModeller/src/GCModeller/core/Bio.Assembly/biocore-netcore5.vbproj,Assembly/MiST2/DocArchive/Models/TwoComponent.vb,76,30,8,38,1,5,0,3,0,2837,2.84 KB
G:/GCModeller/src/GCModeller/core/Bio.Assembly/biocore-netcore5.vbproj,Assembly/NCBI/Database/CDD/CDD.vb,112,10,18,84,1,8,0,5,0,3898,3.90 KB
G:/GCModeller/src/GCModeller/core/Bio.Assembly/biocore-netcore5.vbproj,Assembly/NCBI/Database/CDD/CDDLoader.vb,153,12,27,114,1,0,3,12,0,5070,5.07 KB
G:/GCModeller/src/GCModeller/core/Bio.Assembly/biocore-netcore5.vbproj,Assembly/NCBI/Database/CDD/Database.vb,241,51,33,157,3,10,3,11,0,9518,9.52 KB
G:/GCModeller/src/GCModeller/core/Bio.Assembly/biocore-netcore5.vbproj,Assembly/NCBI/Database/CDD/DbFile.vb,277,36,27,214,1,6,3,11,0,11631,11.63 KB
G:/GCModeller/src/GCModeller/core/Bio.Assembly/biocore-netcore5.vbproj,Assembly/NCBI/Database/CDD/Pn.vb,58,10,9,39,1,0,0,3,0,1966,1.97 KB
G:/GCModeller/src/GCModeller/core/Bio.Assembly/biocore-netcore5.vbproj,Assembly/NCBI/Database/CDD/SmpFile.vb,134,21,22,91,1,7,0,4,0,4693,4.69 KB
G:/GCModeller/src/GCModeller/core/Bio.Assembly/biocore-netcore5.vbproj,Assembly/NCBI/Database/COG/Categories.vb,29,15,4,10,1,0,0,0,0,902,902 B
G:/GCModeller/src/GCModeller/core/Bio.Assembly/biocore-netcore5.vbproj,Assembly/NCBI/Database/COG/Category.vb,39,0,6,33,1,3,0,3,0,1308,1.31 KB
G:/GCModeller/src/GCModeller/core/Bio.Assembly/biocore-netcore5.vbproj,Assembly/NCBI/Database/COG/COG.vb,63,11,8,44,1,2,0,2,0,2386,2.39 KB
G:/GCModeller/src/GCModeller/core/Bio.Assembly/biocore-netcore5.vbproj,Assembly/NCBI/Database/COG/Function.vb,352,110,40,202,1,2,1,12,0,14356,14.36 KB
G:/GCModeller/src/GCModeller/core/Bio.Assembly/biocore-netcore5.vbproj,Assembly/NCBI/Database/GenBank/Extensions.vb,359,52,40,267,1,0,0,13,0,15770,15.77 KB
G:/GCModeller/src/GCModeller/core/Bio.Assembly/biocore-netcore5.vbproj,Assembly/NCBI/Taxonomy/Tree/DmpFileReader.vb,126,33,20,73,1,0,1,1,0,5373,5.37 KB
G:/GCModeller/src/GCModeller/core/Bio.Assembly/biocore-netcore5.vbproj,Assembly/NCBI/Taxonomy/Tree/names.dmp.vb,85,33,8,44,1,4,0,3,0,3164,3.16 KB
G:/GCModeller/src/GCModeller/core/Bio.Assembly/biocore-netcore5.vbproj,Assembly/NCBI/Taxonomy/Tree/NcbiTaxonomyTree.vb,591,256,73,262,1,1,2,18,0,25054,25.05 KB
G:/GCModeller/src/GCModeller/core/Bio.Assembly/biocore-netcore5.vbproj,Assembly/NCBI/Taxonomy/Tree/Ranks.vb,102,20,16,66,1,0,2,3,0,4418,4.42 KB
G:/GCModeller/src/GCModeller/core/Bio.Assembly/biocore-netcore5.vbproj,Assembly/NCBI/Taxonomy/Tree/TaxonomyExtensions.vb,37,6,5,26,1,0,0,1,0,1210,1.21 KB
G:/GCModeller/src/GCModeller/core/Bio.Assembly/biocore-netcore5.vbproj,Assembly/NCBI/Taxonomy/Tree/TaxonomyNode.vb,96,34,13,49,1,6,2,4,0,3453,3.45 KB
G:/GCModeller/src/GCModeller/core/Bio.Assembly/biocore-netcore5.vbproj,Assembly/NCBI/WebServiceHandler/Entrez/Genbank.vb,55,12,11,32,1,0,1,2,0,1996,2.00 KB
G:/GCModeller/src/GCModeller/core/Bio.Assembly/biocore-netcore5.vbproj,Assembly/NCBI/WebServiceHandler/Entrez/Protein.vb,110,4,22,84,2,3,0,7,0,5015,5.01 KB
G:/GCModeller/src/GCModeller/core/Bio.Assembly/biocore-netcore5.vbproj,Assembly/NCBI/WebServiceHandler/Entrez/QueryHandler.vb,78,14,14,50,3,3,1,4,0,3749,3.75 KB
G:/GCModeller/src/GCModeller/core/Bio.Assembly/biocore-netcore5.vbproj,ComponentModel/Equations/Equation/Default/CompoundSpecieReference.vb,60,7,11,42,1,3,4,3,0,1947,1.95 KB
G:/GCModeller/src/GCModeller/core/Bio.Assembly/biocore-netcore5.vbproj,ComponentModel/Equations/Equation/Default/Equation.vb,137,9,23,105,1,1,5,6,0,5499,5.50 KB
G:/GCModeller/src/GCModeller/core/Bio.Assembly/biocore-netcore5.vbproj,Assembly/ELIXIR/EBI/ChEBI/Database/DATA.vb,179,38,25,116,1,1,0,9,0,7345,7.34 KB
G:/GCModeller/src/GCModeller/core/Bio.Assembly/biocore-netcore5.vbproj,Assembly/ELIXIR/EBI/ChEBI/EntityModel/EntitySearch.vb,112,24,14,74,1,0,0,4,0,4555,4.55 KB
G:/GCModeller/src/GCModeller/core/Bio.Assembly/biocore-netcore5.vbproj,Assembly/ELIXIR/EBI/ChEBI/EntityModel/EntitySummary.vb,81,7,10,64,1,15,0,2,0,3313,3.31 KB
G:/GCModeller/src/GCModeller/core/Bio.Assembly/biocore-netcore5.vbproj,Assembly/ELIXIR/EBI/ChEBI/EntityModel/Extensions.vb,138,42,19,77,1,0,0,5,0,5307,5.31 KB
G:/GCModeller/src/GCModeller/core/Bio.Assembly/biocore-netcore5.vbproj,Assembly/ELIXIR/EBI/ChEBI/Web/QueryImpl.vb,38,0,7,31,1,0,1,3,0,1222,1.22 KB
G:/GCModeller/src/GCModeller/core/Bio.Assembly/biocore-netcore5.vbproj,Assembly/ELIXIR/EBI/ChEBI/Web/REST.vb,42,0,8,34,1,1,0,1,0,1668,1.67 KB
G:/GCModeller/src/GCModeller/core/Bio.Assembly/biocore-netcore5.vbproj,Assembly/ELIXIR/EBI/ChEBI/Web/WebServices.vb,76,36,8,32,1,0,0,4,0,3620,3.62 KB
G:/GCModeller/src/GCModeller/core/Bio.Assembly/biocore-netcore5.vbproj,Assembly/ELIXIR/UniProt/XML/Model/comment.vb,99,8,18,73,5,24,0,5,0,3052,3.05 KB
G:/GCModeller/src/GCModeller/core/Bio.Assembly/biocore-netcore5.vbproj,Assembly/ELIXIR/UniProt/XML/Model/dbReference.vb,52,12,8,32,1,4,0,2,0,1880,1.88 KB
G:/GCModeller/src/GCModeller/core/Bio.Assembly/biocore-netcore5.vbproj,Assembly/ELIXIR/UniProt/XML/Model/entry.vb,159,40,18,101,1,20,0,3,0,5960,5.96 KB
G:/GCModeller/src/GCModeller/core/Bio.Assembly/biocore-netcore5.vbproj,Assembly/ELIXIR/UniProt/XML/Model/featureTypes.vb,54,6,4,44,1,0,0,0,0,2721,2.72 KB
G:/GCModeller/src/GCModeller/core/Bio.Assembly/biocore-netcore5.vbproj,Assembly/ELIXIR/UniProt/XML/Model/gene.vb,91,19,10,62,1,3,0,2,0,2937,2.94 KB
G:/GCModeller/src/GCModeller/core/Bio.Assembly/biocore-netcore5.vbproj,Assembly/ELIXIR/UniProt/XML/Model/protein.vb,39,8,6,25,1,4,0,1,0,1402,1.40 KB
G:/GCModeller/src/GCModeller/core/Bio.Assembly/biocore-netcore5.vbproj,Assembly/ELIXIR/UniProt/XML/Model/reference.vb,61,8,12,41,4,16,0,3,0,1809,1.81 KB
G:/GCModeller/src/GCModeller/core/Bio.Assembly/biocore-netcore5.vbproj,Assembly/ELIXIR/UniProt/XML/Model/sequence.vb,277,80,45,152,11,44,0,8,0,8646,8.65 KB
G:/GCModeller/src/GCModeller/core/Bio.Assembly/biocore-netcore5.vbproj,Assembly/ELIXIR/UniProt/XML/Model/UniprotXML.vb,163,42,19,102,1,3,0,9,0,7826,7.83 KB
G:/GCModeller/src/GCModeller/core/Bio.Assembly/biocore-netcore5.vbproj,Assembly/ELIXIR/UniProt/XML/UniRef/entry.vb,52,3,11,38,3,7,0,3,0,1658,1.66 KB
G:/GCModeller/src/GCModeller/core/Bio.Assembly/biocore-netcore5.vbproj,Assembly/KEGG/Archives/Xml/Nodes/EC_Mapping.vb,125,15,18,92,2,4,0,7,0,5511,5.51 KB
G:/GCModeller/src/GCModeller/core/Bio.Assembly/biocore-netcore5.vbproj,Assembly/KEGG/Archives/Xml/Nodes/PwyBriteFunc.vb,29,12,4,13,1,3,0,1,0,945,945 B
G:/GCModeller/src/GCModeller/core/Bio.Assembly/biocore-netcore5.vbproj,Assembly/KEGG/DBGET/BriteHEntry/BriteHText/BriteHText.vb,249,54,38,157,1,9,0,11,0,8574,8.57 KB
G:/GCModeller/src/GCModeller/core/Bio.Assembly/biocore-netcore5.vbproj,Assembly/KEGG/DBGET/BriteHEntry/BriteHText/BriteHTextParser.vb,93,13,18,62,1,0,0,4,0,3005,3.00 KB
G:/GCModeller/src/GCModeller/core/Bio.Assembly/biocore-netcore5.vbproj,Assembly/KEGG/DBGET/BriteHEntry/BriteHText/BriteTerm.vb,80,27,10,43,1,6,0,3,0,2524,2.52 KB
G:/GCModeller/src/GCModeller/core/Bio.Assembly/biocore-netcore5.vbproj,Assembly/KEGG/DBGET/BriteHEntry/BriteHText/BriteTreeDeflater.vb,160,0,19,141,1,0,0,7,0,7641,7.64 KB
G:/GCModeller/src/GCModeller/core/Bio.Assembly/biocore-netcore5.vbproj,Assembly/KEGG/DBGET/BriteHEntry/BriteHText/htext.vb,215,61,27,127,1,5,0,10,0,8622,8.62 KB
G:/GCModeller/src/GCModeller/core/Bio.Assembly/biocore-netcore5.vbproj,Assembly/KEGG/DBGET/BriteHEntry/BriteHText/htextJSON.vb,50,0,13,37,2,6,0,3,0,1361,1.36 KB
G:/GCModeller/src/GCModeller/core/Bio.Assembly/biocore-netcore5.vbproj,Assembly/KEGG/DBGET/BriteHEntry/CategoryEntry/Compound.vb,169,58,21,90,1,0,0,13,0,6996,7.00 KB
G:/GCModeller/src/GCModeller/core/Bio.Assembly/biocore-netcore5.vbproj,Assembly/KEGG/DBGET/BriteHEntry/CategoryEntry/EnzymaticReaction.vb,104,23,15,66,1,5,0,6,0,3835,3.83 KB
G:/GCModeller/src/GCModeller/core/Bio.Assembly/biocore-netcore5.vbproj,Assembly/KEGG/DBGET/BriteHEntry/CategoryEntry/Enzyme.vb,64,8,10,46,1,4,1,2,0,2047,2.05 KB
G:/GCModeller/src/GCModeller/core/Bio.Assembly/biocore-netcore5.vbproj,Assembly/KEGG/DBGET/BriteHEntry/CategoryEntry/KOCatalog.vb,46,20,5,21,1,1,0,2,0,2515,2.52 KB
G:/GCModeller/src/GCModeller/core/Bio.Assembly/biocore-netcore5.vbproj,Assembly/KEGG/DBGET/BriteHEntry/CategoryEntry/Module.vb,123,32,14,77,1,5,0,8,0,5258,5.26 KB
G:/GCModeller/src/GCModeller/core/Bio.Assembly/biocore-netcore5.vbproj,Assembly/KEGG/DBGET/BriteHEntry/CategoryEntry/Organism.vb,96,10,13,73,1,0,0,5,0,3374,3.37 KB
G:/GCModeller/src/GCModeller/core/Bio.Assembly/biocore-netcore5.vbproj,Assembly/KEGG/DBGET/BriteHEntry/CategoryEntry/Pathway.vb,171,44,25,102,1,4,0,10,0,6207,6.21 KB
G:/GCModeller/src/GCModeller/core/Bio.Assembly/biocore-netcore5.vbproj,Assembly/KEGG/DBGET/BriteHEntry/CategoryEntry/ProteinFamily.vb,28,0,7,21,1,0,1,5,0,1174,1.17 KB
G:/GCModeller/src/GCModeller/core/Bio.Assembly/biocore-netcore5.vbproj,Assembly/KEGG/DBGET/BriteHEntry/CategoryEntry/ReactionClass.vb,83,20,10,53,1,5,0,2,0,3020,3.02 KB
G:/GCModeller/src/GCModeller/core/Bio.Assembly/biocore-netcore5.vbproj,Assembly/KEGG/DBGET/Objects/Disease/Disease.vb,35,5,7,23,1,12,0,1,0,1296,1.30 KB
G:/GCModeller/src/GCModeller/core/Bio.Assembly/biocore-netcore5.vbproj,Assembly/KEGG/DBGET/Objects/Disease/Drug.vb,19,0,4,15,1,7,0,0,0,707,707 B
G:/GCModeller/src/GCModeller/core/Bio.Assembly/biocore-netcore5.vbproj,Assembly/KEGG/DBGET/Objects/Disease/Hsa_gene.vb,84,22,11,51,1,13,0,4,0,3116,3.12 KB
G:/GCModeller/src/GCModeller/core/Bio.Assembly/biocore-netcore5.vbproj,Assembly/KEGG/DBGET/Objects/KEGGOrganism/Defines.vb,184,32,33,119,2,9,3,5,0,6345,6.34 KB
G:/GCModeller/src/GCModeller/core/Bio.Assembly/biocore-netcore5.vbproj,Assembly/KEGG/DBGET/Objects/KEGGOrganism/EntryAPI.vb,226,35,30,161,1,1,1,10,0,8977,8.98 KB
G:/GCModeller/src/GCModeller/core/Bio.Assembly/biocore-netcore5.vbproj,Assembly/KEGG/DBGET/Objects/KEGGOrganism/KEGGOrganism.vb,62,8,9,45,1,2,0,1,0,2040,2.04 KB
G:/GCModeller/src/GCModeller/core/Bio.Assembly/biocore-netcore5.vbproj,Assembly/KEGG/DBGET/Objects/KEGGOrganism/Organism.vb,50,11,7,32,1,13,0,2,0,1808,1.81 KB
G:/GCModeller/src/GCModeller/core/Bio.Assembly/biocore-netcore5.vbproj,Assembly/KEGG/DBGET/Objects/KEGGOrganism/ShowOrganism.vb,159,7,22,130,1,0,1,5,0,6328,6.33 KB
G:/GCModeller/src/GCModeller/core/Bio.Assembly/biocore-netcore5.vbproj,Assembly/KEGG/DBGET/Objects/ReferenceMap/Reaction.vb,19,6,4,9,1,1,0,0,0,667,667 B
G:/GCModeller/src/GCModeller/core/Bio.Assembly/biocore-netcore5.vbproj,Assembly/KEGG/DBGET/Objects/ReferenceMap/ReferenceMap.vb,197,26,24,147,1,7,0,9,0,9839,9.84 KB
G:/GCModeller/src/GCModeller/core/Bio.Assembly/biocore-netcore5.vbproj,Assembly/KEGG/DBGET/Objects/SSDB/OrthologREST.vb,58,11,12,35,1,4,0,2,0,2760,2.76 KB
G:/GCModeller/src/GCModeller/core/Bio.Assembly/biocore-netcore5.vbproj,Assembly/KEGG/DBGET/Objects/SSDB/ProtMotifs.vb,66,0,15,51,1,0,2,4,0,2660,2.66 KB
G:/GCModeller/src/GCModeller/core/Bio.Assembly/biocore-netcore5.vbproj,Assembly/KEGG/Web/Map/KGML/Extensions.vb,37,0,5,32,1,0,0,3,0,1373,1.37 KB
G:/GCModeller/src/GCModeller/core/Bio.Assembly/biocore-netcore5.vbproj,Assembly/KEGG/Web/Map/KGML/GeneMetaboliteNetwork.vb,177,67,17,93,1,8,0,1,0,8706,8.71 KB
G:/GCModeller/src/GCModeller/core/Bio.Assembly/biocore-netcore5.vbproj,Assembly/KEGG/Web/Map/KGML/GeneNetworkExport.vb,91,3,13,75,1,8,0,2,0,4579,4.58 KB
G:/GCModeller/src/GCModeller/core/Bio.Assembly/biocore-netcore5.vbproj,Assembly/KEGG/Web/Map/KGML/KGML.vb,66,32,7,27,1,9,0,3,0,3492,3.49 KB
G:/GCModeller/src/GCModeller/core/Bio.Assembly/biocore-netcore5.vbproj,Assembly/KEGG/Web/Map/KGML/ReactionNetworkExport.vb,56,0,9,47,1,9,0,1,0,2491,2.49 KB
G:/GCModeller/src/GCModeller/core/Bio.Assembly/biocore-netcore5.vbproj,Assembly/KEGG/Web/Map/XML/Area.vb,157,28,16,113,1,13,0,2,0,6407,6.41 KB
G:/GCModeller/src/GCModeller/core/Bio.Assembly/biocore-netcore5.vbproj,Assembly/KEGG/Web/Map/XML/Map.vb,116,27,17,72,1,3,0,6,0,4033,4.03 KB
G:/GCModeller/src/GCModeller/core/Bio.Assembly/biocore-netcore5.vbproj,Assembly/KEGG/Web/Map/XML/MapData.vb,29,8,6,15,1,2,0,2,0,883,883 B
G:/GCModeller/src/GCModeller/core/Bio.Assembly/biocore-netcore5.vbproj,Assembly/MetaCyc/File/AttributeValue DataFile/DataFiles/GeneLinks.vb,66,4,13,49,2,1,1,1,0,2388,2.39 KB
G:/GCModeller/src/GCModeller/core/Bio.Assembly/biocore-netcore5.vbproj,Assembly/NCBI/Database/CDD/BLAST/Domain.vb,55,30,7,18,1,0,0,1,2,1929,1.93 KB
G:/GCModeller/src/GCModeller/core/Bio.Assembly/biocore-netcore5.vbproj,Assembly/NCBI/Database/CDD/BLAST/DomnArch.vb,98,32,17,49,1,0,0,3,0,4093,4.09 KB
G:/GCModeller/src/GCModeller/core/Bio.Assembly/biocore-netcore5.vbproj,Assembly/NCBI/Database/COG/COGs/COGNames.vb,201,79,26,96,4,10,5,7,0,6551,6.55 KB
G:/GCModeller/src/GCModeller/core/Bio.Assembly/biocore-netcore5.vbproj,Assembly/NCBI/Database/COG/COGs/COGs.vb,113,67,9,37,1,0,0,2,0,4671,4.67 KB
G:/GCModeller/src/GCModeller/core/Bio.Assembly/biocore-netcore5.vbproj,Assembly/NCBI/Database/COG/COGs/COGTable.vb,134,63,12,59,1,9,2,3,0,5292,5.29 KB
G:/GCModeller/src/GCModeller/core/Bio.Assembly/biocore-netcore5.vbproj,Assembly/NCBI/Database/COG/COGs/ProtFasta.vb,55,11,9,35,1,2,0,4,0,2112,2.11 KB
G:/GCModeller/src/GCModeller/core/Bio.Assembly/biocore-netcore5.vbproj,Assembly/NCBI/Database/GenBank/ExportServices/gbEntry.vb,168,18,24,126,1,40,0,3,0,10030,10.03 KB
G:/GCModeller/src/GCModeller/core/Bio.Assembly/biocore-netcore5.vbproj,Assembly/NCBI/Database/GenBank/ExportServices/gbExportService.vb,695,99,85,511,1,0,0,22,0,33874,33.87 KB
G:/GCModeller/src/GCModeller/core/Bio.Assembly/biocore-netcore5.vbproj,Assembly/NCBI/Database/GenBank/ExportServices/GBFFFeatureDumps.vb,181,19,20,142,1,0,0,8,0,8018,8.02 KB
G:/GCModeller/src/GCModeller/core/Bio.Assembly/biocore-netcore5.vbproj,Assembly/NCBI/Database/GenBank/ExportServices/GenbankExportInfo.vb,96,9,17,70,5,8,1,1,0,3340,3.34 KB
G:/GCModeller/src/GCModeller/core/Bio.Assembly/biocore-netcore5.vbproj,Assembly/NCBI/Database/GenBank/ExportServices/Plasmid.vb,29,3,4,22,1,6,0,1,0,1139,1.14 KB
G:/GCModeller/src/GCModeller/core/Bio.Assembly/biocore-netcore5.vbproj,Assembly/NCBI/Database/GenBank/GBK/Abstract.vb,15,8,2,5,1,0,0,0,0,443,443 B
G:/GCModeller/src/GCModeller/core/Bio.Assembly/biocore-netcore5.vbproj,Assembly/NCBI/Database/GenBank/GBK/File.vb,372,158,36,178,1,17,0,9,0,16743,16.74 KB
G:/GCModeller/src/GCModeller/core/Bio.Assembly/biocore-netcore5.vbproj,Assembly/NCBI/Database/GenBank/GBK/GbkParser.vb,161,15,29,117,1,0,1,5,0,6381,6.38 KB
G:/GCModeller/src/GCModeller/core/Bio.Assembly/biocore-netcore5.vbproj,Assembly/NCBI/Database/GenBank/GBK/GbkWriter.vb,211,33,40,138,1,0,0,15,0,8466,8.47 KB
G:/GCModeller/src/GCModeller/core/Bio.Assembly/biocore-netcore5.vbproj,Assembly/NCBI/Database/GenBank/GBK/Gene.vb,68,0,11,57,2,3,0,3,0,2604,2.60 KB
G:/GCModeller/src/GCModeller/core/Bio.Assembly/biocore-netcore5.vbproj,Assembly/ELIXIR/EBI/ChEBI/Database/DataModels/AccessionTypes.vb,161,114,4,43,1,0,0,0,0,5332,5.33 KB
G:/GCModeller/src/GCModeller/core/Bio.Assembly/biocore-netcore5.vbproj,Assembly/ELIXIR/EBI/ChEBI/Database/DataModels/NameOf.vb,323,55,27,241,1,0,1,13,0,13845,13.85 KB
G:/GCModeller/src/GCModeller/core/Bio.Assembly/biocore-netcore5.vbproj,Assembly/ELIXIR/EBI/ChEBI/Database/IO.StreamProviders/Compound.vb,68,4,9,55,1,10,0,3,0,2886,2.89 KB
G:/GCModeller/src/GCModeller/core/Bio.Assembly/biocore-netcore5.vbproj,Assembly/ELIXIR/EBI/ChEBI/Database/IO.StreamProviders/Extensions.vb,84,15,10,59,2,6,1,3,0,3474,3.47 KB
G:/GCModeller/src/GCModeller/core/Bio.Assembly/biocore-netcore5.vbproj,Assembly/ELIXIR/EBI/ChEBI/Database/IO.StreamProviders/StreamProvider.vb,6,0,2,4,1,0,0,0,0,146,146 B
G:/GCModeller/src/GCModeller/core/Bio.Assembly/biocore-netcore5.vbproj,Assembly/ELIXIR/EBI/ChEBI/Database/IO.StreamProviders/Tables.vb,182,55,26,101,5,11,0,8,0,6789,6.79 KB
G:/GCModeller/src/GCModeller/core/Bio.Assembly/biocore-netcore5.vbproj,Assembly/ELIXIR/EBI/ChEBI/Database/IO.StreamProviders/TSV.vb,124,33,15,76,3,2,2,5,0,5448,5.45 KB
G:/GCModeller/src/GCModeller/core/Bio.Assembly/biocore-netcore5.vbproj,Assembly/ELIXIR/EBI/ChEBI/EntityModel/XML/ChEBIEntity.vb,84,17,7,60,1,22,0,2,0,3240,3.24 KB
G:/GCModeller/src/GCModeller/core/Bio.Assembly/biocore-netcore5.vbproj,Assembly/ELIXIR/EBI/ChEBI/EntityModel/XML/EntityList.vb,101,6,19,76,2,2,0,7,0,3549,3.55 KB
G:/GCModeller/src/GCModeller/core/Bio.Assembly/biocore-netcore5.vbproj,Assembly/ELIXIR/EBI/ChEBI/EntityModel/XML/Fields.vb,98,11,21,66,7,25,0,6,0,2921,2.92 KB
G:/GCModeller/src/GCModeller/core/Bio.Assembly/biocore-netcore5.vbproj,Assembly/KEGG/DBGET/Objects/Pathway/Metabolites/Compound.vb,119,29,18,72,1,14,2,5,0,4155,4.16 KB
G:/GCModeller/src/GCModeller/core/Bio.Assembly/biocore-netcore5.vbproj,Assembly/KEGG/DBGET/Objects/Pathway/Metabolites/Glycan.vb,76,4,11,61,1,4,2,2,0,2553,2.55 KB
G:/GCModeller/src/GCModeller/core/Bio.Assembly/biocore-netcore5.vbproj,Assembly/KEGG/DBGET/Objects/Pathway/Module/Module.vb,181,90,15,76,1,5,0,4,0,9504,9.50 KB
G:/GCModeller/src/GCModeller/core/Bio.Assembly/biocore-netcore5.vbproj,Assembly/KEGG/DBGET/Objects/Pathway/PathwayMap/GeneName.vb,47,0,10,37,1,5,0,2,0,1701,1.70 KB
G:/GCModeller/src/GCModeller/core/Bio.Assembly/biocore-netcore5.vbproj,Assembly/KEGG/DBGET/Objects/Pathway/PathwayMap/Pathway.vb,192,37,29,126,1,13,1,7,0,7446,7.45 KB
G:/GCModeller/src/GCModeller/core/Bio.Assembly/biocore-netcore5.vbproj,Assembly/KEGG/DBGET/Objects/Pathway/PathwayMap/PathwayEntry.vb,47,0,10,37,1,6,0,3,0,1697,1.70 KB
G:/GCModeller/src/GCModeller/core/Bio.Assembly/biocore-netcore5.vbproj,Assembly/KEGG/DBGET/Objects/Pathway/PathwayMap/PathwayMap.vb,144,37,18,89,1,10,1,6,0,5611,5.61 KB
G:/GCModeller/src/GCModeller/core/Bio.Assembly/biocore-netcore5.vbproj,Assembly/KEGG/DBGET/Objects/Pathway/PathwayMap/PathwayMapDownloads.vb,31,0,6,25,1,0,1,0,0,984,984 B
G:/GCModeller/src/GCModeller/core/Bio.Assembly/biocore-netcore5.vbproj,Assembly/KEGG/DBGET/Objects/Pathway/PathwayMap/PathwayTextParser.vb,42,0,5,37,1,0,0,3,0,1821,1.82 KB
G:/GCModeller/src/GCModeller/core/Bio.Assembly/biocore-netcore5.vbproj,Assembly/KEGG/DBGET/Objects/Pathway/Reaction/Reaction.vb,176,56,22,98,1,13,1,4,0,6257,6.26 KB
G:/GCModeller/src/GCModeller/core/Bio.Assembly/biocore-netcore5.vbproj,Assembly/KEGG/DBGET/Objects/Pathway/Reaction/ReactionClass.vb,67,16,10,41,1,9,0,1,0,2782,2.78 KB
G:/GCModeller/src/GCModeller/core/Bio.Assembly/biocore-netcore5.vbproj,Assembly/KEGG/DBGET/Objects/Pathway/Reaction/ReactionCompoundTransform.vb,26,11,5,10,1,2,0,1,0,790,790 B
G:/GCModeller/src/GCModeller/core/Bio.Assembly/biocore-netcore5.vbproj,Assembly/KEGG/DBGET/Objects/SSDB/Models/Enzyme.vb,28,8,4,16,1,11,0,0,0,886,886 B
G:/GCModeller/src/GCModeller/core/Bio.Assembly/biocore-netcore5.vbproj,Assembly/KEGG/DBGET/Objects/SSDB/Models/Ortholog.vb,58,9,6,43,1,13,0,3,0,2308,2.31 KB
G:/GCModeller/src/GCModeller/core/Bio.Assembly/biocore-netcore5.vbproj,Assembly/KEGG/DBGET/Objects/SSDB/Models/Orthology.vb,64,3,10,51,1,8,0,2,0,2120,2.12 KB
G:/GCModeller/src/GCModeller/core/Bio.Assembly/biocore-netcore5.vbproj,Assembly/KEGG/DBGET/Objects/SSDB/Models/SShit.vb,129,0,15,114,2,16,0,3,0,6425,6.42 KB
G:/GCModeller/src/GCModeller/core/Bio.Assembly/biocore-netcore5.vbproj,Assembly/KEGG/Web/Map/KGML/Elements/compound.vb,14,0,4,10,1,2,0,1,0,350,350 B
G:/GCModeller/src/GCModeller/core/Bio.Assembly/biocore-netcore5.vbproj,Assembly/KEGG/Web/Map/KGML/Elements/entry.vb,62,41,6,15,1,6,0,1,0,3695,3.69 KB
G:/GCModeller/src/GCModeller/core/Bio.Assembly/biocore-netcore5.vbproj,Assembly/KEGG/Web/Map/KGML/Elements/graphics.vb,20,0,4,16,1,8,0,1,0,685,685 B
G:/GCModeller/src/GCModeller/core/Bio.Assembly/biocore-netcore5.vbproj,Assembly/KEGG/Web/Map/KGML/Elements/link.vb,18,3,5,10,1,1,0,1,0,413,413 B
G:/GCModeller/src/GCModeller/core/Bio.Assembly/biocore-netcore5.vbproj,Assembly/KEGG/Web/Map/KGML/Elements/reaction.vb,53,21,7,25,1,4,0,2,0,2663,2.66 KB
G:/GCModeller/src/GCModeller/core/Bio.Assembly/biocore-netcore5.vbproj,Assembly/KEGG/Web/Map/KGML/Elements/relation.vb,34,20,6,8,1,3,0,0,0,1937,1.94 KB
G:/GCModeller/src/GCModeller/core/Bio.Assembly/biocore-netcore5.vbproj,Assembly/KEGG/Web/Map/KGML/Elements/subtype.vb,11,0,4,7,1,2,0,0,0,249,249 B
G:/GCModeller/src/GCModeller/core/Bio.Assembly/biocore-netcore5.vbproj,Assembly/MetaCyc/File/AttributeValue DataFile/DataFiles/DataFile/CollectionQuery.vb,84,31,8,45,1,0,0,4,0,3791,3.79 KB
G:/GCModeller/src/GCModeller/core/Bio.Assembly/biocore-netcore5.vbproj,Assembly/MetaCyc/File/AttributeValue DataFile/DataFiles/DataFile/DataFile.vb,235,53,38,144,1,8,8,13,0,10189,10.19 KB
G:/GCModeller/src/GCModeller/core/Bio.Assembly/biocore-netcore5.vbproj,Assembly/MetaCyc/File/AttributeValue DataFile/DataFiles/Files/BindRxns.vb,28,0,4,24,1,1,0,1,0,1259,1.26 KB
G:/GCModeller/src/GCModeller/core/Bio.Assembly/biocore-netcore5.vbproj,Assembly/MetaCyc/File/AttributeValue DataFile/DataFiles/Files/Compounds.vb,80,17,7,56,1,1,0,4,0,4252,4.25 KB
G:/GCModeller/src/GCModeller/core/Bio.Assembly/biocore-netcore5.vbproj,Assembly/MetaCyc/File/AttributeValue DataFile/DataFiles/Files/DNABindSites.vb,27,4,4,19,1,1,0,1,0,1178,1.18 KB
G:/GCModeller/src/GCModeller/core/Bio.Assembly/biocore-netcore5.vbproj,Assembly/MetaCyc/File/AttributeValue DataFile/DataFiles/Files/Enzrxns.vb,34,9,4,21,1,1,0,1,0,1896,1.90 KB
G:/GCModeller/src/GCModeller/core/Bio.Assembly/biocore-netcore5.vbproj,Assembly/MetaCyc/File/AttributeValue DataFile/DataFiles/Files/Genes.vb,66,16,6,44,1,1,0,3,0,3264,3.26 KB
G:/GCModeller/src/GCModeller/core/Bio.Assembly/biocore-netcore5.vbproj,Assembly/MetaCyc/File/AttributeValue DataFile/DataFiles/Files/Pathways.vb,27,4,4,19,1,1,0,1,0,1186,1.19 KB
G:/GCModeller/src/GCModeller/core/Bio.Assembly/biocore-netcore5.vbproj,Assembly/MetaCyc/File/AttributeValue DataFile/DataFiles/Files/Promoters.vb,60,10,7,43,1,1,0,2,0,2547,2.55 KB
G:/GCModeller/src/GCModeller/core/Bio.Assembly/biocore-netcore5.vbproj,Assembly/MetaCyc/File/AttributeValue DataFile/DataFiles/Files/ProteinFeature.vb,31,5,4,22,1,1,0,1,0,1436,1.44 KB
G:/GCModeller/src/GCModeller/core/Bio.Assembly/biocore-netcore5.vbproj,Assembly/MetaCyc/File/AttributeValue DataFile/DataFiles/Files/Proteins.vb,61,12,6,43,1,1,0,2,0,3693,3.69 KB
G:/GCModeller/src/GCModeller/core/Bio.Assembly/biocore-netcore5.vbproj,Assembly/MetaCyc/File/AttributeValue DataFile/DataFiles/Files/ProtLigandCplxes.vb,34,5,4,25,1,1,0,1,0,1903,1.90 KB
G:/GCModeller/src/GCModeller/core/Bio.Assembly/biocore-netcore5.vbproj,Assembly/MetaCyc/File/AttributeValue DataFile/DataFiles/Files/Reactions.vb,85,16,9,60,1,1,0,5,0,4707,4.71 KB
G:/GCModeller/src/GCModeller/core/Bio.Assembly/biocore-netcore5.vbproj,Assembly/MetaCyc/File/AttributeValue DataFile/DataFiles/Files/Regulations.vb,53,10,6,37,1,1,0,3,0,2569,2.57 KB
G:/GCModeller/src/GCModeller/core/Bio.Assembly/biocore-netcore5.vbproj,Assembly/MetaCyc/File/AttributeValue DataFile/DataFiles/Files/Regulons.vb,23,8,3,12,1,1,0,1,0,944,944 B
G:/GCModeller/src/GCModeller/core/Bio.Assembly/biocore-netcore5.vbproj,Assembly/MetaCyc/File/AttributeValue DataFile/DataFiles/Files/Species.vb,11,0,2,9,1,1,0,0,0,344,344 B
G:/GCModeller/src/GCModeller/core/Bio.Assembly/biocore-netcore5.vbproj,Assembly/MetaCyc/File/AttributeValue DataFile/DataFiles/Files/Terminators.vb,21,0,3,18,1,1,0,1,0,895,895 B
G:/GCModeller/src/GCModeller/core/Bio.Assembly/biocore-netcore5.vbproj,Assembly/MetaCyc/File/AttributeValue DataFile/DataFiles/Files/TranscriptionUnits.vb,38,16,3,19,1,1,0,1,0,2195,2.19 KB
G:/GCModeller/src/GCModeller/core/Bio.Assembly/biocore-netcore5.vbproj,Assembly/MetaCyc/File/AttributeValue DataFile/DataFiles/Files/tRNA.vb,15,0,3,12,1,1,0,1,0,505,505 B
G:/GCModeller/src/GCModeller/core/Bio.Assembly/biocore-netcore5.vbproj,Assembly/MetaCyc/File/AttributeValue DataFile/DataFiles/Parser/FileReader.vb,81,23,11,47,1,0,0,4,0,3202,3.20 KB
G:/GCModeller/src/GCModeller/core/Bio.Assembly/biocore-netcore5.vbproj,Assembly/MetaCyc/File/AttributeValue DataFile/DataFiles/Parser/ObjectModel.vb,54,3,10,41,1,1,0,2,0,2067,2.07 KB
G:/GCModeller/src/GCModeller/core/Bio.Assembly/biocore-netcore5.vbproj,Assembly/MetaCyc/File/AttributeValue DataFile/DataFiles/Reflection/FileStream.vb,372,81,54,237,3,0,2,7,0,17723,17.72 KB
G:/GCModeller/src/GCModeller/core/Bio.Assembly/biocore-netcore5.vbproj,Assembly/MetaCyc/File/AttributeValue DataFile/DataFiles/Reflection/Loader.vb,6,0,2,4,1,0,0,0,0,116,116 B
G:/GCModeller/src/GCModeller/core/Bio.Assembly/biocore-netcore5.vbproj,Assembly/MetaCyc/File/AttributeValue DataFile/DataFiles/Reflection/MetaCycField.vb,53,33,4,16,2,2,0,1,0,1854,1.85 KB
G:/GCModeller/src/GCModeller/core/Bio.Assembly/biocore-netcore5.vbproj,Assembly/MetaCyc/File/AttributeValue DataFile/DataFiles/Slots/BindReaction.vb,44,14,11,19,1,5,0,0,0,2254,2.25 KB
G:/GCModeller/src/GCModeller/core/Bio.Assembly/biocore-netcore5.vbproj,Assembly/MetaCyc/File/AttributeValue DataFile/DataFiles/Slots/Compound.vb,145,12,17,116,1,14,0,4,0,6072,6.07 KB
G:/GCModeller/src/GCModeller/core/Bio.Assembly/biocore-netcore5.vbproj,Assembly/MetaCyc/File/AttributeValue DataFile/DataFiles/Slots/DNABindSite.vb,66,37,11,18,1,5,0,0,0,3170,3.17 KB
G:/GCModeller/src/GCModeller/core/Bio.Assembly/biocore-netcore5.vbproj,Assembly/MetaCyc/File/AttributeValue DataFile/DataFiles/Slots/Enzrxn.vb,128,80,19,29,1,13,0,0,0,6737,6.74 KB
G:/GCModeller/src/GCModeller/core/Bio.Assembly/biocore-netcore5.vbproj,Assembly/MetaCyc/File/AttributeValue DataFile/DataFiles/Slots/Gene.vb,123,75,17,31,1,13,0,1,0,6594,6.59 KB
G:/GCModeller/src/GCModeller/core/Bio.Assembly/biocore-netcore5.vbproj,Assembly/MetaCyc/File/AttributeValue DataFile/DataFiles/Slots/Pathway.vb,244,185,24,35,1,18,0,1,0,13807,13.81 KB
G:/GCModeller/src/GCModeller/core/Bio.Assembly/biocore-netcore5.vbproj,Assembly/MetaCyc/File/AttributeValue DataFile/DataFiles/Slots/Promoter.vb,122,79,10,33,1,9,0,0,0,5744,5.74 KB
G:/GCModeller/src/GCModeller/core/Bio.Assembly/biocore-netcore5.vbproj,Assembly/MetaCyc/File/AttributeValue DataFile/DataFiles/Slots/Protein.vb,267,160,32,75,3,26,0,3,0,13121,13.12 KB
G:/GCModeller/src/GCModeller/core/Bio.Assembly/biocore-netcore5.vbproj,Assembly/MetaCyc/File/AttributeValue DataFile/DataFiles/Slots/ProteinFeature.vb,114,82,13,19,1,7,0,0,0,6657,6.66 KB
G:/GCModeller/src/GCModeller/core/Bio.Assembly/biocore-netcore5.vbproj,Assembly/MetaCyc/File/AttributeValue DataFile/DataFiles/Slots/ProtLigandCplxe.vb,73,32,14,27,1,10,0,0,0,3830,3.83 KB
G:/GCModeller/src/GCModeller/core/Bio.Assembly/biocore-netcore5.vbproj,Assembly/MetaCyc/File/AttributeValue DataFile/DataFiles/Slots/Reaction.vb,256,182,14,60,1,14,0,3,0,15488,15.49 KB
G:/GCModeller/src/GCModeller/core/Bio.Assembly/biocore-netcore5.vbproj,Assembly/MetaCyc/File/AttributeValue DataFile/DataFiles/Slots/Regulation.vb,198,147,18,33,3,14,0,0,0,11607,11.61 KB
G:/GCModeller/src/GCModeller/core/Bio.Assembly/biocore-netcore5.vbproj,Assembly/MetaCyc/File/AttributeValue DataFile/DataFiles/Slots/Regulon.vb,11,0,2,9,1,1,0,0,0,296,296 B
G:/GCModeller/src/GCModeller/core/Bio.Assembly/biocore-netcore5.vbproj,Assembly/MetaCyc/File/AttributeValue DataFile/DataFiles/Slots/Specie.vb,95,30,16,49,1,15,0,3,0,6403,6.40 KB
G:/GCModeller/src/GCModeller/core/Bio.Assembly/biocore-netcore5.vbproj,Assembly/MetaCyc/File/AttributeValue DataFile/DataFiles/Slots/Terminator.vb,31,9,8,14,1,5,0,0,0,1573,1.57 KB
G:/GCModeller/src/GCModeller/core/Bio.Assembly/biocore-netcore5.vbproj,Assembly/MetaCyc/File/AttributeValue DataFile/DataFiles/Slots/TransUnit.vb,68,42,9,17,1,3,0,1,0,3634,3.63 KB
G:/GCModeller/src/GCModeller/core/Bio.Assembly/biocore-netcore5.vbproj,Assembly/MetaCyc/File/AttributeValue DataFile/DataFiles/Slots/tRNA.vb,30,8,8,14,1,3,0,0,0,1110,1.11 KB
G:/GCModeller/src/GCModeller/core/Bio.Assembly/biocore-netcore5.vbproj,Assembly/NCBI/Database/GenBank/GBK/Keywords/ACCESSION.vb,148,8,28,112,4,13,4,6,0,4934,4.93 KB
G:/GCModeller/src/GCModeller/core/Bio.Assembly/biocore-netcore5.vbproj,Assembly/NCBI/Database/GenBank/GBK/Keywords/COMMENT.vb,38,4,10,24,1,1,0,1,0,1242,1.24 KB
G:/GCModeller/src/GCModeller/core/Bio.Assembly/biocore-netcore5.vbproj,Assembly/NCBI/Database/GenBank/GBK/Keywords/DBLINK.vb,71,11,13,47,1,4,0,2,0,2343,2.34 KB
G:/GCModeller/src/GCModeller/core/Bio.Assembly/biocore-netcore5.vbproj,Assembly/NCBI/Database/GenBank/GBK/Keywords/KeyWord.vb,108,0,20,88,2,3,5,6,0,3980,3.98 KB
G:/GCModeller/src/GCModeller/core/Bio.Assembly/biocore-netcore5.vbproj,Assembly/NCBI/Database/GenBank/GBK/Keywords/ORIGIN.vb,149,44,22,83,1,5,0,5,0,5696,5.70 KB
G:/GCModeller/src/GCModeller/core/Bio.Assembly/biocore-netcore5.vbproj,Assembly/NCBI/Database/GenBank/GBK/Keywords/REFERENCE.vb,108,8,19,81,2,8,0,4,0,4606,4.61 KB
G:/GCModeller/src/GCModeller/core/Bio.Assembly/biocore-netcore5.vbproj,Assembly/NCBI/Database/GenBank/TabularFormat/FeatureBriefs/Extensions.vb,15,0,3,12,1,0,0,1,0,502,502 B
G:/GCModeller/src/GCModeller/core/Bio.Assembly/biocore-netcore5.vbproj,Assembly/NCBI/Database/GenBank/TabularFormat/FeatureBriefs/Fasta.vb,90,12,15,63,4,11,4,2,0,3213,3.21 KB
G:/GCModeller/src/GCModeller/core/Bio.Assembly/biocore-netcore5.vbproj,Assembly/NCBI/Database/GenBank/TabularFormat/FeatureBriefs/GeneBrief.vb,188,56,20,112,1,12,1,8,0,7394,7.39 KB
G:/GCModeller/src/GCModeller/core/Bio.Assembly/biocore-netcore5.vbproj,Assembly/NCBI/Database/GenBank/TabularFormat/ProteinTable/ProteinDescription.vb,71,27,6,38,1,12,0,3,0,2391,2.39 KB
G:/GCModeller/src/GCModeller/core/Bio.Assembly/biocore-netcore5.vbproj,Assembly/NCBI/Database/GenBank/TabularFormat/ProteinTable/ProteinTable.vb,62,0,9,53,1,1,0,3,0,2497,2.50 KB
G:/GCModeller/src/GCModeller/core/Bio.Assembly/biocore-netcore5.vbproj,Assembly/MetaCyc/File/AttributeValue DataFile/DataFiles/Slots/ObjectBase/Citation.vb,94,51,10,33,1,0,0,1,0,4252,4.25 KB
G:/GCModeller/src/GCModeller/core/Bio.Assembly/biocore-netcore5.vbproj,Assembly/MetaCyc/File/AttributeValue DataFile/DataFiles/Slots/ObjectBase/IComplexes.vb,19,10,2,7,1,1,0,0,0,600,600 B
G:/GCModeller/src/GCModeller/core/Bio.Assembly/biocore-netcore5.vbproj,Assembly/MetaCyc/File/AttributeValue DataFile/DataFiles/Slots/ObjectBase/Object.vb,223,83,20,120,2,12,4,4,0,8776,8.78 KB
G:/GCModeller/src/GCModeller/core/Bio.Assembly/biocore-netcore5.vbproj,Assembly/NCBI/Database/GenBank/GBK/Keywords/Features/CDS.vb,89,16,13,60,2,9,1,2,0,3434,3.43 KB
G:/GCModeller/src/GCModeller/core/Bio.Assembly/biocore-netcore5.vbproj,Assembly/NCBI/Database/GenBank/GBK/Keywords/Features/Feature.vb,363,62,57,244,1,8,5,16,0,14912,14.91 KB
G:/GCModeller/src/GCModeller/core/Bio.Assembly/biocore-netcore5.vbproj,Assembly/NCBI/Database/GenBank/GBK/Keywords/Features/FEATURES.vb,147,36,19,92,1,1,5,5,0,5679,5.68 KB
G:/GCModeller/src/GCModeller/core/Bio.Assembly/biocore-netcore5.vbproj,Assembly/NCBI/Database/GenBank/GBK/Keywords/Features/Location.vb,179,40,29,110,2,10,0,3,0,6552,6.55 KB
G:/GCModeller/src/GCModeller/core/Bio.Assembly/biocore-netcore5.vbproj,Assembly/NCBI/Database/GenBank/GBK/Keywords/Features/ParserHelper.vb,124,15,19,90,1,0,1,4,0,4376,4.38 KB
G:/GCModeller/src/GCModeller/core/Bio.Assembly/biocore-netcore5.vbproj,Assembly/NCBI/Database/GenBank/GBK/Keywords/Features/Qualifier.vb,172,131,1,40,1,0,0,0,0,6077,6.08 KB
G:/GCModeller/src/GCModeller/core/Bio.Assembly/biocore-netcore5.vbproj,Assembly/NCBI/Database/GenBank/GBK/Keywords/Features/SearchInvoker.vb,51,11,9,31,3,1,1,3,0,1754,1.75 KB
G:/GCModeller/src/GCModeller/core/Bio.Assembly/biocore-netcore5.vbproj,Assembly/NCBI/Database/GenBank/GBK/Keywords/SOURCE/ORGANISM.vb,43,0,9,34,1,2,0,3,0,1489,1.49 KB
G:/GCModeller/src/GCModeller/core/Bio.Assembly/biocore-netcore5.vbproj,Assembly/NCBI/Database/GenBank/GBK/Keywords/SOURCE/SOURCE.vb,71,15,15,41,1,3,0,2,0,2366,2.37 KB
G:/GCModeller/src/GCModeller/core/Bio.Assembly/biocore-netcore5.vbproj,Assembly/NCBI/Database/GenBank/TabularFormat/FeatureBriefs/PTT/DbAPI.vb,99,14,12,73,2,2,0,5,0,3729,3.73 KB
G:/GCModeller/src/GCModeller/core/Bio.Assembly/biocore-netcore5.vbproj,Assembly/NCBI/Database/GenBank/TabularFormat/FeatureBriefs/PTT/PTT.vb,397,109,54,234,1,8,2,20,0,17132,17.13 KB
G:/GCModeller/src/GCModeller/core/Bio.Assembly/biocore-netcore5.vbproj,Assembly/NCBI/Database/GenBank/TabularFormat/FeatureBriefs/PTT/PTTDbLoader.vb,283,58,38,187,1,6,3,13,0,12859,12.86 KB
G:/GCModeller/src/GCModeller/core/Bio.Assembly/biocore-netcore5.vbproj,Assembly/NCBI/Database/GenBank/TabularFormat/FeatureBriefs/PTT/PTTFileReader.vb,33,4,5,24,1,0,0,1,0,1379,1.38 KB
G:/GCModeller/src/GCModeller/core/Bio.Assembly/biocore-netcore5.vbproj,Assembly/NCBI/Database/GenBank/TabularFormat/FeatureBriefs/PTT/PTTFileWriter.vb,63,0,9,54,1,0,4,1,0,2674,2.67 KB
G:/GCModeller/src/GCModeller/core/Bio.Assembly/biocore-netcore5.vbproj,Assembly/NCBI/Database/GenBank/TabularFormat/FeatureBriefs/PTT/RNT.vb,10,0,2,8,2,0,0,0,0,209,209 B
G:/GCModeller/src/GCModeller/core/Bio.Assembly/biocore-netcore5.vbproj,Assembly/NCBI/Database/GenBank/TabularFormat/FeatureBriefs/PTT/Rpt.vb,114,12,15,87,1,15,0,7,0,4945,4.95 KB
G:/GCModeller/src/GCModeller/core/Bio.Assembly/biocore-netcore5.vbproj,<project>,53873,13904,7172,32797,632,1961,381,1847,19,2220380,2.22 MB
G:/GCModeller/src/GCModeller/core/Bio.Assembly/Test/test.vbproj,chebiTest.vb,27,0,9,18,1,0,1,0,0,897,897 B
G:/GCModeller/src/GCModeller/core/Bio.Assembly/Test/test.vbproj,gbTest.vb,20,0,4,16,1,0,2,0,0,760,760 B
G:/GCModeller/src/GCModeller/core/Bio.Assembly/Test/test.vbproj,htextTest.vb,63,47,16,0,0,0,0,0,0,1887,1.89 KB
G:/GCModeller/src/GCModeller/core/Bio.Assembly/Test/test.vbproj,KEGGRefMaps.vb,84,57,27,0,0,0,0,0,0,2404,2.40 KB
G:/GCModeller/src/GCModeller/core/Bio.Assembly/Test/test.vbproj,kgml_test.vb,17,0,3,14,1,0,1,0,0,791,791 B
G:/GCModeller/src/GCModeller/core/Bio.Assembly/Test/test.vbproj,Module1.vb,12,0,4,8,1,0,1,0,0,245,245 B
G:/GCModeller/src/GCModeller/core/Bio.Assembly/Test/test.vbproj,Module2.vb,12,0,3,9,1,0,1,0,0,338,338 B
G:/GCModeller/src/GCModeller/core/Bio.Assembly/Test/test.vbproj,sequenceToolsTest.vb,16,0,2,14,1,0,1,0,0,751,751 B
G:/GCModeller/src/GCModeller/core/Bio.Assembly/Test/test.vbproj,TaxonomyTreeTest.vb,12,0,3,9,1,0,1,0,0,391,391 B
G:/GCModeller/src/GCModeller/core/Bio.Assembly/Test/test.vbproj,<project>,263,104,71,88,7,0,8,0,0,8464,8.46 KB
G:/GCModeller/src/GCModeller/core/Bio.InteractionModel/InteractionModel.NET5.vbproj,Interaction.vb,97,23,10,64,1,6,0,4,0,3211,3.21 KB
G:/GCModeller/src/GCModeller/core/Bio.InteractionModel/InteractionModel.NET5.vbproj,ProteinInteractionNetwork.vb,75,0,15,60,3,2,1,3,0,3269,3.27 KB
G:/GCModeller/src/GCModeller/core/Bio.InteractionModel/InteractionModel.NET5.vbproj,RegulonModels/API.vb,95,14,9,72,3,2,0,4,0,5489,5.49 KB
G:/GCModeller/src/GCModeller/core/Bio.InteractionModel/InteractionModel.NET5.vbproj,RegulonModels/Regulon.vb,109,39,18,52,7,15,0,6,0,3487,3.49 KB
G:/GCModeller/src/GCModeller/core/Bio.InteractionModel/InteractionModel.NET5.vbproj,<project>,376,76,52,248,14,25,1,17,0,15456,15.46 KB
G:/GCModeller/src/GCModeller/core/test/test.vbproj,DEBUG_MAIN.vb,246,54,97,95,1,0,2,0,0,12178,12.18 KB
G:/GCModeller/src/GCModeller/core/test/test.vbproj,equationparsertest.vb,18,0,5,13,1,0,1,0,0,599,599 B
G:/GCModeller/src/GCModeller/core/test/test.vbproj,Feature.vb,237,215,22,0,0,0,0,0,0,13421,13.42 KB
G:/GCModeller/src/GCModeller/core/test/test.vbproj,fetchTest.vb,10,2,3,5,1,0,1,0,0,240,240 B
G:/GCModeller/src/GCModeller/core/test/test.vbproj,GFF.vb,179,153,26,0,0,0,0,0,0,7771,7.77 KB
G:/GCModeller/src/GCModeller/core/test/test.vbproj,KEGGenzymeTest.vb,31,0,10,21,1,0,2,0,0,915,915 B
G:/GCModeller/src/GCModeller/core/test/test.vbproj,kgmlNetwork.vb,3,0,1,2,1,0,0,0,0,34,34 B
G:/GCModeller/src/GCModeller/core/test/test.vbproj,minhashtest.vb,27,0,5,22,1,0,1,0,0,943,943 B
G:/GCModeller/src/GCModeller/core/test/test.vbproj,<project>,751,424,169,158,6,0,7,0,0,36101,36.10 KB
G:/GCModeller/src/GCModeller/data/GO_gene-ontology/GeneOntology/go_owl-netcore5.vbproj,Enrichment.vb,26,23,1,2,1,0,0,0,0,3086,3.09 KB
G:/GCModeller/src/GCModeller/data/GO_gene-ontology/GeneOntology/go_owl-netcore5.vbproj,GoBriefTable.vb,12,0,3,9,1,3,0,1,0,304,304 B
G:/GCModeller/src/GCModeller/data/GO_gene-ontology/GeneOntology/go_owl-netcore5.vbproj,GoStat.vb,224,36,28,160,1,1,0,8,0,8894,8.89 KB
G:/GCModeller/src/GCModeller/data/GO_gene-ontology/GeneOntology/go_owl-netcore5.vbproj,Ontologies.vb,47,39,2,6,1,0,0,0,0,3611,3.61 KB
G:/GCModeller/src/GCModeller/data/GO_gene-ontology/GeneOntology/go_owl-netcore5.vbproj,OntologyRelations.vb,103,86,3,14,1,0,0,0,0,5373,5.37 KB
G:/GCModeller/src/GCModeller/data/GO_gene-ontology/GeneOntology/go_owl-netcore5.vbproj,PseAA.vb,55,6,4,45,1,0,0,1,0,2152,2.15 KB
G:/GCModeller/src/GCModeller/data/GO_gene-ontology/GeneOntology/go_owl-netcore5.vbproj,DAG/Axioms.vb,72,20,9,43,1,0,0,3,0,2532,2.53 KB
G:/GCModeller/src/GCModeller/data/GO_gene-ontology/GeneOntology/go_owl-netcore5.vbproj,DAG/Builder.vb,137,6,20,111,1,0,0,7,0,5176,5.18 KB
G:/GCModeller/src/GCModeller/data/GO_gene-ontology/GeneOntology/go_owl-netcore5.vbproj,DAG/Fields.vb,47,0,11,36,2,0,2,2,0,1456,1.46 KB
G:/GCModeller/src/GCModeller/data/GO_gene-ontology/GeneOntology/go_owl-netcore5.vbproj,DAG/Graph.vb,232,55,36,141,3,4,3,8,0,9574,9.57 KB
G:/GCModeller/src/GCModeller/data/GO_gene-ontology/GeneOntology/go_owl-netcore5.vbproj,DAG/Relationship.vb,63,12,13,38,2,0,2,2,0,2625,2.62 KB
G:/GCModeller/src/GCModeller/data/GO_gene-ontology/GeneOntology/go_owl-netcore5.vbproj,DAG/TermNode.vb,34,11,5,18,1,7,0,1,0,1196,1.20 KB
G:/GCModeller/src/GCModeller/data/GO_gene-ontology/GeneOntology/go_owl-netcore5.vbproj,Files/GAF.vb,411,259,33,119,1,17,0,5,0,21989,21.99 KB
G:/GCModeller/src/GCModeller/data/GO_gene-ontology/GeneOntology/go_owl-netcore5.vbproj,Files/Obo/Definition.vb,48,4,10,34,1,3,1,3,0,1535,1.53 KB
G:/GCModeller/src/GCModeller/data/GO_gene-ontology/GeneOntology/go_owl-netcore5.vbproj,Files/Obo/Extensions.vb,20,5,3,12,1,0,0,1,0,636,636 B
G:/GCModeller/src/GCModeller/data/GO_gene-ontology/GeneOntology/go_owl-netcore5.vbproj,Files/Obo/GO.vb,143,27,22,94,1,3,2,7,0,5562,5.56 KB
G:/GCModeller/src/GCModeller/data/GO_gene-ontology/GeneOntology/go_owl-netcore5.vbproj,Files/Obo/OntologyRelations.vb,77,13,11,53,1,1,1,3,0,2859,2.86 KB
G:/GCModeller/src/GCModeller/data/GO_gene-ontology/GeneOntology/go_owl-netcore5.vbproj,Files/OWL/NamespaceDoc.vb,8,3,1,4,1,0,0,0,0,135,135 B
G:/GCModeller/src/GCModeller/data/GO_gene-ontology/GeneOntology/go_owl-netcore5.vbproj,Files/OWL/Ontology.vb,20,0,4,16,2,6,0,0,0,782,782 B
G:/GCModeller/src/GCModeller/data/GO_gene-ontology/GeneOntology/go_owl-netcore5.vbproj,Files/Obo/File/base.vb,30,11,5,14,1,3,0,1,0,1503,1.50 KB
G:/GCModeller/src/GCModeller/data/GO_gene-ontology/GeneOntology/go_owl-netcore5.vbproj,Files/Obo/File/Instance.vb,23,0,4,19,1,10,0,1,0,977,977 B
G:/GCModeller/src/GCModeller/data/GO_gene-ontology/GeneOntology/go_owl-netcore5.vbproj,Files/Obo/File/Term.vb,113,76,6,31,1,17,0,2,0,6427,6.43 KB
G:/GCModeller/src/GCModeller/data/GO_gene-ontology/GeneOntology/go_owl-netcore5.vbproj,Files/Obo/File/Typedef.vb,73,36,4,33,1,24,0,1,0,3159,3.16 KB
G:/GCModeller/src/GCModeller/data/GO_gene-ontology/GeneOntology/go_owl-netcore5.vbproj,<project>,2018,728,238,1052,28,99,11,57,0,91543,91.54 KB
G:/GCModeller/src/GCModeller/data/GO_gene-ontology/GO_Annotation/GO_Annotation.vbproj,Annotations.vb,59,0,10,49,1,0,0,3,0,2267,2.27 KB
G:/GCModeller/src/GCModeller/data/GO_gene-ontology/GO_Annotation/GO_Annotation.vbproj,KEGG2GO.vb,23,0,4,19,1,0,0,1,0,802,802 B
G:/GCModeller/src/GCModeller/data/GO_gene-ontology/GO_Annotation/GO_Annotation.vbproj,NamespaceDoc.vb,5,3,0,2,1,0,0,0,0,123,123 B
G:/GCModeller/src/GCModeller/data/GO_gene-ontology/GO_Annotation/GO_Annotation.vbproj,ProteinAnnotation.vb,51,0,8,43,2,5,0,3,0,1854,1.85 KB
G:/GCModeller/src/GCModeller/data/GO_gene-ontology/GO_Annotation/GO_Annotation.vbproj,xref2go/toGo.vb,79,32,10,37,1,4,0,3,0,2811,2.81 KB
G:/GCModeller/src/GCModeller/data/GO_gene-ontology/GO_Annotation/GO_Annotation.vbproj,xref2go/XrefId.vb,266,4,85,177,28,1,27,1,0,6637,6.64 KB
G:/GCModeller/src/GCModeller/data/GO_gene-ontology/GO_Annotation/GO_Annotation.vbproj,xref2go/XrefIdTypes.vb,31,0,1,30,1,0,0,0,0,524,524 B
G:/GCModeller/src/GCModeller/data/GO_gene-ontology/GO_Annotation/GO_Annotation.vbproj,xref2go/NCBI/gene2go.vb,57,9,7,41,1,8,0,3,0,2012,2.01 KB
G:/GCModeller/src/GCModeller/data/GO_gene-ontology/GO_Annotation/GO_Annotation.vbproj,<project>,571,48,125,398,36,18,27,14,0,17030,17.03 KB
G:/GCModeller/src/GCModeller/data/GO_gene-ontology/obographs/obographs/obographs.NET5.vbproj,DAGModel.vb,166,37,20,109,1,0,1,3,0,6311,6.31 KB
G:/GCModeller/src/GCModeller/data/GO_gene-ontology/obographs/obographs/obographs.NET5.vbproj,DAGTree.vb,67,4,12,51,1,2,1,0,0,2339,2.34 KB
G:/GCModeller/src/GCModeller/data/GO_gene-ontology/obographs/obographs/obographs.NET5.vbproj,EnrichmentVisualize.vb,29,0,4,25,1,0,0,1,0,1094,1.09 KB
G:/GCModeller/src/GCModeller/data/GO_gene-ontology/obographs/obographs/obographs.NET5.vbproj,Extensions.vb,18,6,2,10,1,0,0,1,0,701,701 B
G:/GCModeller/src/GCModeller/data/GO_gene-ontology/obographs/obographs/obographs.NET5.vbproj,NamespaceDoc.vb,6,3,1,2,1,0,0,0,0,92,92 B
G:/GCModeller/src/GCModeller/data/GO_gene-ontology/obographs/obographs/obographs.NET5.vbproj,<project>,286,50,39,197,5,2,2,5,0,10537,10.54 KB
G:/GCModeller/src/GCModeller/data/RCSB PDB/RCSB PDB.vbproj,CifDictionary.vb,33,0,8,25,3,2,0,2,0,1294,1.29 KB
G:/GCModeller/src/GCModeller/data/RCSB PDB/RCSB PDB.vbproj,CovalentRadii.vb,248,31,21,196,2,9,2,2,0,8337,8.34 KB
G:/GCModeller/src/GCModeller/data/RCSB PDB/RCSB PDB.vbproj,PdbExportObjs.vb,26,0,5,21,2,5,0,3,0,938,938 B
G:/GCModeller/src/GCModeller/data/RCSB PDB/RCSB PDB.vbproj,PDB/AminoAcid.vb,44,10,4,30,1,4,0,1,0,1444,1.44 KB
G:/GCModeller/src/GCModeller/data/RCSB PDB/RCSB PDB.vbproj,PDB/Parser.vb,203,13,41,149,1,0,0,3,0,8435,8.44 KB
G:/GCModeller/src/GCModeller/data/RCSB PDB/RCSB PDB.vbproj,PDB/PDB.vb,325,140,30,155,1,48,1,6,0,13558,13.56 KB
G:/GCModeller/src/GCModeller/data/RCSB PDB/RCSB PDB.vbproj,PDB/PdbExport.vb,121,19,21,81,2,2,0,4,0,5872,5.87 KB
G:/GCModeller/src/GCModeller/data/RCSB PDB/RCSB PDB.vbproj,PDB/PdbML.vb,205,16,44,145,23,80,0,3,0,8637,8.64 KB
G:/GCModeller/src/GCModeller/data/RCSB PDB/RCSB PDB.vbproj,PDBQt/ComplexGenerator.vb,83,15,13,55,1,0,1,1,0,3143,3.14 KB
G:/GCModeller/src/GCModeller/data/RCSB PDB/RCSB PDB.vbproj,PDBQt/PdbQt.vb,27,0,5,22,1,0,0,1,0,888,888 B
G:/GCModeller/src/GCModeller/data/RCSB PDB/RCSB PDB.vbproj,WebServices/PDBEntry.vb,26,0,6,20,1,0,0,2,0,1117,1.12 KB
G:/GCModeller/src/GCModeller/data/RCSB PDB/RCSB PDB.vbproj,PDB/Keywords/Atom.vb,106,12,19,75,2,11,1,5,0,4077,4.08 KB
G:/GCModeller/src/GCModeller/data/RCSB PDB/RCSB PDB.vbproj,PDB/Keywords/AtomUnit.vb,100,25,12,63,2,9,2,4,0,3373,3.37 KB
G:/GCModeller/src/GCModeller/data/RCSB PDB/RCSB PDB.vbproj,PDB/Keywords/Keywords.vb,46,7,6,33,1,0,1,1,0,1880,1.88 KB
G:/GCModeller/src/GCModeller/data/RCSB PDB/RCSB PDB.vbproj,WebServices/ProtInDb/ProteinChain.vb,64,6,7,51,1,5,0,3,0,3552,3.55 KB
G:/GCModeller/src/GCModeller/data/RCSB PDB/RCSB PDB.vbproj,WebServices/ProtInDb/ProtInDb.vb,78,0,12,66,1,1,1,3,0,4620,4.62 KB
G:/GCModeller/src/GCModeller/data/RCSB PDB/RCSB PDB.vbproj,PDB/Keywords/Headers/3D.vb,56,3,13,40,4,7,0,1,0,1548,1.55 KB
G:/GCModeller/src/GCModeller/data/RCSB PDB/RCSB PDB.vbproj,PDB/Keywords/Headers/Header.vb,359,48,75,236,9,20,1,20,0,13167,13.17 KB
G:/GCModeller/src/GCModeller/data/RCSB PDB/RCSB PDB.vbproj,PDB/Keywords/Headers/Journal.vb,76,0,12,64,1,9,1,2,0,2868,2.87 KB
G:/GCModeller/src/GCModeller/data/RCSB PDB/RCSB PDB.vbproj,PDB/Keywords/Headers/ModelData.vb,301,11,72,218,13,13,0,15,0,8790,8.79 KB
G:/GCModeller/src/GCModeller/data/RCSB PDB/RCSB PDB.vbproj,PDB/Keywords/Headers/MoleculeMetadata.vb,204,7,35,162,4,8,2,3,0,7044,7.04 KB
G:/GCModeller/src/GCModeller/data/RCSB PDB/RCSB PDB.vbproj,PDB/Keywords/Headers/NUMMDL.vb,34,0,7,27,1,2,0,2,0,923,923 B
G:/GCModeller/src/GCModeller/data/RCSB PDB/RCSB PDB.vbproj,PDB/Keywords/Headers/Remark.vb,162,22,29,111,2,2,1,4,0,6895,6.89 KB
G:/GCModeller/src/GCModeller/data/RCSB PDB/RCSB PDB.vbproj,PDB/Keywords/Headers/Revision.vb,48,0,12,36,2,4,0,3,0,1356,1.36 KB
G:/GCModeller/src/GCModeller/data/RCSB PDB/RCSB PDB.vbproj,PDB/Keywords/Headers/SEQADV.vb,25,3,5,17,1,2,0,1,0,630,630 B
G:/GCModeller/src/GCModeller/data/RCSB PDB/RCSB PDB.vbproj,PDB/Keywords/Headers/Structure.vb,61,0,14,47,3,3,0,3,0,1647,1.65 KB
G:/GCModeller/src/GCModeller/data/RCSB PDB/RCSB PDB.vbproj,PDB/Keywords/Headers/HetAtom/Formula.vb,22,0,5,17,1,1,0,1,0,583,583 B
G:/GCModeller/src/GCModeller/data/RCSB PDB/RCSB PDB.vbproj,PDB/Keywords/Headers/HetAtom/Het.vb,88,24,18,46,3,6,2,3,0,2843,2.84 KB
G:/GCModeller/src/GCModeller/data/RCSB PDB/RCSB PDB.vbproj,PDB/Keywords/Headers/HetAtom/HetAtom.vb,247,41,54,152,3,14,2,6,0,11212,11.21 KB
G:/GCModeller/src/GCModeller/data/RCSB PDB/RCSB PDB.vbproj,PDB/Keywords/Headers/HetAtom/HetName.vb,62,6,14,42,1,2,2,2,0,1964,1.96 KB
G:/GCModeller/src/GCModeller/data/RCSB PDB/RCSB PDB.vbproj,<project>,3480,459,619,2402,93,269,20,110,0,132635,132.63 KB
G:/GCModeller/src/GCModeller/data/Reactome/Reactome.vbproj,Hierarchy/Hierarchy.vb,188,5,30,153,2,5,1,7,0,6441,6.44 KB
G:/GCModeller/src/GCModeller/data/Reactome/Reactome.vbproj,Hierarchy/PathwayName.vb,26,0,6,20,1,3,0,2,0,723,723 B
G:/GCModeller/src/GCModeller/data/Reactome/Reactome.vbproj,My Project/Resources.Designer.vb,107,55,10,42,1,4,0,0,0,4895,4.89 KB
G:/GCModeller/src/GCModeller/data/Reactome/Reactome.vbproj,ObjectModels/BioSystem.vb,7,0,1,6,1,2,0,0,0,184,184 B
G:/GCModeller/src/GCModeller/data/Reactome/Reactome.vbproj,ObjectModels/Metabolite.vb,24,0,6,18,2,5,0,1,0,853,853 B
G:/GCModeller/src/GCModeller/data/Reactome/Reactome.vbproj,ObjectModels/Reaction.vb,42,1,7,34,1,7,0,1,0,1381,1.38 KB
G:/GCModeller/src/GCModeller/data/Reactome/Reactome.vbproj,Owl/Abstract.vb,53,0,9,44,3,5,0,3,0,1629,1.63 KB
G:/GCModeller/src/GCModeller/data/Reactome/Reactome.vbproj,Owl/ExtractOwl.vb,234,16,47,171,1,0,0,13,0,12734,12.73 KB
G:/GCModeller/src/GCModeller/data/Reactome/Reactome.vbproj,Owl/Nodes.vb,96,0,14,82,16,43,0,0,0,3798,3.80 KB
G:/GCModeller/src/GCModeller/data/Reactome/Reactome.vbproj,Owl/OwlDocument.vb,77,4,12,61,1,20,1,2,0,4380,4.38 KB
G:/GCModeller/src/GCModeller/data/Reactome/Reactome.vbproj,Owl/ResourceCollection.vb,8,0,1,7,1,1,0,0,0,320,320 B
G:/GCModeller/src/GCModeller/data/Reactome/Reactome.vbproj,Owl/Xref.vb,27,0,5,22,4,10,0,0,0,867,867 B
G:/GCModeller/src/GCModeller/data/Reactome/Reactome.vbproj,WebServices/RESTfulAPI.vb,73,5,20,48,5,19,0,2,0,2248,2.25 KB
G:/GCModeller/src/GCModeller/data/Reactome/Reactome.vbproj,<project>,962,86,168,708,39,124,2,31,0,40453,40.45 KB
G:/GCModeller/src/GCModeller/data/Reactome/test/test.vbproj,Program.vb,24,0,7,17,1,0,2,0,0,644,644 B
G:/GCModeller/src/GCModeller/data/Reactome/test/test.vbproj,<project>,24,0,7,17,1,0,2,0,0,644,644 B
G:/GCModeller/src/GCModeller/data/RegulonDatabase/RegulonDatabase.NET5.vbproj,Extension.vb,70,10,9,51,1,0,0,2,0,2182,2.18 KB
G:/GCModeller/src/GCModeller/data/RegulonDatabase/RegulonDatabase.NET5.vbproj,My Project/Application.Designer.vb,12,9,1,2,0,0,0,0,0,434,434 B
G:/GCModeller/src/GCModeller/data/RegulonDatabase/RegulonDatabase.NET5.vbproj,My Project/AssemblyInfo.vb,36,15,6,15,0,0,0,0,0,1207,1.21 KB
G:/GCModeller/src/GCModeller/data/RegulonDatabase/RegulonDatabase.NET5.vbproj,My Project/Resources.Designer.vb,63,23,8,32,1,2,0,0,0,2785,2.79 KB
G:/GCModeller/src/GCModeller/data/RegulonDatabase/RegulonDatabase.NET5.vbproj,My Project/Settings.Designer.vb,74,9,12,53,2,2,1,0,0,3015,3.02 KB
G:/GCModeller/src/GCModeller/data/RegulonDatabase/RegulonDatabase.NET5.vbproj,Regprecise/BBHH.vb,47,14,6,27,2,10,0,2,0,1829,1.83 KB
G:/GCModeller/src/GCModeller/data/RegulonDatabase/RegulonDatabase.NET5.vbproj,Regprecise/Compiler.vb,266,22,32,212,3,0,3,13,0,15168,15.17 KB
G:/GCModeller/src/GCModeller/data/RegulonDatabase/RegulonDatabase.NET5.vbproj,Regprecise/MicrobesOnline.vb,46,16,5,25,1,0,0,2,0,2125,2.12 KB
G:/GCModeller/src/GCModeller/data/RegulonDatabase/RegulonDatabase.NET5.vbproj,Regprecise/RegpreciseAPI.vb,396,54,51,291,3,3,1,19,0,25329,25.33 KB
G:/GCModeller/src/GCModeller/data/RegulonDatabase/RegulonDatabase.NET5.vbproj,Regprecise/RegpreciseBBH.vb,169,25,27,117,2,12,0,4,0,6740,6.74 KB
G:/GCModeller/src/GCModeller/data/RegulonDatabase/RegulonDatabase.NET5.vbproj,Regprecise/RegpreciseBBHAPI.vb,286,143,28,115,1,0,0,9,0,17901,17.90 KB
G:/GCModeller/src/GCModeller/data/RegulonDatabase/RegulonDatabase.NET5.vbproj,Regprecise/RegPreciseRegulatorMatch.vb,108,45,14,49,3,23,0,1,0,3823,3.82 KB
G:/GCModeller/src/GCModeller/data/RegulonDatabase/RegulonDatabase.NET5.vbproj,Regprecise/RegulationFootprint.vb,86,47,12,27,1,16,0,1,0,2922,2.92 KB
G:/GCModeller/src/GCModeller/data/RegulonDatabase/RegulonDatabase.NET5.vbproj,Regprecise/RegulatorTable.vb,47,0,8,39,1,10,0,2,0,1859,1.86 KB
G:/GCModeller/src/GCModeller/data/RegulonDatabase/RegulonDatabase.NET5.vbproj,Regprecise/AnalysisResult/Effectors.vb,19,0,4,15,1,7,0,1,0,549,549 B
G:/GCModeller/src/GCModeller/data/RegulonDatabase/RegulonDatabase.NET5.vbproj,Regprecise/AnalysisResult/RegPreciseOperon.vb,107,40,10,57,1,10,3,1,0,3761,3.76 KB
G:/GCModeller/src/GCModeller/data/RegulonDatabase/RegulonDatabase.NET5.vbproj,Regprecise/AnalysisResult/RegpreciseRegulation.vb,43,4,9,30,7,10,0,3,0,1859,1.86 KB
G:/GCModeller/src/GCModeller/data/RegulonDatabase/RegulonDatabase.NET5.vbproj,Regprecise/FastaReaders/Regulator.vb,103,21,13,69,1,8,0,6,0,3934,3.93 KB
G:/GCModeller/src/GCModeller/data/RegulonDatabase/RegulonDatabase.NET5.vbproj,Regprecise/FastaReaders/Site.vb,129,36,14,79,1,9,0,6,0,5343,5.34 KB
G:/GCModeller/src/GCModeller/data/RegulonDatabase/RegulonDatabase.NET5.vbproj,Regprecise/WebServices/Regulations.vb,235,41,27,167,2,8,0,11,0,10423,10.42 KB
G:/GCModeller/src/GCModeller/data/RegulonDatabase/RegulonDatabase.NET5.vbproj,Regtransbase/WebServices/TranscriptionFactorFamily.vb,416,28,81,307,7,30,2,25,0,19717,19.72 KB
G:/GCModeller/src/GCModeller/data/RegulonDatabase/RegulonDatabase.NET5.vbproj,Regtransbase/WebServices/WebServiceHandler.vb,158,12,21,125,1,0,0,3,0,10196,10.20 KB
G:/GCModeller/src/GCModeller/data/RegulonDatabase/RegulonDatabase.NET5.vbproj,Regprecise/WebServices/DataModels/Regulation.vb,235,169,11,55,6,37,0,1,0,8397,8.40 KB
G:/GCModeller/src/GCModeller/data/RegulonDatabase/RegulonDatabase.NET5.vbproj,Regprecise/WebServices/DataModels/Stats.vb,204,140,10,54,5,31,0,2,0,7266,7.27 KB
G:/GCModeller/src/GCModeller/data/RegulonDatabase/RegulonDatabase.NET5.vbproj,Regprecise/WebServices/WebParser/BacteriaGenome.vb,98,29,13,56,1,3,1,4,0,3573,3.57 KB
G:/GCModeller/src/GCModeller/data/RegulonDatabase/RegulonDatabase.NET5.vbproj,Regprecise/WebServices/WebParser/KEGGDownloader.vb,72,10,7,55,1,0,0,2,0,3655,3.65 KB
G:/GCModeller/src/GCModeller/data/RegulonDatabase/RegulonDatabase.NET5.vbproj,Regprecise/WebServices/WebParser/RegulomeQuery .vb,82,4,14,64,1,0,1,4,0,3177,3.18 KB
G:/GCModeller/src/GCModeller/data/RegulonDatabase/RegulonDatabase.NET5.vbproj,Regprecise/WebServices/WebParser/Regulon.vb,78,10,14,54,2,5,0,8,0,2789,2.79 KB
G:/GCModeller/src/GCModeller/data/RegulonDatabase/RegulonDatabase.NET5.vbproj,Regprecise/WebServices/WebParser/RegulonAPI.vb,254,35,18,201,1,0,0,10,0,12717,12.72 KB
G:/GCModeller/src/GCModeller/data/RegulonDatabase/RegulonDatabase.NET5.vbproj,Regprecise/WebServices/WebParser/TranscriptionFactors.vb,226,34,27,165,1,2,0,13,0,11027,11.03 KB
G:/GCModeller/src/GCModeller/data/RegulonDatabase/RegulonDatabase.NET5.vbproj,Regprecise/WebServices/WebParser/WebAPI.vb,130,0,19,111,1,0,0,5,0,5307,5.31 KB
G:/GCModeller/src/GCModeller/data/RegulonDatabase/RegulonDatabase.NET5.vbproj,Regprecise/WebServices/WebParser/Motif/MotifSite.vb,57,3,7,47,1,9,0,3,0,2399,2.40 KB
G:/GCModeller/src/GCModeller/data/RegulonDatabase/RegulonDatabase.NET5.vbproj,Regprecise/WebServices/WebParser/Motif/MotifWebAPI.vb,75,0,14,61,1,0,0,4,0,3030,3.03 KB
G:/GCModeller/src/GCModeller/data/RegulonDatabase/RegulonDatabase.NET5.vbproj,Regprecise/WebServices/WebParser/Motif/MotifWebQuery.vb,15,0,5,10,1,0,1,0,0,688,688 B
G:/GCModeller/src/GCModeller/data/RegulonDatabase/RegulonDatabase.NET5.vbproj,Regprecise/WebServices/WebParser/Operon/Operon.vb,63,4,12,47,1,3,0,4,0,2077,2.08 KB
G:/GCModeller/src/GCModeller/data/RegulonDatabase/RegulonDatabase.NET5.vbproj,Regprecise/WebServices/WebParser/Operon/OperonQuery.vb,104,2,17,85,1,0,1,4,0,4424,4.42 KB
G:/GCModeller/src/GCModeller/data/RegulonDatabase/RegulonDatabase.NET5.vbproj,Regprecise/WebServices/WebParser/Parser/RegulateGraph.vb,105,7,12,86,1,0,0,2,0,3868,3.87 KB
G:/GCModeller/src/GCModeller/data/RegulonDatabase/RegulonDatabase.NET5.vbproj,Regprecise/WebServices/WebParser/Regulator/Regulator.vb,114,33,14,67,1,14,1,4,0,4575,4.58 KB
G:/GCModeller/src/GCModeller/data/RegulonDatabase/RegulonDatabase.NET5.vbproj,Regprecise/WebServices/WebParser/Regulator/RegulatorQuery.vb,181,6,35,140,1,0,1,7,0,7920,7.92 KB
G:/GCModeller/src/GCModeller/data/RegulonDatabase/RegulonDatabase.NET5.vbproj,Regprecise/WebServices/WebParser/Regulator/RegulatorTypes.vb,16,8,1,7,1,0,0,0,0,345,345 B
G:/GCModeller/src/GCModeller/data/RegulonDatabase/RegulonDatabase.NET5.vbproj,<project>,5025,1108,648,3269,70,264,16,188,0,230335,230.34 KB
G:/GCModeller/src/GCModeller/data/RegulonDatabase/test/test.vbproj,Program.vb,17,0,4,13,1,0,2,0,0,394,394 B
G:/GCModeller/src/GCModeller/data/RegulonDatabase/test/test.vbproj,<project>,17,0,4,13,1,0,2,0,0,394,394 B
G:/GCModeller/src/GCModeller/data/Rhea/Rhea.vbproj,ReactionList.vb,9,3,2,4,1,0,0,0,0,253,253 B
G:/GCModeller/src/GCModeller/data/Rhea/Rhea.vbproj,TextParser.vb,76,0,14,62,1,0,0,3,0,2438,2.44 KB
G:/GCModeller/src/GCModeller/data/Rhea/Rhea.vbproj,Brenda/BrendaJSON.vb,93,0,16,77,5,58,0,3,0,3248,3.25 KB
G:/GCModeller/src/GCModeller/data/Rhea/Rhea.vbproj,RDF/RheaDescription.vb,103,0,21,82,1,20,1,4,0,3993,3.99 KB
G:/GCModeller/src/GCModeller/data/Rhea/Rhea.vbproj,RDF/RheaRDF.vb,155,13,19,123,1,0,1,6,0,6137,6.14 KB
G:/GCModeller/src/GCModeller/data/Rhea/Rhea.vbproj,<project>,436,16,72,348,9,78,2,16,0,16069,16.07 KB
G:/GCModeller/src/GCModeller/data/Rhea/test/test.vbproj,Program.vb,14,0,4,10,1,0,1,0,0,327,327 B
G:/GCModeller/src/GCModeller/data/Rhea/test/test.vbproj,<project>,14,0,4,10,1,0,1,0,0,327,327 B
G:/GCModeller/src/GCModeller/data/SABIO-RK/SABIO-RK.NET.vbproj,ModelHelper.vb,33,1,4,28,1,0,0,1,0,1528,1.53 KB
G:/GCModeller/src/GCModeller/data/SABIO-RK/SABIO-RK.NET.vbproj,docuRESTfulWeb/docuRESTfulWeb.vb,59,17,9,33,1,0,0,3,0,2335,2.33 KB
G:/GCModeller/src/GCModeller/data/SABIO-RK/SABIO-RK.NET.vbproj,docuRESTfulWeb/ModelQuery.vb,85,0,15,70,1,0,2,7,0,3408,3.41 KB
G:/GCModeller/src/GCModeller/data/SABIO-RK/SABIO-RK.NET.vbproj,docuRESTfulWeb/QueryFields.vb,87,27,2,58,1,0,0,0,0,2682,2.68 KB
G:/GCModeller/src/GCModeller/data/SABIO-RK/SABIO-RK.NET.vbproj,docuRESTfulWeb/WebRequest.vb,72,9,11,52,1,0,0,3,0,3095,3.10 KB
G:/GCModeller/src/GCModeller/data/SABIO-RK/SABIO-RK.NET.vbproj,Dumps/Enzyme.vb,41,12,6,23,1,3,0,3,0,1674,1.67 KB
G:/GCModeller/src/GCModeller/data/SABIO-RK/SABIO-RK.NET.vbproj,Dumps/Kinetics.vb,198,35,20,143,5,32,0,5,0,9408,9.41 KB
G:/GCModeller/src/GCModeller/data/SABIO-RK/SABIO-RK.NET.vbproj,Dumps/LocalParameterParser.vb,115,42,12,61,1,0,0,5,0,6215,6.21 KB
G:/GCModeller/src/GCModeller/data/SABIO-RK/SABIO-RK.NET.vbproj,Dumps/SabiorkSBML.vb,32,6,6,20,1,8,0,1,0,1182,1.18 KB
G:/GCModeller/src/GCModeller/data/SABIO-RK/SABIO-RK.NET.vbproj,Dumps/SBMLParser.vb,157,0,25,132,2,8,0,10,0,8295,8.29 KB
G:/GCModeller/src/GCModeller/data/SABIO-RK/SABIO-RK.NET.vbproj,Dumps/TabularDump.vb,93,37,17,39,2,4,0,5,0,3959,3.96 KB
G:/GCModeller/src/GCModeller/data/SABIO-RK/SABIO-RK.NET.vbproj,SBML/kineticLaw.vb,108,0,32,76,7,20,1,6,0,3597,3.60 KB
G:/GCModeller/src/GCModeller/data/SABIO-RK/SABIO-RK.NET.vbproj,SBML/MathMLParser.vb,88,14,12,62,1,0,0,2,0,3277,3.28 KB
G:/GCModeller/src/GCModeller/data/SABIO-RK/SABIO-RK.NET.vbproj,SBML/SbmlDocument.vb,106,23,15,68,1,3,0,3,0,4000,4.00 KB
G:/GCModeller/src/GCModeller/data/SABIO-RK/SABIO-RK.NET.vbproj,SBML/SBMLInternalIndexer.vb,185,28,27,130,1,2,1,9,0,7905,7.91 KB
G:/GCModeller/src/GCModeller/data/SABIO-RK/SABIO-RK.NET.vbproj,SBML/SBMLReaction.vb,47,8,8,31,1,4,0,0,0,1539,1.54 KB
G:/GCModeller/src/GCModeller/data/SABIO-RK/SABIO-RK.NET.vbproj,SBML/TargetParser.vb,40,0,7,33,1,0,0,2,0,1368,1.37 KB
G:/GCModeller/src/GCModeller/data/SABIO-RK/SABIO-RK.NET.vbproj,<project>,1546,259,228,1059,29,84,4,65,0,65467,65.47 KB
G:/GCModeller/src/GCModeller/data/SABIO-RK/test/test.vbproj,Module1.vb,66,0,12,54,1,0,5,0,0,2506,2.51 KB
G:/GCModeller/src/GCModeller/data/SABIO-RK/test/test.vbproj,<project>,66,0,12,54,1,0,5,0,0,2506,2.51 KB
G:/GCModeller/src/GCModeller/data/STRING/STRING-db.vbproj,Extensions.vb,151,17,20,114,1,0,0,3,0,5670,5.67 KB
G:/GCModeller/src/GCModeller/data/STRING/STRING-db.vbproj,PSI.vb,53,3,9,41,1,0,0,4,0,1949,1.95 KB
G:/GCModeller/src/GCModeller/data/STRING/STRING-db.vbproj,SimpleCsv.vb,67,8,10,49,2,4,0,4,0,2364,2.36 KB
G:/GCModeller/src/GCModeller/data/STRING/STRING-db.vbproj,StringIndex.vb,79,16,10,53,1,0,1,3,0,2825,2.83 KB
G:/GCModeller/src/GCModeller/data/STRING/STRING-db.vbproj,Tsv.vb,256,34,30,192,3,25,0,8,0,13091,13.09 KB
G:/GCModeller/src/GCModeller/data/STRING/STRING-db.vbproj,tsv/Coordinates.vb,20,4,3,13,1,5,0,1,0,812,812 B
G:/GCModeller/src/GCModeller/data/STRING/STRING-db.vbproj,tsv/InteractExports.vb,54,16,6,32,1,15,0,2,0,2363,2.36 KB
G:/GCModeller/src/GCModeller/data/STRING/STRING-db.vbproj,WebAPI/APIModels.vb,344,110,50,184,24,10,4,5,0,12306,12.31 KB
G:/GCModeller/src/GCModeller/data/STRING/STRING-db.vbproj,<project>,1024,208,138,678,34,59,5,30,0,41380,41.38 KB
G:/GCModeller/src/GCModeller/data/Xfam/Pfam/Pfam.vbproj,PfamFamily.vb,65,4,11,50,6,18,0,4,0,2336,2.34 KB
G:/GCModeller/src/GCModeller/data/Xfam/Pfam/Pfam.vbproj,MPAlignment/MotifParallelAlignment.vb,207,53,22,132,1,0,0,12,0,12126,12.13 KB
G:/GCModeller/src/GCModeller/data/Xfam/Pfam/Pfam.vbproj,My Project/Resources.Designer.vb,85,39,9,37,1,3,0,0,0,3803,3.80 KB
G:/GCModeller/src/GCModeller/data/Xfam/Pfam/Pfam.vbproj,Pipeline/DomainAnalysis.vb,352,49,39,264,1,0,0,13,0,18683,18.68 KB
G:/GCModeller/src/GCModeller/data/Xfam/Pfam/Pfam.vbproj,MPAlignment/Algorithm/DomainEquals.vb,59,5,11,43,1,0,1,2,0,2140,2.14 KB
G:/GCModeller/src/GCModeller/data/Xfam/Pfam/Pfam.vbproj,MPAlignment/Algorithm/LevAlign.vb,125,14,22,89,1,8,2,5,0,5567,5.57 KB
G:/GCModeller/src/GCModeller/data/Xfam/Pfam/Pfam.vbproj,MPAlignment/Algorithm/MPAlignment.vb,295,45,33,217,1,0,1,6,0,16174,16.17 KB
G:/GCModeller/src/GCModeller/data/Xfam/Pfam/Pfam.vbproj,MPAlignment/Components/BiDirectionalBesthit.vb,30,0,7,23,3,4,0,1,0,1163,1.16 KB
G:/GCModeller/src/GCModeller/data/Xfam/Pfam/Pfam.vbproj,MPAlignment/Components/Components.vb,43,7,6,30,1,3,0,1,0,1347,1.35 KB
G:/GCModeller/src/GCModeller/data/Xfam/Pfam/Pfam.vbproj,MPAlignment/Components/DomainAlignment.vb,31,0,5,26,1,4,0,2,0,1283,1.28 KB
G:/GCModeller/src/GCModeller/data/Xfam/Pfam/Pfam.vbproj,MPAlignment/Output/CsvArchive.vb,101,26,11,64,1,12,0,3,0,3898,3.90 KB
G:/GCModeller/src/GCModeller/data/Xfam/Pfam/Pfam.vbproj,MPAlignment/Output/MPAlignmentOutput.vb,93,27,12,54,1,8,0,2,0,4659,4.66 KB
G:/GCModeller/src/GCModeller/data/Xfam/Pfam/Pfam.vbproj,Pipeline/Database/Entry.vb,44,22,10,12,5,0,0,0,0,1205,1.21 KB
G:/GCModeller/src/GCModeller/data/Xfam/Pfam/Pfam.vbproj,Pipeline/Database/NamespaceDoc.vb,8,3,1,4,1,0,0,0,0,170,170 B
G:/GCModeller/src/GCModeller/data/Xfam/Pfam/Pfam.vbproj,Pipeline/Database/PfamEntry.vb,109,3,23,83,1,7,0,5,0,3699,3.70 KB
G:/GCModeller/src/GCModeller/data/Xfam/Pfam/Pfam.vbproj,Pipeline/Database/PfamFasta.vb,44,3,8,33,1,3,0,3,0,1843,1.84 KB
G:/GCModeller/src/GCModeller/data/Xfam/Pfam/Pfam.vbproj,Pipeline/Database/SequenceTable.vb,20,0,5,15,1,3,0,1,0,683,683 B
G:/GCModeller/src/GCModeller/data/Xfam/Pfam/Pfam.vbproj,Pipeline/LocalBlast/Annotation.vb,292,47,37,208,1,0,0,10,0,14119,14.12 KB
G:/GCModeller/src/GCModeller/data/Xfam/Pfam/Pfam.vbproj,Pipeline/LocalBlast/BlastOutputParser.vb,107,22,10,75,1,0,0,2,0,4856,4.86 KB
G:/GCModeller/src/GCModeller/data/Xfam/Pfam/Pfam.vbproj,Pipeline/LocalBlast/DiamondHits.vb,30,0,3,27,1,0,0,1,0,1106,1.11 KB
G:/GCModeller/src/GCModeller/data/Xfam/Pfam/Pfam.vbproj,Pipeline/LocalBlast/NamespaceDoc.vb,8,3,1,4,1,0,0,0,0,177,177 B
G:/GCModeller/src/GCModeller/data/Xfam/Pfam/Pfam.vbproj,Pipeline/LocalBlast/PfamHit.vb,56,15,8,33,1,6,0,1,0,1953,1.95 KB
G:/GCModeller/src/GCModeller/data/Xfam/Pfam/Pfam.vbproj,Pipeline/PfamString/API.vb,219,19,26,174,1,0,1,13,0,10182,10.18 KB
G:/GCModeller/src/GCModeller/data/Xfam/Pfam/Pfam.vbproj,Pipeline/PfamString/DomainObject.vb,19,11,2,6,1,2,0,0,0,669,669 B
G:/GCModeller/src/GCModeller/data/Xfam/Pfam/Pfam.vbproj,Pipeline/PfamString/PfamString.vb,150,33,20,97,1,6,0,6,0,6272,6.27 KB
G:/GCModeller/src/GCModeller/data/Xfam/Pfam/Pfam.vbproj,<project>,2592,450,342,1800,36,87,5,93,0,120113,120.11 KB
G:/GCModeller/src/GCModeller/engine/BootstrapLoader/BootstrapLoader.NET5.vbproj,DefaultCultureMedium.vb,7,0,2,5,1,1,0,0,0,160,160 B
G:/GCModeller/src/GCModeller/engine/BootstrapLoader/BootstrapLoader.NET5.vbproj,SyntheticMicrobialNetwork.vb,48,3,10,35,1,0,0,1,0,1892,1.89 KB
G:/GCModeller/src/GCModeller/engine/BootstrapLoader/BootstrapLoader.NET5.vbproj,BootLoader/BioMoleculeDegradation.vb,273,20,42,211,1,1,1,5,0,12557,12.56 KB
G:/GCModeller/src/GCModeller/engine/BootstrapLoader/BootstrapLoader.NET5.vbproj,BootLoader/Extensions.vb,29,6,2,21,1,0,0,1,0,1201,1.20 KB
G:/GCModeller/src/GCModeller/engine/BootstrapLoader/BootstrapLoader.NET5.vbproj,BootLoader/FluxLoader.vb,40,3,11,26,1,2,1,1,0,1230,1.23 KB
G:/GCModeller/src/GCModeller/engine/BootstrapLoader/BootstrapLoader.NET5.vbproj,BootLoader/Loader.vb,176,25,31,120,1,4,1,7,0,7362,7.36 KB
G:/GCModeller/src/GCModeller/engine/BootstrapLoader/BootstrapLoader.NET5.vbproj,BootLoader/MassLoader.vb,124,17,22,85,1,1,2,0,0,5371,5.37 KB
G:/GCModeller/src/GCModeller/engine/BootstrapLoader/BootstrapLoader.NET5.vbproj,BootLoader/MetabolismNetworkLoader.vb,288,18,38,232,1,0,3,7,0,12910,12.91 KB
G:/GCModeller/src/GCModeller/engine/BootstrapLoader/BootstrapLoader.NET5.vbproj,BootLoader/ProteinMatureFluxLoader.vb,127,9,26,92,2,2,2,5,0,5425,5.42 KB
G:/GCModeller/src/GCModeller/engine/BootstrapLoader/BootstrapLoader.NET5.vbproj,BootLoader/TransmembraneFluxLoader.vb,43,0,10,33,1,0,1,2,0,1617,1.62 KB
G:/GCModeller/src/GCModeller/engine/BootstrapLoader/BootstrapLoader.NET5.vbproj,Definition/AminoAcid.vb,152,88,10,54,1,24,1,2,0,4512,4.51 KB
G:/GCModeller/src/GCModeller/engine/BootstrapLoader/BootstrapLoader.NET5.vbproj,Definition/Definition.vb,269,50,28,191,3,16,0,5,0,9910,9.91 KB
G:/GCModeller/src/GCModeller/engine/BootstrapLoader/BootstrapLoader.NET5.vbproj,Definition/FluxBaseline.vb,56,22,11,23,1,15,0,1,0,2004,2.00 KB
G:/GCModeller/src/GCModeller/engine/BootstrapLoader/BootstrapLoader.NET5.vbproj,Definition/NucleicAcid.vb,48,16,7,25,1,5,0,1,0,1287,1.29 KB
G:/GCModeller/src/GCModeller/engine/BootstrapLoader/BootstrapLoader.NET5.vbproj,Definition/Status.vb,52,17,8,27,1,2,1,1,0,1986,1.99 KB
G:/GCModeller/src/GCModeller/engine/BootstrapLoader/BootstrapLoader.NET5.vbproj,Engine/MemoryDataSet.vb,35,0,9,26,1,1,4,2,0,1560,1.56 KB
G:/GCModeller/src/GCModeller/engine/BootstrapLoader/BootstrapLoader.NET5.vbproj,Engine/NamespaceDoc.vb,10,3,2,5,1,0,0,0,0,295,295 B
G:/GCModeller/src/GCModeller/engine/BootstrapLoader/BootstrapLoader.NET5.vbproj,BootLoader/CentralDogma/CentralDogmaFluxLoader.vb,267,39,41,187,1,4,1,5,0,12213,12.21 KB
G:/GCModeller/src/GCModeller/engine/BootstrapLoader/BootstrapLoader.NET5.vbproj,BootLoader/CentralDogma/RibosomeAssembly.vb,81,9,14,58,1,0,1,3,0,3898,3.90 KB
G:/GCModeller/src/GCModeller/engine/BootstrapLoader/BootstrapLoader.NET5.vbproj,BootLoader/CentralDogma/TranscriptionEvents.vb,265,40,35,190,1,3,1,5,0,12625,12.62 KB
G:/GCModeller/src/GCModeller/engine/BootstrapLoader/BootstrapLoader.NET5.vbproj,BootLoader/CentralDogma/TranslationEvents.vb,232,10,34,188,1,2,1,8,0,10973,10.97 KB
G:/GCModeller/src/GCModeller/engine/BootstrapLoader/BootstrapLoader.NET5.vbproj,Engine/VCell/DebuggerView.vb,72,7,14,51,1,5,1,1,0,2297,2.30 KB
G:/GCModeller/src/GCModeller/engine/BootstrapLoader/BootstrapLoader.NET5.vbproj,Engine/VCell/Engine.vb,308,39,55,214,1,6,3,11,0,12171,12.17 KB
G:/GCModeller/src/GCModeller/engine/BootstrapLoader/BootstrapLoader.NET5.vbproj,Engine/VCell/OmicsDataAdapter.vb,94,2,18,74,1,2,5,5,0,4772,4.77 KB
G:/GCModeller/src/GCModeller/engine/BootstrapLoader/BootstrapLoader.NET5.vbproj,<project>,3096,443,480,2173,27,96,30,79,0,130228,130.23 KB
G:/GCModeller/src/GCModeller/engine/Cella/Cella.vbproj,Environment.vb,30,0,7,23,1,1,2,1,0,770,770 B
G:/GCModeller/src/GCModeller/engine/Cella/Cella.vbproj,Gene.vb,6,0,2,4,1,2,0,0,0,110,110 B
G:/GCModeller/src/GCModeller/engine/Cella/Cella.vbproj,Metabolite.vb,11,4,3,4,1,1,0,0,0,279,279 B
G:/GCModeller/src/GCModeller/engine/Cella/Cella.vbproj,SpaceInitializer.vb,134,34,18,82,1,0,0,5,0,5398,5.40 KB
G:/GCModeller/src/GCModeller/engine/Cella/Cella.vbproj,Spot.vb,17,0,5,12,1,3,1,0,0,423,423 B
G:/GCModeller/src/GCModeller/engine/Cella/Cella.vbproj,VirtualCella.vb,69,0,10,59,1,6,2,1,0,2953,2.95 KB
G:/GCModeller/src/GCModeller/engine/Cella/Cella.vbproj,Networks/GeneRegulatoryNetwork.vb,29,3,7,19,1,0,2,1,0,1013,1013 B
G:/GCModeller/src/GCModeller/engine/Cella/Cella.vbproj,Networks/MetabolicNetwork.vb,31,3,7,21,1,0,2,1,0,924,924 B
G:/GCModeller/src/GCModeller/engine/Cella/Cella.vbproj,Networks/SubNetwork.vb,12,0,4,8,1,0,1,0,0,281,281 B
G:/GCModeller/src/GCModeller/engine/Cella/Cella.vbproj,Networks/TranslationSystem.vb,21,3,5,13,1,0,2,1,0,578,578 B
G:/GCModeller/src/GCModeller/engine/Cella/Cella.vbproj,Networks/TransportSystem.vb,12,3,3,6,1,0,1,0,0,345,345 B
G:/GCModeller/src/GCModeller/engine/Cella/Cella.vbproj,Networks/TurnoverSystem.vb,13,3,4,6,1,0,1,0,0,361,361 B
G:/GCModeller/src/GCModeller/engine/Cella/Cella.vbproj,Snapshots/CellSnapshot.vb,27,15,3,9,1,7,0,0,0,803,803 B
G:/GCModeller/src/GCModeller/engine/Cella/Cella.vbproj,Snapshots/Metadata.vb,87,64,8,15,2,11,0,0,0,2812,2.81 KB
G:/GCModeller/src/GCModeller/engine/Cella/Cella.vbproj,Snapshots/SpotSnapshot.vb,30,19,2,9,1,7,0,0,0,900,900 B
G:/GCModeller/src/GCModeller/engine/Cella/Cella.vbproj,Snapshots/TimeFrameSnapshot.vb,18,11,2,5,1,3,0,0,0,570,570 B
G:/GCModeller/src/GCModeller/engine/Cella/Cella.vbproj,<project>,547,162,90,295,17,41,14,10,0,18520,18.52 KB
G:/GCModeller/src/GCModeller/engine/Compiler/Compiler.NET5.vbproj,Extensions.vb,13,0,3,10,1,0,0,1,0,378,378 B
G:/GCModeller/src/GCModeller/engine/Compiler/Compiler.NET5.vbproj,NetworkViz.vb,215,48,12,155,1,0,0,3,0,9905,9.90 KB
G:/GCModeller/src/GCModeller/engine/Compiler/Compiler.NET5.vbproj,Workflow.vb,292,41,33,218,1,0,0,7,0,12568,12.57 KB
G:/GCModeller/src/GCModeller/engine/Compiler/Compiler.NET5.vbproj,AssemblyScript/Compiler.vb,20,0,5,15,1,0,0,2,0,687,687 B
G:/GCModeller/src/GCModeller/engine/Compiler/Compiler.NET5.vbproj,AssemblyScript/Environment.vb,21,7,6,8,1,2,0,0,0,552,552 B
G:/GCModeller/src/GCModeller/engine/Compiler/Compiler.NET5.vbproj,AssemblyScript/NamespaceDoc.vb,8,3,1,4,1,0,0,0,0,185,185 B
G:/GCModeller/src/GCModeller/engine/Compiler/Compiler.NET5.vbproj,AssemblyScript/Registry.vb,38,10,9,19,1,0,2,1,0,1392,1.39 KB
G:/GCModeller/src/GCModeller/engine/Compiler/Compiler.NET5.vbproj,AssemblyScript/VHDFile.vb,89,10,11,68,1,6,0,1,0,3383,3.38 KB
G:/GCModeller/src/GCModeller/engine/Compiler/Compiler.NET5.vbproj,KEGG/Arguments.vb,41,0,11,30,1,1,0,3,0,1237,1.24 KB
G:/GCModeller/src/GCModeller/engine/Compiler/Compiler.NET5.vbproj,KEGG/PathwayCompiler.vb,90,4,10,76,1,0,0,3,0,3858,3.86 KB
G:/GCModeller/src/GCModeller/engine/Compiler/Compiler.NET5.vbproj,KineticsModeller/KineticsModellerHelpers.vb,89,10,11,68,1,0,0,2,0,3344,3.34 KB
G:/GCModeller/src/GCModeller/engine/Compiler/Compiler.NET5.vbproj,KineticsModeller/Modeller.vb,174,5,33,136,1,0,3,3,0,6885,6.88 KB
G:/GCModeller/src/GCModeller/engine/Compiler/Compiler.NET5.vbproj,MarkupCompiler/CompileGeneModelWorkflow.vb,105,2,13,90,1,1,1,2,0,4587,4.59 KB
G:/GCModeller/src/GCModeller/engine/Compiler/Compiler.NET5.vbproj,MarkupCompiler/CompileGenomeWorkflow.vb,68,11,9,48,1,0,1,2,0,2795,2.79 KB
G:/GCModeller/src/GCModeller/engine/Compiler/Compiler.NET5.vbproj,MarkupCompiler/CompileMetabolismWorkflow.vb,107,0,12,95,1,0,1,3,0,5023,5.02 KB
G:/GCModeller/src/GCModeller/engine/Compiler/Compiler.NET5.vbproj,MarkupCompiler/CompilerWorkflow.vb,11,0,3,8,1,0,1,0,0,264,264 B
G:/GCModeller/src/GCModeller/engine/Compiler/Compiler.NET5.vbproj,MarkupCompiler/CompileTRNWorkflow.vb,97,30,16,51,1,0,1,3,0,4262,4.26 KB
G:/GCModeller/src/GCModeller/engine/Compiler/Compiler.NET5.vbproj,MarkupCompiler/v2MarkupCompiler.vb,13,0,3,10,1,0,0,1,0,445,445 B
G:/GCModeller/src/GCModeller/engine/Compiler/Compiler.NET5.vbproj,My Project/Application.Designer.vb,12,9,1,2,0,0,0,0,0,434,434 B
G:/GCModeller/src/GCModeller/engine/Compiler/Compiler.NET5.vbproj,My Project/AssemblyInfo.vb,36,15,6,15,0,0,0,0,0,1278,1.28 KB
G:/GCModeller/src/GCModeller/engine/Compiler/Compiler.NET5.vbproj,My Project/Resources.Designer.vb,63,23,8,32,1,2,0,0,0,2800,2.80 KB
G:/GCModeller/src/GCModeller/engine/Compiler/Compiler.NET5.vbproj,My Project/Settings.Designer.vb,74,9,12,53,2,2,1,0,0,3045,3.04 KB
G:/GCModeller/src/GCModeller/engine/Compiler/Compiler.NET5.vbproj,AssemblyScript/Commands/Add.vb,28,3,6,19,1,0,1,2,0,854,854 B
G:/GCModeller/src/GCModeller/engine/Compiler/Compiler.NET5.vbproj,AssemblyScript/Commands/Command.vb,22,3,5,14,1,1,0,1,0,655,655 B
G:/GCModeller/src/GCModeller/engine/Compiler/Compiler.NET5.vbproj,AssemblyScript/Commands/Delete.vb,28,3,6,19,1,0,1,2,0,862,862 B
G:/GCModeller/src/GCModeller/engine/Compiler/Compiler.NET5.vbproj,AssemblyScript/Commands/Entry.vb,68,0,16,52,3,4,2,5,0,2341,2.34 KB
G:/GCModeller/src/GCModeller/engine/Compiler/Compiler.NET5.vbproj,AssemblyScript/Commands/Env.vb,26,3,6,17,1,2,1,2,0,792,792 B
G:/GCModeller/src/GCModeller/engine/Compiler/Compiler.NET5.vbproj,AssemblyScript/Commands/From.vb,33,3,8,22,1,2,1,2,0,895,895 B
G:/GCModeller/src/GCModeller/engine/Compiler/Compiler.NET5.vbproj,AssemblyScript/Commands/Modification.vb,8,0,3,5,1,1,0,0,0,171,171 B
G:/GCModeller/src/GCModeller/engine/Compiler/Compiler.NET5.vbproj,AssemblyScript/Script/Scanner.vb,117,4,18,95,3,0,1,4,0,4004,4.00 KB
G:/GCModeller/src/GCModeller/engine/Compiler/Compiler.NET5.vbproj,AssemblyScript/Script/Tokens.vb,49,27,4,18,2,0,1,0,0,1014,1014 B
G:/GCModeller/src/GCModeller/engine/Compiler/Compiler.NET5.vbproj,AssemblyScript/SyntaxTree/SyntaxParser.vb,6,0,2,4,1,0,0,0,0,84,84 B
G:/GCModeller/src/GCModeller/engine/Compiler/Compiler.NET5.vbproj,MarkupCompiler/BioCyc/GenomeCompiler.vb,182,2,27,153,1,0,1,5,0,8085,8.09 KB
G:/GCModeller/src/GCModeller/engine/Compiler/Compiler.NET5.vbproj,MarkupCompiler/BioCyc/ProteinCompiler.vb,94,2,13,79,1,0,1,2,0,3857,3.86 KB
G:/GCModeller/src/GCModeller/engine/Compiler/Compiler.NET5.vbproj,MarkupCompiler/BioCyc/ReactionNetworkCompiler.vb,201,2,27,172,1,0,1,10,0,8414,8.41 KB
G:/GCModeller/src/GCModeller/engine/Compiler/Compiler.NET5.vbproj,MarkupCompiler/BioCyc/RegulationCompiler.vb,56,0,9,47,1,0,1,1,0,2138,2.14 KB
G:/GCModeller/src/GCModeller/engine/Compiler/Compiler.NET5.vbproj,MarkupCompiler/BioCyc/v2Compiler.vb,130,1,20,109,1,0,1,5,0,5088,5.09 KB
G:/GCModeller/src/GCModeller/engine/Compiler/Compiler.NET5.vbproj,MarkupCompiler/KEGG/v2KEGGCompiler.vb,136,13,16,107,1,0,1,2,0,5961,5.96 KB
G:/GCModeller/src/GCModeller/engine/Compiler/Compiler.NET5.vbproj,AssemblyScript/Commands/metadata/Keywords.vb,26,0,6,20,1,1,1,2,0,841,841 B
G:/GCModeller/src/GCModeller/engine/Compiler/Compiler.NET5.vbproj,AssemblyScript/Commands/metadata/Label.vb,36,3,8,25,1,1,1,2,0,1324,1.32 KB
G:/GCModeller/src/GCModeller/engine/Compiler/Compiler.NET5.vbproj,AssemblyScript/Commands/metadata/Maintainer.vb,31,3,8,20,1,2,2,2,0,933,933 B
G:/GCModeller/src/GCModeller/engine/Compiler/Compiler.NET5.vbproj,<project>,2953,309,436,2208,45,28,29,86,0,117620,117.62 KB
G:/GCModeller/src/GCModeller/engine/CompilerServices/CompilerServices.NET5.vbproj,Compiler.vb,185,35,34,116,1,3,3,6,0,6598,6.60 KB
G:/GCModeller/src/GCModeller/engine/CompilerServices/CompilerServices.NET5.vbproj,ModelBase/Model.vb,57,6,11,40,1,1,1,4,0,2106,2.11 KB
G:/GCModeller/src/GCModeller/engine/CompilerServices/CompilerServices.NET5.vbproj,ModelBase/Property.vb,54,3,9,42,1,12,2,1,0,1770,1.77 KB
G:/GCModeller/src/GCModeller/engine/CompilerServices/CompilerServices.NET5.vbproj,<project>,296,44,54,198,3,16,6,11,0,10474,10.47 KB
G:/GCModeller/src/GCModeller/engine/Dynamics/Dynamics.NET5.vbproj,NamespaceDoc.vb,59,51,2,6,1,0,1,0,0,4346,4.35 KB
G:/GCModeller/src/GCModeller/engine/Dynamics/Dynamics.NET5.vbproj,Core/CompartmentSnapshot.vb,10,0,4,6,1,2,0,0,0,203,203 B
G:/GCModeller/src/GCModeller/engine/Dynamics/Dynamics.NET5.vbproj,Core/EnvirClone.vb,15,3,3,9,1,0,0,1,0,356,356 B
G:/GCModeller/src/GCModeller/engine/Dynamics/Dynamics.NET5.vbproj,Core/NamespaceDoc.vb,9,4,1,4,1,0,0,0,0,251,251 B
G:/GCModeller/src/GCModeller/engine/Dynamics/Dynamics.NET5.vbproj,Core/Vessel.vb,251,77,42,132,3,2,5,7,0,9521,9.52 KB
G:/GCModeller/src/GCModeller/engine/Dynamics/Dynamics.NET5.vbproj,Drivers/Driver.vb,58,14,14,30,5,4,9,0,0,2282,2.28 KB
G:/GCModeller/src/GCModeller/engine/Dynamics/Dynamics.NET5.vbproj,Drivers/FluxAggregater.vb,75,0,13,62,1,0,2,4,0,2783,2.78 KB
G:/GCModeller/src/GCModeller/engine/Dynamics/Dynamics.NET5.vbproj,Drivers/FluxEmulator.vb,143,10,26,107,1,0,2,6,0,5592,5.59 KB
G:/GCModeller/src/GCModeller/engine/Dynamics/Dynamics.NET5.vbproj,Drivers/OmicsTuple.vb,26,4,5,17,1,0,1,1,0,779,779 B
G:/GCModeller/src/GCModeller/engine/Dynamics/Dynamics.NET5.vbproj,Core/Flux/Boundary.vb,37,7,9,21,1,2,2,1,0,1095,1.09 KB
G:/GCModeller/src/GCModeller/engine/Dynamics/Dynamics.NET5.vbproj,Core/Flux/Channel.vb,175,47,27,101,1,8,2,6,0,6788,6.79 KB
G:/GCModeller/src/GCModeller/engine/Dynamics/Dynamics.NET5.vbproj,Core/Flux/Directions.vb,14,6,1,7,1,0,0,0,0,305,305 B
G:/GCModeller/src/GCModeller/engine/Dynamics/Dynamics.NET5.vbproj,Core/Flux/Extensions.vb,68,10,11,47,1,0,0,5,0,2462,2.46 KB
G:/GCModeller/src/GCModeller/engine/Dynamics/Dynamics.NET5.vbproj,Core/Flux/JSON.vb,113,15,16,82,2,9,0,7,0,4504,4.50 KB
G:/GCModeller/src/GCModeller/engine/Dynamics/Dynamics.NET5.vbproj,Core/Kinetics/EnvironmentState.vb,41,10,6,25,1,12,0,1,0,1926,1.93 KB
G:/GCModeller/src/GCModeller/engine/Dynamics/Dynamics.NET5.vbproj,Core/Kinetics/EnzymeCharacteristics.vb,254,110,15,129,1,26,0,5,0,10361,10.36 KB
G:/GCModeller/src/GCModeller/engine/Dynamics/Dynamics.NET5.vbproj,Core/Kinetics/EnzymeKineticsCorrection.vb,329,120,61,148,1,0,0,17,0,13883,13.88 KB
G:/GCModeller/src/GCModeller/engine/Dynamics/Dynamics.NET5.vbproj,Core/Kinetics/KineticsFactor.vb,106,4,28,74,1,0,0,0,24,3421,3.42 KB
G:/GCModeller/src/GCModeller/engine/Dynamics/Dynamics.NET5.vbproj,Core/Kinetics/KineticsTest.vb,150,28,19,103,1,0,1,4,0,5814,5.81 KB
G:/GCModeller/src/GCModeller/engine/Dynamics/Dynamics.NET5.vbproj,Core/Kinetics/ModularRateLaws.vb,81,12,8,61,1,0,0,1,0,6162,6.16 KB
G:/GCModeller/src/GCModeller/engine/Dynamics/Dynamics.NET5.vbproj,Core/Mass/CompartTable.vb,116,10,25,81,1,2,4,3,0,4295,4.29 KB
G:/GCModeller/src/GCModeller/engine/Dynamics/Dynamics.NET5.vbproj,Core/Mass/Factor.vb,122,41,20,61,1,6,6,1,2,3907,3.91 KB
G:/GCModeller/src/GCModeller/engine/Dynamics/Dynamics.NET5.vbproj,Core/Mass/MassDynamics.vb,275,27,40,208,1,2,3,7,0,11133,11.13 KB
G:/GCModeller/src/GCModeller/engine/Dynamics/Dynamics.NET5.vbproj,Core/Mass/MassFactor.vb,59,0,13,46,1,3,3,3,0,2040,2.04 KB
G:/GCModeller/src/GCModeller/engine/Dynamics/Dynamics.NET5.vbproj,Core/Mass/MassRoles.vb,46,30,3,13,1,0,0,0,0,1328,1.33 KB
G:/GCModeller/src/GCModeller/engine/Dynamics/Dynamics.NET5.vbproj,Core/Mass/MassTable.vb,346,68,54,224,1,12,10,19,0,14134,14.13 KB
G:/GCModeller/src/GCModeller/engine/Dynamics/Dynamics.NET5.vbproj,Core/Mass/StatusMapFactor.vb,52,7,10,35,1,3,2,1,0,1826,1.83 KB
G:/GCModeller/src/GCModeller/engine/Dynamics/Dynamics.NET5.vbproj,Core/Mass/Variable.vb,47,19,8,20,1,3,1,1,0,1702,1.70 KB
G:/GCModeller/src/GCModeller/engine/Dynamics/Dynamics.NET5.vbproj,Core/Kinetics/Controls/AdditiveControls.vb,57,17,8,32,1,2,0,1,0,2166,2.17 KB
G:/GCModeller/src/GCModeller/engine/Dynamics/Dynamics.NET5.vbproj,Core/Kinetics/Controls/BaselineControls.vb,22,0,5,17,1,1,2,1,0,517,517 B
G:/GCModeller/src/GCModeller/engine/Dynamics/Dynamics.NET5.vbproj,Core/Kinetics/Controls/Controls.vb,75,20,11,44,1,2,0,1,4,2667,2.67 KB
G:/GCModeller/src/GCModeller/engine/Dynamics/Dynamics.NET5.vbproj,Core/Kinetics/Controls/KineticsControls.vb,121,23,18,80,2,3,2,3,0,4383,4.38 KB
G:/GCModeller/src/GCModeller/engine/Dynamics/Dynamics.NET5.vbproj,Core/Kinetics/Controls/ProfileControls.vb,14,3,4,7,1,1,1,0,0,344,344 B
G:/GCModeller/src/GCModeller/engine/Dynamics/Dynamics.NET5.vbproj,<project>,3366,797,530,2039,41,105,59,107,30,133276,133.28 KB
G:/GCModeller/src/GCModeller/engine/Dynamics/test/test5.vbproj,DBNUsageExample.vb,402,121,56,225,1,0,2,1,0,17488,17.49 KB
G:/GCModeller/src/GCModeller/engine/Dynamics/test/test5.vbproj,HugeNetworkTest.vb,72,0,13,59,1,0,1,0,0,3012,3.01 KB
G:/GCModeller/src/GCModeller/engine/Dynamics/test/test5.vbproj,Module1.vb,136,5,19,112,1,0,1,2,0,5455,5.46 KB
G:/GCModeller/src/GCModeller/engine/Dynamics/test/test5.vbproj,unitTest.vb,165,3,29,133,1,0,4,0,0,6492,6.49 KB
G:/GCModeller/src/GCModeller/engine/Dynamics/test/test5.vbproj,<project>,775,129,117,529,4,0,8,3,0,32447,32.45 KB
G:/GCModeller/src/GCModeller/engine/Dynamics.Debugger/vcellDebugger.NET5.vbproj,DataSetDriver.vb,31,0,7,24,1,0,2,3,0,1125,1.12 KB
G:/GCModeller/src/GCModeller/engine/Dynamics.Debugger/vcellDebugger.NET5.vbproj,Summary.vb,93,6,12,75,1,0,1,2,0,3316,3.32 KB
G:/GCModeller/src/GCModeller/engine/Dynamics.Debugger/vcellDebugger.NET5.vbproj,Visualizer.vb,165,8,19,138,1,0,3,2,0,6973,6.97 KB
G:/GCModeller/src/GCModeller/engine/Dynamics.Debugger/vcellDebugger.NET5.vbproj,My Project/Application.Designer.vb,12,9,1,2,0,0,0,0,0,434,434 B
G:/GCModeller/src/GCModeller/engine/Dynamics.Debugger/vcellDebugger.NET5.vbproj,My Project/AssemblyInfo.vb,36,15,6,15,0,0,0,0,0,1198,1.20 KB
G:/GCModeller/src/GCModeller/engine/Dynamics.Debugger/vcellDebugger.NET5.vbproj,My Project/Resources.Designer.vb,63,23,8,32,1,2,0,0,0,2816,2.82 KB
G:/GCModeller/src/GCModeller/engine/Dynamics.Debugger/vcellDebugger.NET5.vbproj,My Project/Settings.Designer.vb,74,9,12,53,2,2,1,0,0,3077,3.08 KB
G:/GCModeller/src/GCModeller/engine/Dynamics.Debugger/vcellDebugger.NET5.vbproj,<project>,474,70,65,339,6,4,7,7,0,18939,18.94 KB
G:/GCModeller/src/GCModeller/engine/GCModeller.Framework.Kernel_Driver/GCModeller.Framework.Kernel_Driver.NET5.vbproj,DriverAPI.vb,84,14,13,57,1,0,2,4,0,4031,4.03 KB
G:/GCModeller/src/GCModeller/engine/GCModeller.Framework.Kernel_Driver/GCModeller.Framework.Kernel_Driver.NET5.vbproj,Extensions.vb,11,0,2,9,1,0,0,1,0,473,473 B
G:/GCModeller/src/GCModeller/engine/GCModeller.Framework.Kernel_Driver/GCModeller.Framework.Kernel_Driver.NET5.vbproj,DataServices/DataAdapter.vb,114,96,18,0,0,0,0,0,0,4773,4.77 KB
G:/GCModeller/src/GCModeller/engine/GCModeller.Framework.Kernel_Driver/GCModeller.Framework.Kernel_Driver.NET5.vbproj,Driver/Engine.vb,86,70,16,0,0,0,0,0,0,2979,2.98 KB
G:/GCModeller/src/GCModeller/engine/GCModeller.Framework.Kernel_Driver/GCModeller.Framework.Kernel_Driver.NET5.vbproj,GridPBS/MetaboliteCompound.vb,23,4,5,14,1,3,1,0,0,711,711 B
G:/GCModeller/src/GCModeller/engine/GCModeller.Framework.Kernel_Driver/GCModeller.Framework.Kernel_Driver.NET5.vbproj,GridPBS/PBS.vb,24,11,3,10,1,0,0,2,0,2017,2.02 KB
G:/GCModeller/src/GCModeller/engine/GCModeller.Framework.Kernel_Driver/GCModeller.Framework.Kernel_Driver.NET5.vbproj,DataServices/StorageInterface/API.vb,81,17,8,56,1,0,0,5,0,3477,3.48 KB
G:/GCModeller/src/GCModeller/engine/GCModeller.Framework.Kernel_Driver/GCModeller.Framework.Kernel_Driver.NET5.vbproj,DataServices/StorageInterface/DataSerials(Of T).vb,85,19,13,53,1,3,1,3,0,3976,3.98 KB
G:/GCModeller/src/GCModeller/engine/GCModeller.Framework.Kernel_Driver/GCModeller.Framework.Kernel_Driver.NET5.vbproj,DataServices/StorageInterface/ObjectHandle.vb,19,0,4,15,1,2,1,0,0,741,741 B
G:/GCModeller/src/GCModeller/engine/GCModeller.Framework.Kernel_Driver/GCModeller.Framework.Kernel_Driver.NET5.vbproj,DataServices/StorageInterface/Specialized.vb,27,4,5,18,3,0,0,1,0,959,959 B
G:/GCModeller/src/GCModeller/engine/GCModeller.Framework.Kernel_Driver/GCModeller.Framework.Kernel_Driver.NET5.vbproj,Driver/Abstract/Abstract.vb,55,24,11,20,4,5,0,2,0,1965,1.97 KB
G:/GCModeller/src/GCModeller/engine/GCModeller.Framework.Kernel_Driver/GCModeller.Framework.Kernel_Driver.NET5.vbproj,Driver/Abstract/LDM.vb,73,28,10,35,2,6,2,1,0,2897,2.90 KB
G:/GCModeller/src/GCModeller/engine/GCModeller.Framework.Kernel_Driver/GCModeller.Framework.Kernel_Driver.NET5.vbproj,Driver/Abstract/ReactionMachine.vb,59,17,14,28,2,2,0,4,0,1854,1.85 KB
G:/GCModeller/src/GCModeller/engine/GCModeller.Framework.Kernel_Driver/GCModeller.Framework.Kernel_Driver.NET5.vbproj,Driver/KernelDriver/KernelDriver.vb,150,40,25,85,2,0,8,6,0,6022,6.02 KB
G:/GCModeller/src/GCModeller/engine/GCModeller.Framework.Kernel_Driver/GCModeller.Framework.Kernel_Driver.NET5.vbproj,Driver/KernelDriver/DataAdapter/Abstract.vb,50,9,12,29,7,5,0,5,0,1736,1.74 KB
G:/GCModeller/src/GCModeller/engine/GCModeller.Framework.Kernel_Driver/GCModeller.Framework.Kernel_Driver.NET5.vbproj,Driver/KernelDriver/DataAdapter/CsvSheet.vb,52,5,10,37,1,0,0,6,0,2185,2.19 KB
G:/GCModeller/src/GCModeller/engine/GCModeller.Framework.Kernel_Driver/GCModeller.Framework.Kernel_Driver.NET5.vbproj,Driver/KernelDriver/DataAdapter/DataAdapter.vb,74,18,8,48,1,0,3,3,0,3361,3.36 KB
G:/GCModeller/src/GCModeller/engine/GCModeller.Framework.Kernel_Driver/GCModeller.Framework.Kernel_Driver.NET5.vbproj,Driver/KernelDriver/DataAdapter/MySQL.vb,10,0,2,8,1,0,0,2,0,464,464 B
G:/GCModeller/src/GCModeller/engine/GCModeller.Framework.Kernel_Driver/GCModeller.Framework.Kernel_Driver.NET5.vbproj,Driver/KernelDriver/DataAdapter/StorageInterface.vb,49,18,8,23,1,0,2,1,0,1956,1.96 KB
G:/GCModeller/src/GCModeller/engine/GCModeller.Framework.Kernel_Driver/GCModeller.Framework.Kernel_Driver.NET5.vbproj,<project>,1126,394,187,545,31,26,20,46,0,46577,46.58 KB
G:/GCModeller/src/GCModeller/engine/IO/GCMarkupLanguage/GCMarkupXML.NET5.vbproj,Banner.vb,30,0,9,21,1,0,1,0,0,927,927 B
G:/GCModeller/src/GCModeller/engine/IO/GCMarkupLanguage/GCMarkupXML.NET5.vbproj,Assembly/ZipAssembly.vb,111,15,16,80,1,0,3,7,0,5111,5.11 KB
G:/GCModeller/src/GCModeller/engine/IO/GCMarkupLanguage/GCMarkupXML.NET5.vbproj,Assembly/ZipWriter.vb,64,3,13,48,1,0,2,2,0,3141,3.14 KB
G:/GCModeller/src/GCModeller/engine/IO/GCMarkupLanguage/GCMarkupXML.NET5.vbproj,My Project/Application.Designer.vb,12,9,1,2,0,0,0,0,0,434,434 B
G:/GCModeller/src/GCModeller/engine/IO/GCMarkupLanguage/GCMarkupXML.NET5.vbproj,My Project/AssemblyInfo.vb,37,15,7,15,0,0,0,0,0,1318,1.32 KB
G:/GCModeller/src/GCModeller/engine/IO/GCMarkupLanguage/GCMarkupXML.NET5.vbproj,My Project/Resources.Designer.vb,63,23,8,32,1,2,0,0,0,2817,2.82 KB
G:/GCModeller/src/GCModeller/engine/IO/GCMarkupLanguage/GCMarkupXML.NET5.vbproj,My Project/Settings.Designer.vb,74,9,12,53,2,2,1,0,0,3083,3.08 KB
G:/GCModeller/src/GCModeller/engine/IO/GCMarkupLanguage/GCMarkupXML.NET5.vbproj,v2/Debugger.vb,51,9,10,32,1,0,0,3,0,1696,1.70 KB
G:/GCModeller/src/GCModeller/engine/IO/GCMarkupLanguage/GCMarkupXML.NET5.vbproj,v2/ModelExtensions.vb,441,24,40,377,1,0,0,8,0,20517,20.52 KB
G:/GCModeller/src/GCModeller/engine/IO/GCMarkupLanguage/GCMarkupXML.NET5.vbproj,v2/NamespaceDoc.vb,10,5,1,4,1,0,0,0,0,387,387 B
G:/GCModeller/src/GCModeller/engine/IO/GCMarkupLanguage/GCMarkupXML.NET5.vbproj,v2/OperationExtensions.vb,95,18,9,68,1,0,0,3,0,4289,4.29 KB
G:/GCModeller/src/GCModeller/engine/IO/GCMarkupLanguage/GCMarkupXML.NET5.vbproj,v2/Xml/VirtualCell.vb,135,28,27,80,2,6,2,3,0,5104,5.10 KB
G:/GCModeller/src/GCModeller/engine/IO/GCMarkupLanguage/GCMarkupXML.NET5.vbproj,v2/Xml/Genomics/gene.vb,78,35,14,29,1,10,2,1,0,2495,2.50 KB
G:/GCModeller/src/GCModeller/engine/IO/GCMarkupLanguage/GCMarkupXML.NET5.vbproj,v2/Xml/Genomics/Genome.vb,115,30,23,62,2,8,4,4,0,3808,3.81 KB
G:/GCModeller/src/GCModeller/engine/IO/GCMarkupLanguage/GCMarkupXML.NET5.vbproj,v2/Xml/Genomics/protein.vb,52,0,12,40,1,6,0,1,0,1851,1.85 KB
G:/GCModeller/src/GCModeller/engine/IO/GCMarkupLanguage/GCMarkupXML.NET5.vbproj,v2/Xml/Genomics/replicon.vb,87,19,15,53,1,4,1,4,0,2997,3.00 KB
G:/GCModeller/src/GCModeller/engine/IO/GCMarkupLanguage/GCMarkupXML.NET5.vbproj,v2/Xml/Genomics/transcription.vb,56,18,13,25,2,14,0,1,0,1666,1.67 KB
G:/GCModeller/src/GCModeller/engine/IO/GCMarkupLanguage/GCMarkupXML.NET5.vbproj,v2/Xml/Genomics/TranscriptUnit.vb,58,15,12,31,1,6,2,1,0,1538,1.54 KB
G:/GCModeller/src/GCModeller/engine/IO/GCMarkupLanguage/GCMarkupXML.NET5.vbproj,v2/Xml/Metabolism/Compound.vb,48,12,11,25,1,5,2,1,0,1440,1.44 KB
G:/GCModeller/src/GCModeller/engine/IO/GCMarkupLanguage/GCMarkupXML.NET5.vbproj,v2/Xml/Metabolism/Enzyme.vb,105,35,19,51,3,12,2,3,0,3145,3.15 KB
G:/GCModeller/src/GCModeller/engine/IO/GCMarkupLanguage/GCMarkupXML.NET5.vbproj,v2/Xml/Metabolism/MetabolismStructure.vb,116,24,17,75,1,4,2,4,0,4458,4.46 KB
G:/GCModeller/src/GCModeller/engine/IO/GCMarkupLanguage/GCMarkupXML.NET5.vbproj,v2/Xml/Metabolism/Pathway.vb,39,0,12,27,2,6,0,2,0,1196,1.20 KB
G:/GCModeller/src/GCModeller/engine/IO/GCMarkupLanguage/GCMarkupXML.NET5.vbproj,v2/Xml/Metabolism/Reaction.vb,219,43,32,144,4,22,5,8,0,8068,8.07 KB
G:/GCModeller/src/GCModeller/engine/IO/GCMarkupLanguage/GCMarkupXML.NET5.vbproj,<project>,2096,389,333,1374,31,107,29,56,0,81486,81.49 KB
G:/GCModeller/src/GCModeller/engine/IO/Raw/vcXML.NET5.vbproj,Extensions.vb,137,12,18,107,1,0,0,5,0,5223,5.22 KB
G:/GCModeller/src/GCModeller/engine/IO/Raw/vcXML.NET5.vbproj,HDS/Attributes.vb,10,0,3,7,1,3,0,0,0,208,208 B
G:/GCModeller/src/GCModeller/engine/IO/Raw/vcXML.NET5.vbproj,HDS/CompoundInfo.vb,19,0,5,14,1,3,2,1,0,373,373 B
G:/GCModeller/src/GCModeller/engine/IO/Raw/vcXML.NET5.vbproj,My Project/Resources.Designer.vb,63,23,8,32,1,2,0,0,0,2810,2.81 KB
G:/GCModeller/src/GCModeller/engine/IO/Raw/vcXML.NET5.vbproj,VCellMatrix/HdsConvert.vb,4,0,2,2,1,0,0,0,0,40,40 B
G:/GCModeller/src/GCModeller/engine/IO/Raw/vcXML.NET5.vbproj,VCellMatrix/VCellMatrix.vb,24,11,4,9,1,5,0,0,0,745,745 B
G:/GCModeller/src/GCModeller/engine/IO/Raw/vcXML.NET5.vbproj,VCellMatrix/VCellMatrixReader.vb,196,10,39,147,1,4,7,9,0,7616,7.62 KB
G:/GCModeller/src/GCModeller/engine/IO/Raw/vcXML.NET5.vbproj,VCellMatrix/VCellMatrixWriter.vb,202,10,40,152,1,0,4,4,0,9096,9.10 KB
G:/GCModeller/src/GCModeller/engine/IO/Raw/vcXML.NET5.vbproj,vcXML/Reader.vb,240,17,41,182,1,2,6,5,0,9050,9.05 KB
G:/GCModeller/src/GCModeller/engine/IO/Raw/vcXML.NET5.vbproj,vcXML/VcellAdapterDriver.vb,77,14,15,48,1,2,7,0,0,3792,3.79 KB
G:/GCModeller/src/GCModeller/engine/IO/Raw/vcXML.NET5.vbproj,vcXML/Writer.vb,246,29,44,173,1,0,8,1,0,9221,9.22 KB
G:/GCModeller/src/GCModeller/engine/IO/Raw/vcXML.NET5.vbproj,vcXML/XML.vb,92,0,24,68,8,29,0,3,0,2677,2.68 KB
G:/GCModeller/src/GCModeller/engine/IO/Raw/vcXML.NET5.vbproj,vcXML/XmlHelper.vb,25,0,7,18,1,0,1,1,0,724,724 B
G:/GCModeller/src/GCModeller/engine/IO/Raw/vcXML.NET5.vbproj,HDS/GCModellerRaw/NamespaceDoc.vb,8,3,1,4,1,0,0,0,0,182,182 B
G:/GCModeller/src/GCModeller/engine/IO/Raw/vcXML.NET5.vbproj,HDS/GCModellerRaw/Raw.vb,156,51,20,85,1,17,2,2,0,6156,6.16 KB
G:/GCModeller/src/GCModeller/engine/IO/Raw/vcXML.NET5.vbproj,HDS/GCModellerRaw/Reader.vb,185,13,41,131,2,1,2,13,0,7216,7.22 KB
G:/GCModeller/src/GCModeller/engine/IO/Raw/vcXML.NET5.vbproj,HDS/GCModellerRaw/StorageDriver.vb,219,31,37,151,1,1,9,4,0,11548,11.55 KB
G:/GCModeller/src/GCModeller/engine/IO/Raw/vcXML.NET5.vbproj,HDS/GCModellerRaw/Writer.vb,288,26,50,212,1,0,2,8,0,13164,13.16 KB
G:/GCModeller/src/GCModeller/engine/IO/Raw/vcXML.NET5.vbproj,<project>,2191,250,399,1542,26,69,50,56,0,89841,89.84 KB
G:/GCModeller/src/GCModeller/engine/Model/Model.Core.NET5.vbproj,DataHelper.vb,52,0,8,44,1,0,0,7,0,2262,2.26 KB
G:/GCModeller/src/GCModeller/engine/Model/Model.Core.NET5.vbproj,Extensions.vb,70,5,9,56,1,0,0,5,0,2158,2.16 KB
G:/GCModeller/src/GCModeller/engine/Model/Model.Core.NET5.vbproj,NamespaceDoc.vb,10,6,0,4,1,0,1,0,0,514,514 B
G:/GCModeller/src/GCModeller/engine/Model/Model.Core.NET5.vbproj,Cellular/CellularModule.vb,95,32,16,47,1,0,0,4,0,3624,3.62 KB
G:/GCModeller/src/GCModeller/engine/Model/Model.Core.NET5.vbproj,Cellular/Processes.vb,23,15,1,7,1,0,0,0,0,600,600 B
G:/GCModeller/src/GCModeller/engine/Model/Model.Core.NET5.vbproj,Cellular/RNATypes.vb,79,49,13,17,1,0,0,0,0,3443,3.44 KB
G:/GCModeller/src/GCModeller/engine/Model/Model.Core.NET5.vbproj,LocalRepository/CellularLocation.vb,9,0,3,6,1,2,0,0,0,170,170 B
G:/GCModeller/src/GCModeller/engine/Model/Model.Core.NET5.vbproj,LocalRepository/Molecule.vb,23,4,6,13,2,7,0,0,0,566,566 B
G:/GCModeller/src/GCModeller/engine/Model/Model.Core.NET5.vbproj,LocalRepository/Operon.vb,16,0,5,11,1,3,0,1,0,372,372 B
G:/GCModeller/src/GCModeller/engine/Model/Model.Core.NET5.vbproj,LocalRepository/Reaction.vb,76,4,13,59,3,17,0,3,0,2736,2.74 KB
G:/GCModeller/src/GCModeller/engine/Model/Model.Core.NET5.vbproj,MetabolicThermodynamics/MetaboliteThermoData.vb,20,7,5,8,1,4,0,0,0,803,803 B
G:/GCModeller/src/GCModeller/engine/Model/Model.Core.NET5.vbproj,MetabolicThermodynamics/ThermoBoundResult.vb,22,8,5,9,1,5,0,0,0,743,743 B
G:/GCModeller/src/GCModeller/engine/Model/Model.Core.NET5.vbproj,MetabolicThermodynamics/ThermoFluxCalculator.vb,81,24,12,45,1,0,0,1,0,3629,3.63 KB
G:/GCModeller/src/GCModeller/engine/Model/Model.Core.NET5.vbproj,Cellular/Molecule/Genotype.vb,51,24,7,20,1,0,0,3,0,2395,2.40 KB
G:/GCModeller/src/GCModeller/engine/Model/Model.Core.NET5.vbproj,Cellular/Molecule/Phenotype.vb,51,14,9,28,1,0,0,2,0,1779,1.78 KB
G:/GCModeller/src/GCModeller/engine/Model/Model.Core.NET5.vbproj,Cellular/Molecule/Protein.vb,40,13,7,20,1,2,1,1,0,1179,1.18 KB
G:/GCModeller/src/GCModeller/engine/Model/Model.Core.NET5.vbproj,Cellular/Molecule/TranscriptsUnit.vb,29,16,5,8,1,0,0,0,0,933,933 B
G:/GCModeller/src/GCModeller/engine/Model/Model.Core.NET5.vbproj,Cellular/Process/CentralDogma.vb,115,51,12,52,1,3,0,2,0,4291,4.29 KB
G:/GCModeller/src/GCModeller/engine/Model/Model.Core.NET5.vbproj,Cellular/Process/Kinetics.vb,79,21,12,46,1,6,0,3,0,2954,2.95 KB
G:/GCModeller/src/GCModeller/engine/Model/Model.Core.NET5.vbproj,Cellular/Process/Metabolism.vb,104,36,15,53,1,9,0,3,0,3899,3.90 KB
G:/GCModeller/src/GCModeller/engine/Model/Model.Core.NET5.vbproj,Cellular/Process/Regulation.vb,40,19,6,15,1,0,0,1,0,1176,1.18 KB
G:/GCModeller/src/GCModeller/engine/Model/Model.Core.NET5.vbproj,Cellular/Vector/ChromosomeComposition.vb,48,19,7,22,1,5,0,3,0,1552,1.55 KB
G:/GCModeller/src/GCModeller/engine/Model/Model.Core.NET5.vbproj,Cellular/Vector/ProteinComposition.vb,177,95,14,68,1,23,1,6,0,5727,5.73 KB
G:/GCModeller/src/GCModeller/engine/Model/Model.Core.NET5.vbproj,Cellular/Vector/RNAComposition.vb,87,28,10,49,1,6,0,5,0,3152,3.15 KB
G:/GCModeller/src/GCModeller/engine/Model/Model.Core.NET5.vbproj,<project>,1397,490,200,707,27,92,3,50,0,50657,50.66 KB
G:/GCModeller/src/GCModeller/engine/vcellkit/vcellkit.vbproj,Analysis.vb,113,24,10,79,1,0,0,3,0,4329,4.33 KB
G:/GCModeller/src/GCModeller/engine/vcellkit/vcellkit.vbproj,RawXmlKit.vb,321,80,43,198,1,0,0,7,0,12364,12.36 KB
G:/GCModeller/src/GCModeller/engine/vcellkit/vcellkit.vbproj,Simulator.vb,380,90,40,250,2,0,2,13,0,16682,16.68 KB
G:/GCModeller/src/GCModeller/engine/vcellkit/vcellkit.vbproj,zzz.vb,10,0,4,6,1,0,1,0,0,147,147 B
G:/GCModeller/src/GCModeller/engine/vcellkit/vcellkit.vbproj,Debugger/Debugger.vb,255,28,32,195,1,0,2,7,0,10753,10.75 KB
G:/GCModeller/src/GCModeller/engine/vcellkit/vcellkit.vbproj,Modeller/Compiler.vb,253,56,24,173,1,0,0,10,0,11297,11.30 KB
G:/GCModeller/src/GCModeller/engine/vcellkit/vcellkit.vbproj,Modeller/Editor.vb,110,39,12,59,1,0,0,10,0,3692,3.69 KB
G:/GCModeller/src/GCModeller/engine/vcellkit/vcellkit.vbproj,Modeller/Enzymatic.vb,61,3,12,46,1,0,0,3,0,2208,2.21 KB
G:/GCModeller/src/GCModeller/engine/vcellkit/vcellkit.vbproj,Modeller/Modeller.vb,184,49,20,115,1,0,1,10,0,7416,7.42 KB
G:/GCModeller/src/GCModeller/engine/vcellkit/vcellkit.vbproj,<project>,1687,369,197,1121,10,0,6,63,0,68888,68.89 KB
G:/GCModeller/src/GCModeller/engine/vcellkit/test/test.vbproj,Program.vb,84,0,9,75,1,0,3,0,0,5276,5.28 KB
G:/GCModeller/src/GCModeller/engine/vcellkit/test/test.vbproj,<project>,84,0,9,75,1,0,3,0,0,5276,5.28 KB
G:/GCModeller/src/GCModeller/foundation/OBO_Foundry/obo_foundry-netcore5.vbproj,BasicTerm.vb,9,0,2,7,1,5,0,0,0,223,223 B
G:/GCModeller/src/GCModeller/foundation/OBO_Foundry/obo_foundry-netcore5.vbproj,Extensions.vb,14,0,2,12,1,0,0,1,0,490,490 B
G:/GCModeller/src/GCModeller/foundation/OBO_Foundry/obo_foundry-netcore5.vbproj,IO/ParserIO.vb,134,21,17,96,1,0,1,4,0,5849,5.85 KB
G:/GCModeller/src/GCModeller/foundation/OBO_Foundry/obo_foundry-netcore5.vbproj,IO/Writer.vb,119,16,16,87,1,0,0,3,0,5201,5.20 KB
G:/GCModeller/src/GCModeller/foundation/OBO_Foundry/obo_foundry-netcore5.vbproj,Tree/Builder.vb,131,18,15,98,1,0,0,5,0,5403,5.40 KB
G:/GCModeller/src/GCModeller/foundation/OBO_Foundry/obo_foundry-netcore5.vbproj,Tree/GenericTree.vb,53,23,6,24,1,5,0,2,0,1671,1.67 KB
G:/GCModeller/src/GCModeller/foundation/OBO_Foundry/obo_foundry-netcore5.vbproj,IO/Models/header.vb,27,3,4,20,1,11,0,1,0,1207,1.21 KB
G:/GCModeller/src/GCModeller/foundation/OBO_Foundry/obo_foundry-netcore5.vbproj,IO/Models/OBOFile.vb,327,194,26,107,1,1,5,4,0,11844,11.84 KB
G:/GCModeller/src/GCModeller/foundation/OBO_Foundry/obo_foundry-netcore5.vbproj,IO/Models/RawTerm.vb,66,12,9,45,1,2,0,4,0,2570,2.57 KB
G:/GCModeller/src/GCModeller/foundation/OBO_Foundry/obo_foundry-netcore5.vbproj,IO/Models/TextParser.vb,44,1,5,38,1,0,0,2,0,2030,2.03 KB
G:/GCModeller/src/GCModeller/foundation/OBO_Foundry/obo_foundry-netcore5.vbproj,IO/Reflection/Field.vb,51,16,8,27,1,3,3,1,0,1599,1.60 KB
G:/GCModeller/src/GCModeller/foundation/OBO_Foundry/obo_foundry-netcore5.vbproj,IO/Reflection/Reflector.vb,78,6,12,60,1,0,0,3,0,3136,3.14 KB
G:/GCModeller/src/GCModeller/foundation/OBO_Foundry/obo_foundry-netcore5.vbproj,<project>,1053,310,122,621,12,27,9,30,0,41223,41.22 KB
G:/GCModeller/src/GCModeller/foundation/PSICQUIC/psidev/psidev.vbproj,TAB/Parser.vb,31,0,6,25,1,0,0,1,0,1143,1.14 KB
G:/GCModeller/src/GCModeller/foundation/PSICQUIC/psidev/psidev.vbproj,TAB/v27.vb,59,3,4,52,1,42,0,1,0,2585,2.58 KB
G:/GCModeller/src/GCModeller/foundation/PSICQUIC/psidev/psidev.vbproj,XML/MIF.vb,10,0,3,7,1,2,0,0,0,233,233 B
G:/GCModeller/src/GCModeller/foundation/PSICQUIC/psidev/psidev.vbproj,XML/v30.vb,23,12,4,7,1,1,0,0,0,605,605 B
G:/GCModeller/src/GCModeller/foundation/PSICQUIC/psidev/psidev.vbproj,XML/XmlCommon.vb,107,57,14,36,4,13,0,4,0,4110,4.11 KB
G:/GCModeller/src/GCModeller/foundation/PSICQUIC/psidev/psidev.vbproj,XML/MIF30/Schema.vb,55,30,6,19,2,12,0,0,0,1892,1.89 KB
G:/GCModeller/src/GCModeller/foundation/PSICQUIC/psidev/psidev.vbproj,XML/[xsd]net.sf.psidev.mi/MIF25.vb,51,7,7,37,1,2,0,1,0,1782,1.78 KB
G:/GCModeller/src/GCModeller/foundation/PSICQUIC/psidev/psidev.vbproj,XML/[xsd]net.sf.psidev.mi/Nodes/Entry.vb,57,0,7,50,1,3,0,3,0,2156,2.16 KB
G:/GCModeller/src/GCModeller/foundation/PSICQUIC/psidev/psidev.vbproj,XML/[xsd]net.sf.psidev.mi/Nodes/ExperimentDescription.vb,39,0,10,29,7,12,0,1,0,1564,1.56 KB
G:/GCModeller/src/GCModeller/foundation/PSICQUIC/psidev/psidev.vbproj,XML/[xsd]net.sf.psidev.mi/Nodes/Interactor.vb,58,0,14,44,8,15,0,2,0,2049,2.05 KB
G:/GCModeller/src/GCModeller/foundation/PSICQUIC/psidev/psidev.vbproj,<project>,490,109,75,306,27,102,0,13,0,18119,18.12 KB
G:/GCModeller/src/GCModeller/models/BioCyc/BioCyc.vbproj,Workspace.vb,183,11,34,138,1,13,1,6,0,6848,6.85 KB
G:/GCModeller/src/GCModeller/models/BioCyc/BioCyc.vbproj,Fasta/FastaCollection.vb,57,11,12,34,1,3,1,3,0,2096,2.10 KB
G:/GCModeller/src/GCModeller/models/BioCyc/BioCyc.vbproj,Fasta/GeneObject.vb,84,3,17,64,1,5,4,0,0,3235,3.23 KB
G:/GCModeller/src/GCModeller/models/BioCyc/BioCyc.vbproj,Fasta/ProteinSeq.vb,33,0,9,24,1,2,4,0,0,975,975 B
G:/GCModeller/src/GCModeller/models/BioCyc/BioCyc.vbproj,Models/Model.vb,57,8,11,38,1,8,0,2,0,1842,1.84 KB
G:/GCModeller/src/GCModeller/models/BioCyc/BioCyc.vbproj,Models/ReactionDirections.vb,72,50,3,19,1,0,0,0,0,3695,3.69 KB
G:/GCModeller/src/GCModeller/models/BioCyc/BioCyc.vbproj,Reader/AttrDataCollection.vb,91,16,14,61,1,2,1,5,0,3256,3.26 KB
G:/GCModeller/src/GCModeller/models/BioCyc/BioCyc.vbproj,Reader/AttrValDatFile.vb,91,46,9,36,1,2,0,3,0,3571,3.57 KB
G:/GCModeller/src/GCModeller/models/BioCyc/BioCyc.vbproj,Reader/FeatureElement.vb,123,1,23,99,2,4,0,5,0,4099,4.10 KB
G:/GCModeller/src/GCModeller/models/BioCyc/BioCyc.vbproj,Reader/FileMeta.vb,83,1,13,69,1,8,0,2,0,3009,3.01 KB
G:/GCModeller/src/GCModeller/models/BioCyc/BioCyc.vbproj,Models/Files/compounds.vb,97,20,13,64,1,13,0,5,0,3618,3.62 KB
G:/GCModeller/src/GCModeller/models/BioCyc/BioCyc.vbproj,Models/Files/enzrxns.vb,104,56,11,37,2,16,0,0,0,4817,4.82 KB
G:/GCModeller/src/GCModeller/models/BioCyc/BioCyc.vbproj,Models/Files/genes.vb,65,16,9,40,1,9,0,3,0,2363,2.36 KB
G:/GCModeller/src/GCModeller/models/BioCyc/BioCyc.vbproj,Models/Files/pathways.vb,106,73,6,27,1,9,0,1,0,4937,4.94 KB
G:/GCModeller/src/GCModeller/models/BioCyc/BioCyc.vbproj,Models/Files/proteins.vb,63,18,10,35,1,7,0,3,0,2641,2.64 KB
G:/GCModeller/src/GCModeller/models/BioCyc/BioCyc.vbproj,Models/Files/protligandcplxes.vb,11,0,3,8,1,2,0,0,0,307,307 B
G:/GCModeller/src/GCModeller/models/BioCyc/BioCyc.vbproj,Models/Files/reactions.vb,238,136,12,90,1,19,0,4,0,13614,13.61 KB
G:/GCModeller/src/GCModeller/models/BioCyc/BioCyc.vbproj,Models/Files/regulation.vb,13,0,3,10,1,3,0,0,0,368,368 B
G:/GCModeller/src/GCModeller/models/BioCyc/BioCyc.vbproj,Models/Files/rnas.vb,13,0,3,10,1,3,0,0,0,347,347 B
G:/GCModeller/src/GCModeller/models/BioCyc/BioCyc.vbproj,Models/Files/species.vb,47,10,6,31,1,14,0,1,0,2572,2.57 KB
G:/GCModeller/src/GCModeller/models/BioCyc/BioCyc.vbproj,Models/Files/transunits.vb,29,21,3,5,1,1,0,0,0,1587,1.59 KB
G:/GCModeller/src/GCModeller/models/BioCyc/BioCyc.vbproj,Models/Reflection/AttributeField.vb,28,0,7,21,1,1,1,2,0,777,777 B
G:/GCModeller/src/GCModeller/models/BioCyc/BioCyc.vbproj,Models/Reflection/ElementFactory.vb,19,0,5,14,1,0,2,1,0,616,616 B
G:/GCModeller/src/GCModeller/models/BioCyc/BioCyc.vbproj,Models/Reflection/Factory.vb,51,0,8,43,1,0,1,3,0,1843,1.84 KB
G:/GCModeller/src/GCModeller/models/BioCyc/BioCyc.vbproj,Models/Reflection/ObjectWriter.vb,100,6,17,77,1,0,2,5,0,3684,3.68 KB
G:/GCModeller/src/GCModeller/models/BioCyc/BioCyc.vbproj,<project>,1858,503,261,1094,27,144,17,54,0,76717,76.72 KB
G:/GCModeller/src/GCModeller/models/BioCyc/test/test.vbproj,Program.vb,44,0,13,31,1,0,1,0,0,1406,1.41 KB
G:/GCModeller/src/GCModeller/models/BioCyc/test/test.vbproj,<project>,44,0,13,31,1,0,1,0,0,1406,1.41 KB
G:/GCModeller/src/GCModeller/models/BIOM/BIOM/BIOM.NET5.vbproj,Extensions.vb,58,8,7,43,1,0,0,2,0,2126,2.13 KB
G:/GCModeller/src/GCModeller/models/BIOM/BIOM/BIOM.NET5.vbproj,v1.5.vb,24,3,4,17,1,0,0,1,0,793,793 B
G:/GCModeller/src/GCModeller/models/BIOM/BIOM/BIOM.NET5.vbproj,v2.0.vb,59,12,11,36,1,0,0,1,0,2198,2.20 KB
G:/GCModeller/src/GCModeller/models/BIOM/BIOM/BIOM.NET5.vbproj,v2.1.vb,121,25,16,80,1,0,0,4,0,4908,4.91 KB
G:/GCModeller/src/GCModeller/models/BIOM/BIOM/BIOM.NET5.vbproj,v1.0/components.vb,78,15,14,49,4,12,0,3,0,2531,2.53 KB
G:/GCModeller/src/GCModeller/models/BIOM/BIOM/BIOM.NET5.vbproj,v1.0/matrix.vb,127,39,17,71,4,0,0,6,0,4900,4.90 KB
G:/GCModeller/src/GCModeller/models/BIOM/BIOM/BIOM.NET5.vbproj,v1.0/namesOf.vb,44,9,9,26,3,0,3,0,0,1434,1.43 KB
G:/GCModeller/src/GCModeller/models/BIOM/BIOM/BIOM.NET5.vbproj,v1.0/v1.0.vb,178,102,12,64,1,13,0,4,0,6561,6.56 KB
G:/GCModeller/src/GCModeller/models/BIOM/BIOM/BIOM.NET5.vbproj,<project>,689,213,90,386,16,25,3,21,0,25451,25.45 KB
G:/GCModeller/src/GCModeller/models/GPML/PathVisio/GPML.vbproj,GraphBuilder.vb,51,0,8,43,1,0,0,1,0,1951,1.95 KB
G:/GCModeller/src/GCModeller/models/GPML/PathVisio/GPML.vbproj,Xml/Components.vb,52,0,16,36,5,10,0,2,0,1268,1.27 KB
G:/GCModeller/src/GCModeller/models/GPML/PathVisio/GPML.vbproj,Xml/Graphics.vb,61,0,14,47,4,26,0,3,0,2133,2.13 KB
G:/GCModeller/src/GCModeller/models/GPML/PathVisio/GPML.vbproj,Xml/Network.vb,42,0,11,31,3,11,0,2,0,1155,1.16 KB
G:/GCModeller/src/GCModeller/models/GPML/PathVisio/GPML.vbproj,Xml/Pathway.vb,29,1,9,19,1,11,0,0,0,941,941 B
G:/GCModeller/src/GCModeller/models/GPML/PathVisio/GPML.vbproj,<project>,235,1,58,176,14,58,0,8,0,7448,7.45 KB
G:/GCModeller/src/GCModeller/models/ncbi-BioSystems/BioSystems.vbproj,Enzyme.vb,13,0,4,9,1,2,0,1,0,374,374 B
G:/GCModeller/src/GCModeller/models/ncbi-BioSystems/BioSystems.vbproj,ProjectReader.vb,92,10,18,64,1,2,3,4,0,3334,3.33 KB
G:/GCModeller/src/GCModeller/models/ncbi-BioSystems/BioSystems.vbproj,ProjectWriter.vb,68,11,14,43,1,0,5,0,0,2534,2.53 KB
G:/GCModeller/src/GCModeller/models/ncbi-BioSystems/BioSystems.vbproj,Utils.vb,55,0,8,47,1,0,0,3,0,1925,1.93 KB
G:/GCModeller/src/GCModeller/models/ncbi-BioSystems/BioSystems.vbproj,My Project/Resources.Designer.vb,1221,875,59,287,1,53,0,0,0,58689,58.69 KB
G:/GCModeller/src/GCModeller/models/ncbi-BioSystems/BioSystems.vbproj,Project/Project.vb,6,0,2,4,1,2,0,0,0,120,120 B
G:/GCModeller/src/GCModeller/models/ncbi-BioSystems/BioSystems.vbproj,Project/ProteinSet.vb,7,0,3,4,1,1,0,0,0,154,154 B
G:/GCModeller/src/GCModeller/models/ncbi-BioSystems/BioSystems.vbproj,Project/Sys_set.vb,31,3,6,22,6,12,0,0,0,715,715 B
G:/GCModeller/src/GCModeller/models/ncbi-BioSystems/BioSystems.vbproj,<project>,1493,899,114,480,13,72,8,8,0,67845,67.84 KB
G:/GCModeller/src/GCModeller/models/Networks/KEGG/KEGGNetwork.NET5.vbproj,BiologicalObjectCluster.vb,51,0,5,46,1,0,0,4,0,1970,1.97 KB
G:/GCModeller/src/GCModeller/models/Networks/KEGG/KEGGNetwork.NET5.vbproj,CompoundSupportsEvidence.vb,96,28,10,58,1,0,0,1,0,4059,4.06 KB
G:/GCModeller/src/GCModeller/models/Networks/KEGG/KEGGNetwork.NET5.vbproj,GraphBackground.vb,121,18,19,84,3,0,1,4,0,4680,4.68 KB
G:/GCModeller/src/GCModeller/models/Networks/KEGG/KEGGNetwork.NET5.vbproj,IgnoreList.vb,14,0,2,12,1,0,0,1,0,341,341 B
G:/GCModeller/src/GCModeller/models/Networks/KEGG/KEGGNetwork.NET5.vbproj,KOLinks.vb,62,21,5,36,1,5,0,2,0,2274,2.27 KB
G:/GCModeller/src/GCModeller/models/Networks/KEGG/KEGGNetwork.NET5.vbproj,SimpleBuilder.vb,105,11,17,77,1,0,3,2,0,4308,4.31 KB
G:/GCModeller/src/GCModeller/models/Networks/KEGG/KEGGNetwork.NET5.vbproj,Dunnart/Builder.vb,199,9,30,160,1,0,0,3,0,7955,7.96 KB
G:/GCModeller/src/GCModeller/models/Networks/KEGG/KEGGNetwork.NET5.vbproj,Dunnart/Components.vb,78,36,10,32,5,20,0,0,0,2212,2.21 KB
G:/GCModeller/src/GCModeller/models/Networks/KEGG/KEGGNetwork.NET5.vbproj,Dunnart/GraphObject.vb,19,3,4,12,1,4,0,1,0,521,521 B
G:/GCModeller/src/GCModeller/models/Networks/KEGG/KEGGNetwork.NET5.vbproj,KEGGMap/PathwayMapNetwork.vb,132,30,16,86,1,0,2,2,0,5040,5.04 KB
G:/GCModeller/src/GCModeller/models/Networks/KEGG/KEGGNetwork.NET5.vbproj,KEGGMap/PathwayNetwork.vb,45,7,7,31,1,0,0,1,0,1545,1.54 KB
G:/GCModeller/src/GCModeller/models/Networks/KEGG/KEGGNetwork.NET5.vbproj,My Project/Resources.Designer.vb,136,90,9,37,1,3,0,0,0,4367,4.37 KB
G:/GCModeller/src/GCModeller/models/Networks/KEGG/KEGGNetwork.NET5.vbproj,PathwayMaps/MapAssignment.vb,124,20,17,87,1,0,0,3,0,6102,6.10 KB
G:/GCModeller/src/GCModeller/models/Networks/KEGG/KEGGNetwork.NET5.vbproj,PathwayMaps/MaxGraphAsignment.vb,23,4,7,12,1,0,1,1,0,648,648 B
G:/GCModeller/src/GCModeller/models/Networks/KEGG/KEGGNetwork.NET5.vbproj,PathwayMaps/ReferenceMap.vb,569,38,64,467,1,0,5,10,0,26718,26.72 KB
G:/GCModeller/src/GCModeller/models/Networks/KEGG/KEGGNetwork.NET5.vbproj,ReactionNetwork/CompoundNodeTable.vb,114,0,17,97,1,1,1,3,0,4382,4.38 KB
G:/GCModeller/src/GCModeller/models/Networks/KEGG/KEGGNetwork.NET5.vbproj,ReactionNetwork/EnzymaticInformation.vb,202,17,21,164,1,0,1,1,0,8969,8.97 KB
G:/GCModeller/src/GCModeller/models/Networks/KEGG/KEGGNetwork.NET5.vbproj,ReactionNetwork/GetGeneSymbols.vb,84,5,6,73,1,0,0,2,0,3614,3.61 KB
G:/GCModeller/src/GCModeller/models/Networks/KEGG/KEGGNetwork.NET5.vbproj,ReactionNetwork/NamespaceDoc.vb,8,3,1,4,1,0,0,0,0,227,227 B
G:/GCModeller/src/GCModeller/models/Networks/KEGG/KEGGNetwork.NET5.vbproj,ReactionNetwork/NetworkExpansion.vb,133,18,12,103,1,0,0,1,0,6200,6.20 KB
G:/GCModeller/src/GCModeller/models/Networks/KEGG/KEGGNetwork.NET5.vbproj,ReactionNetwork/Styles.vb,84,7,9,68,1,0,2,0,0,3922,3.92 KB
G:/GCModeller/src/GCModeller/models/Networks/KEGG/KEGGNetwork.NET5.vbproj,ReactionNetwork/Builder/BuilderBase.vb,274,41,35,198,1,0,2,3,0,11645,11.64 KB
G:/GCModeller/src/GCModeller/models/Networks/KEGG/KEGGNetwork.NET5.vbproj,ReactionNetwork/Builder/EdgeFilter.vb,137,18,26,93,4,0,3,5,0,5550,5.55 KB
G:/GCModeller/src/GCModeller/models/Networks/KEGG/KEGGNetwork.NET5.vbproj,ReactionNetwork/Builder/ReactionClassNetwork.vb,60,12,10,38,1,0,2,0,0,2523,2.52 KB
G:/GCModeller/src/GCModeller/models/Networks/KEGG/KEGGNetwork.NET5.vbproj,ReactionNetwork/Builder/ReactionNetwork.vb,403,102,42,259,2,0,2,8,0,17424,17.42 KB
G:/GCModeller/src/GCModeller/models/Networks/KEGG/KEGGNetwork.NET5.vbproj,ReactionNetwork/Models/MapCache.vb,132,26,24,82,1,0,1,6,0,4545,4.54 KB
G:/GCModeller/src/GCModeller/models/Networks/KEGG/KEGGNetwork.NET5.vbproj,ReactionNetwork/Models/ReactionClassTable.vb,115,46,12,57,1,4,1,6,0,4679,4.68 KB
G:/GCModeller/src/GCModeller/models/Networks/KEGG/KEGGNetwork.NET5.vbproj,ReactionNetwork/Models/ReactionTable.vb,190,58,20,112,1,8,0,7,0,7752,7.75 KB
G:/GCModeller/src/GCModeller/models/Networks/KEGG/KEGGNetwork.NET5.vbproj,<project>,3710,668,457,2585,38,45,27,77,0,154172,154.17 KB
G:/GCModeller/src/GCModeller/models/Networks/KEGGGraphVisualizer/KEGGGraphVisualizer.vbproj,FunctionalNetwork.vb,243,16,33,194,1,0,0,2,0,10482,10.48 KB
G:/GCModeller/src/GCModeller/models/Networks/KEGGGraphVisualizer/KEGGGraphVisualizer.vbproj,ReferenceMapRender.vb,487,35,55,397,1,0,0,12,0,22894,22.89 KB
G:/GCModeller/src/GCModeller/models/Networks/KEGGGraphVisualizer/KEGGGraphVisualizer.vbproj,zzz.vb,3,0,1,2,0,0,0,0,0,84,84 B
G:/GCModeller/src/GCModeller/models/Networks/KEGGGraphVisualizer/KEGGGraphVisualizer.vbproj,Styles/BlockStyle.vb,126,8,17,101,1,1,1,4,0,5233,5.23 KB
G:/GCModeller/src/GCModeller/models/Networks/KEGGGraphVisualizer/KEGGGraphVisualizer.vbproj,Styles/PlainStyle.vb,116,3,17,96,1,1,1,4,0,4632,4.63 KB
G:/GCModeller/src/GCModeller/models/Networks/KEGGGraphVisualizer/KEGGGraphVisualizer.vbproj,Styles/RenderStyle.vb,131,2,18,111,1,0,1,2,0,5546,5.55 KB
G:/GCModeller/src/GCModeller/models/Networks/KEGGGraphVisualizer/KEGGGraphVisualizer.vbproj,<project>,1106,64,141,901,5,2,3,24,0,48871,48.87 KB
G:/GCModeller/src/GCModeller/models/Networks/Microbiome/Microbiome.NET5.vbproj,Enzyme.vb,33,5,4,24,1,3,1,1,0,1122,1.12 KB
G:/GCModeller/src/GCModeller/models/Networks/Microbiome/Microbiome.NET5.vbproj,UniProtExtensions.vb,40,9,4,27,1,0,0,1,0,1519,1.52 KB
G:/GCModeller/src/GCModeller/models/Networks/Microbiome/Microbiome.NET5.vbproj,Membrane_transport/Membrane_transport.vb,327,32,41,254,1,0,1,3,0,14851,14.85 KB
G:/GCModeller/src/GCModeller/models/Networks/Microbiome/Microbiome.NET5.vbproj,MetabolicComplementation/CompoundOrigins.vb,53,11,7,35,1,0,0,2,0,2028,2.03 KB
G:/GCModeller/src/GCModeller/models/Networks/Microbiome/Microbiome.NET5.vbproj,MetabolicComplementation/EndPointAnalysis.vb,95,11,14,70,1,0,1,3,0,4092,4.09 KB
G:/GCModeller/src/GCModeller/models/Networks/Microbiome/Microbiome.NET5.vbproj,MetabolicComplementation/MetabolicComplementation.vb,202,43,24,135,1,0,4,2,0,9040,9.04 KB
G:/GCModeller/src/GCModeller/models/Networks/Microbiome/Microbiome.NET5.vbproj,MetabolicComplementation/MetabolicEndPoints.vb,56,6,10,40,2,4,0,4,0,2066,2.07 KB
G:/GCModeller/src/GCModeller/models/Networks/Microbiome/Microbiome.NET5.vbproj,My Project/Application.Designer.vb,12,9,1,2,0,0,0,0,0,434,434 B
G:/GCModeller/src/GCModeller/models/Networks/Microbiome/Microbiome.NET5.vbproj,My Project/AssemblyInfo.vb,36,15,6,15,0,0,0,0,0,1304,1.30 KB
G:/GCModeller/src/GCModeller/models/Networks/Microbiome/Microbiome.NET5.vbproj,My Project/Resources.Designer.vb,63,23,8,32,1,2,0,0,0,2805,2.81 KB
G:/GCModeller/src/GCModeller/models/Networks/Microbiome/Microbiome.NET5.vbproj,My Project/Settings.Designer.vb,74,9,12,53,2,2,1,0,0,3055,3.06 KB
G:/GCModeller/src/GCModeller/models/Networks/Microbiome/Microbiome.NET5.vbproj,PathwayProfile/EnrichmentProfiles.vb,14,0,3,11,1,4,0,1,0,406,406 B
G:/GCModeller/src/GCModeller/models/Networks/Microbiome/Microbiome.NET5.vbproj,PathwayProfile/NetworkVisualizer.vb,39,0,4,35,1,0,0,1,0,1620,1.62 KB
G:/GCModeller/src/GCModeller/models/Networks/Microbiome/Microbiome.NET5.vbproj,PathwayProfile/PathwayProfile.vb,123,22,15,86,1,0,0,4,0,4998,5.00 KB
G:/GCModeller/src/GCModeller/models/Networks/Microbiome/Microbiome.NET5.vbproj,PathwayProfile/Profile.vb,54,18,8,28,1,4,2,1,0,1738,1.74 KB
G:/GCModeller/src/GCModeller/models/Networks/Microbiome/Microbiome.NET5.vbproj,PathwayProfile/ProfileMatrix.vb,131,34,17,80,1,0,0,4,0,5727,5.73 KB
G:/GCModeller/src/GCModeller/models/Networks/Microbiome/Microbiome.NET5.vbproj,UniProt/TaxonomyIndex.vb,39,9,6,24,2,5,0,2,0,1240,1.24 KB
G:/GCModeller/src/GCModeller/models/Networks/Microbiome/Microbiome.NET5.vbproj,UniProt/TaxonomyIndexExtensions.vb,65,0,7,58,1,0,0,2,0,2634,2.63 KB
G:/GCModeller/src/GCModeller/models/Networks/Microbiome/Microbiome.NET5.vbproj,UniProt/TaxonomyRef.vb,112,24,18,70,3,11,1,4,0,3296,3.30 KB
G:/GCModeller/src/GCModeller/models/Networks/Microbiome/Microbiome.NET5.vbproj,UniProt/TaxonomyRepository.vb,155,44,19,92,1,3,0,10,0,6497,6.50 KB
G:/GCModeller/src/GCModeller/models/Networks/Microbiome/Microbiome.NET5.vbproj,UniProtBuilder/CacheGenerator.vb,122,26,17,79,1,3,3,1,0,4610,4.61 KB
G:/GCModeller/src/GCModeller/models/Networks/Microbiome/Microbiome.NET5.vbproj,UniProtBuilder/UniProtBuild.vb,219,28,26,165,1,0,0,5,0,9250,9.25 KB
G:/GCModeller/src/GCModeller/models/Networks/Microbiome/Microbiome.NET5.vbproj,<project>,2064,378,271,1415,25,41,14,51,0,84332,84.33 KB
G:/GCModeller/src/GCModeller/models/Networks/Network.Regulons/Network.Regulons.vbproj,Connection.vb,16,3,3,10,1,6,0,0,0,637,637 B
G:/GCModeller/src/GCModeller/models/Networks/Network.Regulons/Network.Regulons.vbproj,CrossOmicsCorrelation.vb,74,13,12,49,1,3,2,4,0,2655,2.65 KB
G:/GCModeller/src/GCModeller/models/Networks/Network.Regulons/Network.Regulons.vbproj,LazyCorrelationMatrix.vb,49,13,9,27,1,0,1,1,0,1524,1.52 KB
G:/GCModeller/src/GCModeller/models/Networks/Network.Regulons/Network.Regulons.vbproj,LazyCrossOmicsCorrelation.vb,76,28,13,35,1,2,1,1,0,2820,2.82 KB
G:/GCModeller/src/GCModeller/models/Networks/Network.Regulons/Network.Regulons.vbproj,TRN.vb,140,14,18,108,1,0,1,3,0,5500,5.50 KB
G:/GCModeller/src/GCModeller/models/Networks/Network.Regulons/Network.Regulons.vbproj,<project>,355,71,55,229,5,11,5,9,0,13136,13.14 KB
G:/GCModeller/src/GCModeller/models/Networks/STRING/STRING.NET5.vbproj,FunctionalNetwork/AnalysisAPI.vb,105,3,8,94,1,0,0,2,0,4832,4.83 KB
G:/GCModeller/src/GCModeller/models/Networks/STRING/STRING.NET5.vbproj,FunctionalNetwork/FunctionalEnrichmentNetwork.vb,237,23,28,186,1,0,0,5,0,9245,9.24 KB
G:/GCModeller/src/GCModeller/models/Networks/STRING/STRING.NET5.vbproj,FunctionalNetwork/GraphModel.vb,47,0,6,41,1,0,0,1,0,1844,1.84 KB
G:/GCModeller/src/GCModeller/models/Networks/STRING/STRING.NET5.vbproj,<project>,389,26,42,321,3,0,0,8,0,15921,15.92 KB
G:/GCModeller/src/GCModeller/models/SBML/Biopax/biopax-netcore5.vbproj,Level3/DescriptionData.vb,8,0,3,5,1,0,0,0,0,165,165 B
G:/GCModeller/src/GCModeller/models/SBML/Biopax/biopax-netcore5.vbproj,Level3/File.vb,68,5,9,54,1,32,1,1,0,3708,3.71 KB
G:/GCModeller/src/GCModeller/models/SBML/Biopax/biopax-netcore5.vbproj,Level3/ResourceReader.vb,171,4,28,139,1,0,1,4,0,7976,7.98 KB
G:/GCModeller/src/GCModeller/models/SBML/Biopax/biopax-netcore5.vbproj,My Project/Application.Designer.vb,12,9,1,2,0,0,0,0,0,434,434 B
G:/GCModeller/src/GCModeller/models/SBML/Biopax/biopax-netcore5.vbproj,My Project/AssemblyInfo.vb,36,15,6,15,0,0,0,0,0,1160,1.16 KB
G:/GCModeller/src/GCModeller/models/SBML/Biopax/biopax-netcore5.vbproj,My Project/Resources.Designer.vb,63,23,8,32,1,2,0,0,0,2793,2.79 KB
G:/GCModeller/src/GCModeller/models/SBML/Biopax/biopax-netcore5.vbproj,My Project/Settings.Designer.vb,74,9,12,53,2,2,1,0,0,3032,3.03 KB
G:/GCModeller/src/GCModeller/models/SBML/Biopax/biopax-netcore5.vbproj,Level3/Elements/EntityProperty.vb,165,0,78,87,42,0,0,0,0,3264,3.26 KB
G:/GCModeller/src/GCModeller/models/SBML/Biopax/biopax-netcore5.vbproj,Level3/Elements/OwlOntology.vb,24,3,5,16,2,1,0,2,0,721,721 B
G:/GCModeller/src/GCModeller/models/SBML/Biopax/biopax-netcore5.vbproj,Level3/Elements/PathwayStep.vb,65,0,21,44,11,18,0,0,0,1939,1.94 KB
G:/GCModeller/src/GCModeller/models/SBML/Biopax/biopax-netcore5.vbproj,Level3/Elements/SmallMolecule.vb,191,0,42,149,23,72,0,5,0,6753,6.75 KB
G:/GCModeller/src/GCModeller/models/SBML/Biopax/biopax-netcore5.vbproj,Level3/Schema/DatatypeProperty.vb,8,0,2,6,1,1,0,0,0,211,211 B
G:/GCModeller/src/GCModeller/models/SBML/Biopax/biopax-netcore5.vbproj,Level3/Schema/FunctionalProperty.vb,71,28,12,31,7,13,0,0,0,2515,2.52 KB
G:/GCModeller/src/GCModeller/models/SBML/Biopax/biopax-netcore5.vbproj,<project>,956,96,227,633,92,141,3,12,0,34671,34.67 KB
G:/GCModeller/src/GCModeller/models/SBML/Biopax/test/test.vbproj,Program.vb,30,0,7,23,1,0,3,0,0,972,972 B
G:/GCModeller/src/GCModeller/models/SBML/Biopax/test/test.vbproj,<project>,30,0,7,23,1,0,3,0,0,972,972 B
G:/GCModeller/src/GCModeller/models/SBML/SBML/sbml-netcore5.vbproj,IFBAC2.vb,64,27,12,25,4,9,0,1,0,2379,2.38 KB
G:/GCModeller/src/GCModeller/models/SBML/SBML/sbml-netcore5.vbproj,NamespaceDoc.vb,9,7,0,2,1,0,0,0,0,815,815 B
G:/GCModeller/src/GCModeller/models/SBML/SBML/sbml-netcore5.vbproj,Components/Compartment.vb,17,5,3,9,1,0,0,1,0,489,489 B
G:/GCModeller/src/GCModeller/models/SBML/SBML/sbml-netcore5.vbproj,Components/ModelBase.vb,27,4,6,17,2,2,0,2,0,813,813 B
G:/GCModeller/src/GCModeller/models/SBML/SBML/sbml-netcore5.vbproj,Components/Notes.vb,99,3,23,73,3,6,0,7,0,3220,3.22 KB
G:/GCModeller/src/GCModeller/models/SBML/SBML/sbml-netcore5.vbproj,Components/SBOTerms.vb,9,0,3,6,1,0,0,0,0,211,211 B
G:/GCModeller/src/GCModeller/models/SBML/SBML/sbml-netcore5.vbproj,Components/Specie.vb,28,3,5,20,1,4,0,1,0,906,906 B
G:/GCModeller/src/GCModeller/models/SBML/SBML/sbml-netcore5.vbproj,Export/Intersection.vb,71,7,7,57,1,0,0,3,0,3570,3.57 KB
G:/GCModeller/src/GCModeller/models/SBML/SBML/sbml-netcore5.vbproj,Export/KEGG.vb,82,7,8,67,1,0,0,3,0,3773,3.77 KB
G:/GCModeller/src/GCModeller/models/SBML/SBML/sbml-netcore5.vbproj,Level2/API.vb,76,12,12,52,1,0,0,4,0,3048,3.05 KB
G:/GCModeller/src/GCModeller/models/SBML/SBML/sbml-netcore5.vbproj,Level2/XmlFile.vb,87,15,14,58,1,7,0,5,0,3452,3.45 KB
G:/GCModeller/src/GCModeller/models/SBML/SBML/sbml-netcore5.vbproj,Level3/annotation.vb,124,11,23,90,4,9,3,6,0,4403,4.40 KB
G:/GCModeller/src/GCModeller/models/SBML/SBML/sbml-netcore5.vbproj,Level3/Extensions.vb,15,0,4,11,1,0,0,1,0,464,464 B
G:/GCModeller/src/GCModeller/models/SBML/SBML/sbml-netcore5.vbproj,Level3/reaction.vb,53,3,13,37,3,10,0,3,0,1903,1.90 KB
G:/GCModeller/src/GCModeller/models/SBML/SBML/sbml-netcore5.vbproj,Level3/unitDefinition.vb,20,0,7,13,2,5,0,0,0,512,512 B
G:/GCModeller/src/GCModeller/models/SBML/SBML/sbml-netcore5.vbproj,Level3/XmlFile.vb,161,27,31,103,6,24,1,4,0,5871,5.87 KB
G:/GCModeller/src/GCModeller/models/SBML/SBML/sbml-netcore5.vbproj,SBGN/arc.vb,61,0,18,43,2,10,0,4,0,1663,1.66 KB
G:/GCModeller/src/GCModeller/models/SBML/SBML/sbml-netcore5.vbproj,SBGN/glyph.vb,66,0,19,47,4,15,0,3,0,1799,1.80 KB
G:/GCModeller/src/GCModeller/models/SBML/SBML/sbml-netcore5.vbproj,SBGN/sbgn.vb,57,8,13,36,2,5,0,2,0,1823,1.82 KB
G:/GCModeller/src/GCModeller/models/SBML/SBML/sbml-netcore5.vbproj,Level2/Elements/Model.vb,24,4,5,15,1,4,1,0,0,823,823 B
G:/GCModeller/src/GCModeller/models/SBML/SBML/sbml-netcore5.vbproj,Level2/Elements/Specie.vb,43,11,5,27,1,5,0,2,0,1515,1.51 KB
G:/GCModeller/src/GCModeller/models/SBML/SBML/sbml-netcore5.vbproj,Level2/Elements/speciesReference.vb,51,12,8,31,1,2,2,3,0,1802,1.80 KB
G:/GCModeller/src/GCModeller/models/SBML/SBML/sbml-netcore5.vbproj,Level2/Elements/UnitDefinition.vb,27,0,6,21,2,2,0,2,0,911,911 B
G:/GCModeller/src/GCModeller/models/SBML/SBML/sbml-netcore5.vbproj,Level2/FluxModel/Reaction.vb,94,12,12,70,1,10,0,3,0,4423,4.42 KB
G:/GCModeller/src/GCModeller/models/SBML/SBML/sbml-netcore5.vbproj,Specifics/MetaCyc/Escaping.vb,88,11,14,63,2,3,2,3,0,3868,3.87 KB
G:/GCModeller/src/GCModeller/models/SBML/SBML/sbml-netcore5.vbproj,Level2/FluxModel/kineticLaw/kineticLaw.vb,58,6,9,43,1,3,0,2,0,1824,1.82 KB
G:/GCModeller/src/GCModeller/models/SBML/SBML/sbml-netcore5.vbproj,Level2/FluxModel/kineticLaw/Parameter.vb,27,0,7,20,2,3,0,2,0,875,875 B
G:/GCModeller/src/GCModeller/models/SBML/SBML/sbml-netcore5.vbproj,Specifics/MetaCyc/Property/FluxPropReader.vb,23,0,5,18,1,5,1,0,0,963,963 B
G:/GCModeller/src/GCModeller/models/SBML/SBML/sbml-netcore5.vbproj,Specifics/MetaCyc/Property/PropertyParser.vb,80,12,8,60,3,2,0,2,0,2690,2.69 KB
G:/GCModeller/src/GCModeller/models/SBML/SBML/sbml-netcore5.vbproj,Specifics/MetaCyc/Property/ReaderBase.vb,35,0,7,28,1,0,1,3,0,1281,1.28 KB
G:/GCModeller/src/GCModeller/models/SBML/SBML/sbml-netcore5.vbproj,Specifics/MetaCyc/Property/SpeciesPropReader.vb,37,0,5,32,1,12,1,0,0,1691,1.69 KB
G:/GCModeller/src/GCModeller/models/SBML/SBML/sbml-netcore5.vbproj,<project>,1713,207,312,1194,58,157,12,72,0,63780,63.78 KB
G:/GCModeller/src/GCModeller/sub-system/BNLearn/BNLearn.vbproj,Core/BayesianNetwork.vb,351,58,65,228,2,12,6,12,0,12764,12.76 KB
G:/GCModeller/src/GCModeller/sub-system/BNLearn/BNLearn.vbproj,Core/BnCPD.vb,178,43,29,106,3,11,2,9,0,6903,6.90 KB
G:/GCModeller/src/GCModeller/sub-system/BNLearn/BNLearn.vbproj,Core/BNLearnWorkflow.vb,309,64,67,178,1,9,2,9,0,12879,12.88 KB
G:/GCModeller/src/GCModeller/sub-system/BNLearn/BNLearn.vbproj,Core/GeneExpressionData.vb,196,37,30,129,1,7,0,7,0,7231,7.23 KB
G:/GCModeller/src/GCModeller/sub-system/BNLearn/BNLearn.vbproj,Core/PriorNetwork.vb,103,28,21,54,2,8,1,5,0,4127,4.13 KB
G:/GCModeller/src/GCModeller/sub-system/BNLearn/BNLearn.vbproj,DBN/ConditionalProbabilityTable.vb,94,28,20,46,1,4,1,3,0,3793,3.79 KB
G:/GCModeller/src/GCModeller/sub-system/BNLearn/BNLearn.vbproj,DBN/DBNConfig.vb,52,24,15,13,1,9,0,0,0,2189,2.19 KB
G:/GCModeller/src/GCModeller/sub-system/BNLearn/BNLearn.vbproj,DBN/DBNNode.vb,65,29,18,18,1,9,1,0,0,2559,2.56 KB
G:/GCModeller/src/GCModeller/sub-system/BNLearn/BNLearn.vbproj,DBN/DBNNodeType.vb,17,8,2,7,1,0,0,0,0,682,682 B
G:/GCModeller/src/GCModeller/sub-system/BNLearn/BNLearn.vbproj,DBN/DBNODECoupler.vb,150,59,27,64,1,1,3,3,0,5643,5.64 KB
G:/GCModeller/src/GCModeller/sub-system/BNLearn/BNLearn.vbproj,DBN/DBNPredictionResult.vb,78,28,15,35,1,5,0,2,0,3214,3.21 KB
G:/GCModeller/src/GCModeller/sub-system/BNLearn/BNLearn.vbproj,DBN/DynamicBayesianNetwork.vb,995,256,148,591,1,1,9,16,0,43304,43.30 KB
G:/GCModeller/src/GCModeller/sub-system/BNLearn/BNLearn.vbproj,DBN/RegulatoryLink.vb,47,30,4,13,2,6,0,0,0,1254,1.25 KB
G:/GCModeller/src/GCModeller/sub-system/BNLearn/BNLearn.vbproj,Inference/Inference.vb,343,68,61,214,1,0,1,6,0,13143,13.14 KB
G:/GCModeller/src/GCModeller/sub-system/BNLearn/BNLearn.vbproj,Intervention/Intervention.vb,278,67,45,166,1,0,1,5,0,11914,11.91 KB
G:/GCModeller/src/GCModeller/sub-system/BNLearn/BNLearn.vbproj,Intervention/InterventionComparison.vb,696,163,110,423,3,4,15,6,0,30607,30.61 KB
G:/GCModeller/src/GCModeller/sub-system/BNLearn/BNLearn.vbproj,Intervention/InterventionMode.vb,16,7,1,8,1,0,0,0,0,463,463 B
G:/GCModeller/src/GCModeller/sub-system/BNLearn/BNLearn.vbproj,Intervention/InterventionResult.vb,82,16,19,47,1,11,0,2,0,3322,3.32 KB
G:/GCModeller/src/GCModeller/sub-system/BNLearn/BNLearn.vbproj,Intervention/InterventionSpec.vb,38,8,8,22,1,4,0,1,0,1350,1.35 KB
G:/GCModeller/src/GCModeller/sub-system/BNLearn/BNLearn.vbproj,IO/IO.vb,178,31,34,113,1,0,4,2,0,7435,7.43 KB
G:/GCModeller/src/GCModeller/sub-system/BNLearn/BNLearn.vbproj,ParameterLearning/ParameterLearning.vb,189,36,28,125,1,0,0,2,0,7109,7.11 KB
G:/GCModeller/src/GCModeller/sub-system/BNLearn/BNLearn.vbproj,ParameterLearning/ParameterLearningResult.vb,24,8,7,9,1,5,0,0,0,692,692 B
G:/GCModeller/src/GCModeller/sub-system/BNLearn/BNLearn.vbproj,StructureLearning/EdgeOp.vb,9,0,1,8,1,0,0,0,0,142,142 B
G:/GCModeller/src/GCModeller/sub-system/BNLearn/BNLearn.vbproj,StructureLearning/StructureAlgorithm.vb,14,6,1,7,1,0,0,0,0,388,388 B
G:/GCModeller/src/GCModeller/sub-system/BNLearn/BNLearn.vbproj,StructureLearning/StructureLearning.vb,787,125,124,538,1,0,3,13,0,31028,31.03 KB
G:/GCModeller/src/GCModeller/sub-system/BNLearn/BNLearn.vbproj,StructureLearning/StructureLearningParams.vb,36,12,11,13,1,9,0,0,0,1210,1.21 KB
G:/GCModeller/src/GCModeller/sub-system/BNLearn/BNLearn.vbproj,StructureLearning/StructureLearningResult.vb,24,8,7,9,1,5,0,0,0,691,691 B
G:/GCModeller/src/GCModeller/sub-system/BNLearn/BNLearn.vbproj,<project>,5349,1247,918,3184,34,120,49,103,0,216036,216.04 KB
G:/GCModeller/src/GCModeller/sub-system/BNLearn/test/test.vbproj,Program.vb,50,9,13,28,1,0,1,0,0,2104,2.10 KB
G:/GCModeller/src/GCModeller/sub-system/BNLearn/test/test.vbproj,<project>,50,9,13,28,1,0,1,0,0,2104,2.10 KB
G:/GCModeller/src/GCModeller/sub-system/CellPhenotype/CellPhenotype.vbproj,GeneRegulatoryNetwork.vb,424,130,62,232,1,0,0,12,0,22441,22.44 KB
G:/GCModeller/src/GCModeller/sub-system/CellPhenotype/CellPhenotype.vbproj,MetabolicNetwork/AdjacencyWeight.vb,19,0,6,13,1,2,2,1,0,385,385 B
G:/GCModeller/src/GCModeller/sub-system/CellPhenotype/CellPhenotype.vbproj,MetabolicNetwork/MetabolicNetwork.vb,77,13,12,52,1,3,0,2,0,2516,2.52 KB
G:/GCModeller/src/GCModeller/sub-system/CellPhenotype/CellPhenotype.vbproj,MetabolicNetwork/PPRSolver.vb,214,34,40,140,3,0,2,3,0,7196,7.20 KB
G:/GCModeller/src/GCModeller/sub-system/CellPhenotype/CellPhenotype.vbproj,<project>,734,177,120,437,6,5,4,18,0,32538,32.54 KB
G:/GCModeller/src/GCModeller/sub-system/CellPhenotype/test/test.vbproj,grn_demo2.vb,22,0,5,17,1,0,1,0,0,848,848 B
G:/GCModeller/src/GCModeller/sub-system/CellPhenotype/test/test.vbproj,Program.vb,41,0,10,31,1,0,1,0,0,1422,1.42 KB
G:/GCModeller/src/GCModeller/sub-system/CellPhenotype/test/test.vbproj,<project>,63,0,15,48,2,0,2,0,0,2270,2.27 KB
G:/GCModeller/src/GCModeller/sub-system/FBA/FBA.Core/FBA.Core.NET5.vbproj,KEGGMatrix.vb,41,0,4,37,1,0,0,1,0,1611,1.61 KB
G:/GCModeller/src/GCModeller/sub-system/FBA/FBA.Core/FBA.Core.NET5.vbproj,LinearProgrammingEngine.vb,117,40,11,66,1,0,0,4,0,5332,5.33 KB
G:/GCModeller/src/GCModeller/sub-system/FBA/FBA.Core/FBA.Core.NET5.vbproj,Matrix.vb,93,32,11,50,1,7,0,3,0,3069,3.07 KB
G:/GCModeller/src/GCModeller/sub-system/FBA/FBA.Core/FBA.Core.NET5.vbproj,<project>,251,72,26,153,3,7,0,8,0,10012,10.01 KB
G:/GCModeller/src/GCModeller/sub-system/PLAS.NET/SSystem/SSystem.NET5.vbproj,Compiler.vb,26,4,5,17,3,1,0,2,0,975,975 B
G:/GCModeller/src/GCModeller/sub-system/PLAS.NET/SSystem/SSystem.NET5.vbproj,RunModel.vb,73,7,13,53,3,1,0,4,0,2560,2.56 KB
G:/GCModeller/src/GCModeller/sub-system/PLAS.NET/SSystem/SSystem.NET5.vbproj,Script/ScriptCompiler.vb,115,33,17,65,1,1,1,3,0,5058,5.06 KB
G:/GCModeller/src/GCModeller/sub-system/PLAS.NET/SSystem/SSystem.NET5.vbproj,Script/ScriptWriter.vb,46,12,8,26,1,0,0,2,0,1386,1.39 KB
G:/GCModeller/src/GCModeller/sub-system/PLAS.NET/SSystem/SSystem.NET5.vbproj,System/DataAcquisition.vb,152,31,31,90,4,0,10,3,0,5467,5.47 KB
G:/GCModeller/src/GCModeller/sub-system/PLAS.NET/SSystem/SSystem.NET5.vbproj,System/Kernel.vb,186,64,23,99,1,5,6,4,0,6420,6.42 KB
G:/GCModeller/src/GCModeller/sub-system/PLAS.NET/SSystem/SSystem.NET5.vbproj,System/KernelLoader.vb,56,7,9,40,1,0,0,2,0,1959,1.96 KB
G:/GCModeller/src/GCModeller/sub-system/PLAS.NET/SSystem/SSystem.NET5.vbproj,System/ODEs.vb,65,8,7,50,1,0,0,1,0,2829,2.83 KB
G:/GCModeller/src/GCModeller/sub-system/PLAS.NET/SSystem/SSystem.NET5.vbproj,Script/Models/Model.vb,125,45,15,65,1,9,1,3,1,4361,4.36 KB
G:/GCModeller/src/GCModeller/sub-system/PLAS.NET/SSystem/SSystem.NET5.vbproj,Script/Models/SBML.vb,166,31,26,109,1,1,2,7,0,6279,6.28 KB
G:/GCModeller/src/GCModeller/sub-system/PLAS.NET/SSystem/SSystem.NET5.vbproj,Script/Models/SEquation.vb,47,15,7,25,1,2,2,2,0,1461,1.46 KB
G:/GCModeller/src/GCModeller/sub-system/PLAS.NET/SSystem/SSystem.NET5.vbproj,Script/ScriptText/ModelParsers.vb,87,20,14,53,1,0,0,4,0,3089,3.09 KB
G:/GCModeller/src/GCModeller/sub-system/PLAS.NET/SSystem/SSystem.NET5.vbproj,Script/ScriptText/ScriptParser.vb,189,11,24,154,1,0,2,9,0,7105,7.11 KB
G:/GCModeller/src/GCModeller/sub-system/PLAS.NET/SSystem/SSystem.NET5.vbproj,Script/ScriptText/TokenIcer.vb,55,5,10,40,1,0,1,2,0,1744,1.74 KB
G:/GCModeller/src/GCModeller/sub-system/PLAS.NET/SSystem/SSystem.NET5.vbproj,Script/ScriptText/Tokens.vb,57,30,5,22,2,0,1,0,0,1466,1.47 KB
G:/GCModeller/src/GCModeller/sub-system/PLAS.NET/SSystem/SSystem.NET5.vbproj,System/Elements/Equation.vb,148,38,23,87,1,5,2,5,0,5122,5.12 KB
G:/GCModeller/src/GCModeller/sub-system/PLAS.NET/SSystem/SSystem.NET5.vbproj,System/Elements/Function.vb,35,9,8,18,1,2,0,1,0,1063,1.06 KB
G:/GCModeller/src/GCModeller/sub-system/PLAS.NET/SSystem/SSystem.NET5.vbproj,System/Elements/Var.vb,74,12,13,49,1,4,0,2,0,2674,2.67 KB
G:/GCModeller/src/GCModeller/sub-system/PLAS.NET/SSystem/SSystem.NET5.vbproj,System/Experiments/Disturb.vb,52,9,10,33,1,2,2,1,0,1568,1.57 KB
G:/GCModeller/src/GCModeller/sub-system/PLAS.NET/SSystem/SSystem.NET5.vbproj,System/Experiments/DisturbAPI.vb,22,0,4,18,2,1,1,0,0,606,606 B
G:/GCModeller/src/GCModeller/sub-system/PLAS.NET/SSystem/SSystem.NET5.vbproj,System/Experiments/Experiment.vb,44,23,5,16,1,6,0,1,0,1423,1.42 KB
G:/GCModeller/src/GCModeller/sub-system/PLAS.NET/SSystem/SSystem.NET5.vbproj,System/Experiments/Kicks.vb,91,21,14,56,1,0,4,2,0,2909,2.91 KB
G:/GCModeller/src/GCModeller/sub-system/PLAS.NET/SSystem/SSystem.NET5.vbproj,<project>,1911,435,291,1185,31,40,35,60,1,67524,67.52 KB
G:/GCModeller/src/GCModeller/sub-system/simulators/simulators.vbproj,FBA.vb,182,26,26,130,1,0,1,5,0,6734,6.73 KB
G:/GCModeller/src/GCModeller/sub-system/simulators/simulators.vbproj,SSystemKit.vb,228,42,29,157,1,0,1,8,0,8603,8.60 KB
G:/GCModeller/src/GCModeller/sub-system/simulators/simulators.vbproj,zzz.vb,7,0,3,4,1,0,0,0,0,100,100 B
G:/GCModeller/src/GCModeller/sub-system/simulators/simulators.vbproj,<project>,417,68,58,291,3,0,2,13,0,15437,15.44 KB
G:/GCModeller/src/GCModeller/visualize/ChromosomeMap/ChromosomeMap.NET5.vbproj,ChromesomeMapAPI.vb,442,59,44,339,3,0,1,21,0,19723,19.72 KB
G:/GCModeller/src/GCModeller/visualize/ChromosomeMap/ChromosomeMap.NET5.vbproj,DrawingDevice.vb,470,47,79,344,3,3,7,6,0,18513,18.51 KB
G:/GCModeller/src/GCModeller/visualize/ChromosomeMap/ChromosomeMap.NET5.vbproj,PlasmidAnnotation.vb,138,35,8,95,1,27,0,3,0,5806,5.81 KB
G:/GCModeller/src/GCModeller/visualize/ChromosomeMap/ChromosomeMap.NET5.vbproj,RegionMap.vb,165,15,17,133,1,0,2,1,0,7112,7.11 KB
G:/GCModeller/src/GCModeller/visualize/ChromosomeMap/ChromosomeMap.NET5.vbproj,Configuration/Config.vb,251,16,35,200,1,21,0,11,0,12738,12.74 KB
G:/GCModeller/src/GCModeller/visualize/ChromosomeMap/ChromosomeMap.NET5.vbproj,Configuration/DataReader.vb,94,24,9,61,2,20,0,0,0,4187,4.19 KB
G:/GCModeller/src/GCModeller/visualize/ChromosomeMap/ChromosomeMap.NET5.vbproj,Configuration/Extensions.vb,48,6,6,36,1,0,0,4,0,1890,1.89 KB
G:/GCModeller/src/GCModeller/visualize/ChromosomeMap/ChromosomeMap.NET5.vbproj,DrawingModels/Abstract.vb,29,4,6,19,1,5,0,1,0,844,844 B
G:/GCModeller/src/GCModeller/visualize/ChromosomeMap/ChromosomeMap.NET5.vbproj,DrawingModels/ChromesomeDrawingModel.vb,97,38,8,51,1,8,0,1,0,3770,3.77 KB
G:/GCModeller/src/GCModeller/visualize/ChromosomeMap/ChromosomeMap.NET5.vbproj,DrawingModels/LabelPadding.vb,64,20,10,34,3,0,0,4,0,2710,2.71 KB
G:/GCModeller/src/GCModeller/visualize/ChromosomeMap/ChromosomeMap.NET5.vbproj,DrawingModels/Multation.vb,130,29,16,85,2,2,1,2,0,5168,5.17 KB
G:/GCModeller/src/GCModeller/visualize/ChromosomeMap/ChromosomeMap.NET5.vbproj,DrawingModels/RenderingColor.vb,121,9,17,95,1,0,0,2,0,5464,5.46 KB
G:/GCModeller/src/GCModeller/visualize/ChromosomeMap/ChromosomeMap.NET5.vbproj,DrawingModels/SegmentObject.vb,178,29,29,120,1,5,0,2,0,6606,6.61 KB
G:/GCModeller/src/GCModeller/visualize/ChromosomeMap/ChromosomeMap.NET5.vbproj,FootPrintMap/ColorProfiles.vb,65,12,13,40,1,2,3,1,0,2429,2.43 KB
G:/GCModeller/src/GCModeller/visualize/ChromosomeMap/ChromosomeMap.NET5.vbproj,FootPrintMap/MotifSite.vb,135,23,17,95,2,8,2,2,0,5413,5.41 KB
G:/GCModeller/src/GCModeller/visualize/ChromosomeMap/ChromosomeMap.NET5.vbproj,FootPrintMap/RegulationMotifSite.vb,92,12,17,63,1,0,0,3,0,3550,3.55 KB
G:/GCModeller/src/GCModeller/visualize/ChromosomeMap/ChromosomeMap.NET5.vbproj,FootPrintMap/TSSs.vb,60,11,7,42,1,2,1,0,0,2522,2.52 KB
G:/GCModeller/src/GCModeller/visualize/ChromosomeMap/ChromosomeMap.NET5.vbproj,PlasmidMap/DrawGene.vb,68,9,6,53,1,0,0,1,0,2860,2.86 KB
G:/GCModeller/src/GCModeller/visualize/ChromosomeMap/ChromosomeMap.NET5.vbproj,PlasmidMap/DrawingDevice.vb,50,1,7,42,1,0,0,1,0,2140,2.14 KB
G:/GCModeller/src/GCModeller/visualize/ChromosomeMap/ChromosomeMap.NET5.vbproj,PlasmidMap/PlasmidMap.vb,14,3,4,7,1,2,0,0,0,390,390 B
G:/GCModeller/src/GCModeller/visualize/ChromosomeMap/ChromosomeMap.NET5.vbproj,<project>,2711,402,355,1954,29,105,17,66,0,113835,113.83 KB
G:/GCModeller/src/GCModeller/visualize/ChromosomeMap/Data/Data.vbproj,Extensions.vb,122,24,13,85,1,0,0,6,0,6398,6.40 KB
G:/GCModeller/src/GCModeller/visualize/ChromosomeMap/Data/Data.vbproj,ReadsMap.vb,294,35,57,202,1,0,0,8,0,12799,12.80 KB
G:/GCModeller/src/GCModeller/visualize/ChromosomeMap/Data/Data.vbproj,LocisPlot/Palindrome.vb,87,11,16,60,1,0,0,1,0,3526,3.53 KB
G:/GCModeller/src/GCModeller/visualize/ChromosomeMap/Data/Data.vbproj,<project>,503,70,86,347,3,0,0,15,0,22723,22.72 KB
G:/GCModeller/src/GCModeller/visualize/DataVisualizationExtensions/datavisual-netcore5.vbproj,ColorMgr.vb,76,25,10,41,2,3,1,4,0,2399,2.40 KB
G:/GCModeller/src/GCModeller/visualize/DataVisualizationExtensions/datavisual-netcore5.vbproj,ColorProfiles.vb,31,0,8,23,1,1,1,1,0,1007,1007 B
G:/GCModeller/src/GCModeller/visualize/DataVisualizationExtensions/datavisual-netcore5.vbproj,Extensions.vb,126,7,19,100,1,0,1,1,0,5029,5.03 KB
G:/GCModeller/src/GCModeller/visualize/DataVisualizationExtensions/datavisual-netcore5.vbproj,GCSkew.vb,144,32,13,99,1,5,1,5,0,6123,6.12 KB
G:/GCModeller/src/GCModeller/visualize/DataVisualizationExtensions/datavisual-netcore5.vbproj,MapLabelLayout.vb,74,15,12,47,1,0,1,1,0,2286,2.29 KB
G:/GCModeller/src/GCModeller/visualize/DataVisualizationExtensions/datavisual-netcore5.vbproj,RenderingColor.vb,183,32,30,121,1,0,0,5,0,6882,6.88 KB
G:/GCModeller/src/GCModeller/visualize/DataVisualizationExtensions/datavisual-netcore5.vbproj,SampleColorBend.vb,91,14,12,65,1,0,1,1,0,3496,3.50 KB
G:/GCModeller/src/GCModeller/visualize/DataVisualizationExtensions/datavisual-netcore5.vbproj,UPGMATreeDrawer.vb,25,0,5,20,1,0,2,0,0,879,879 B
G:/GCModeller/src/GCModeller/visualize/DataVisualizationExtensions/datavisual-netcore5.vbproj,zzz.vb,3,0,1,2,0,0,0,0,0,84,84 B
G:/GCModeller/src/GCModeller/visualize/DataVisualizationExtensions/datavisual-netcore5.vbproj,Abstract/MapModelCommon.vb,251,76,44,131,1,7,0,3,0,9009,9.01 KB
G:/GCModeller/src/GCModeller/visualize/DataVisualizationExtensions/datavisual-netcore5.vbproj,CatalogProfiling/AbstractPlot.vb,161,16,24,121,5,0,3,5,0,6617,6.62 KB
G:/GCModeller/src/GCModeller/visualize/DataVisualizationExtensions/datavisual-netcore5.vbproj,CatalogProfiling/BubbleTerm.vb,87,12,15,60,1,4,0,3,0,3308,3.31 KB
G:/GCModeller/src/GCModeller/visualize/DataVisualizationExtensions/datavisual-netcore5.vbproj,CatalogProfiling/CatalogBubblePlot.vb,286,20,31,235,1,2,3,3,0,12175,12.18 KB
G:/GCModeller/src/GCModeller/visualize/DataVisualizationExtensions/datavisual-netcore5.vbproj,CatalogProfiling/CatalogProfiling.vb,462,78,53,331,1,0,1,4,0,21644,21.64 KB
G:/GCModeller/src/GCModeller/visualize/DataVisualizationExtensions/datavisual-netcore5.vbproj,CatalogProfiling/COGCatalogProfiling.vb,76,0,11,65,1,0,0,1,0,3147,3.15 KB
G:/GCModeller/src/GCModeller/visualize/DataVisualizationExtensions/datavisual-netcore5.vbproj,CatalogProfiling/ColorProfileManager.vb,48,8,7,33,1,0,0,1,0,2038,2.04 KB
G:/GCModeller/src/GCModeller/visualize/DataVisualizationExtensions/datavisual-netcore5.vbproj,CatalogProfiling/DAScorePlot.vb,21,3,4,14,1,0,2,0,0,826,826 B
G:/GCModeller/src/GCModeller/visualize/DataVisualizationExtensions/datavisual-netcore5.vbproj,CatalogProfiling/LabelDisplayStrategy.vb,87,18,10,59,1,2,0,2,0,3392,3.39 KB
G:/GCModeller/src/GCModeller/visualize/DataVisualizationExtensions/datavisual-netcore5.vbproj,CatalogProfiling/MultipleBubble.vb,297,24,39,234,1,0,5,1,0,13462,13.46 KB
G:/GCModeller/src/GCModeller/visualize/DataVisualizationExtensions/datavisual-netcore5.vbproj,CategoryImpactBox/Impact.vb,34,0,6,28,1,2,0,3,0,1221,1.22 KB
G:/GCModeller/src/GCModeller/visualize/DataVisualizationExtensions/datavisual-netcore5.vbproj,CategoryImpactBox/ImpactBoxPlot.vb,19,0,5,14,1,0,2,0,0,577,577 B
G:/GCModeller/src/GCModeller/visualize/DataVisualizationExtensions/datavisual-netcore5.vbproj,CollectionSet/FactorGroup.vb,101,9,14,78,1,3,0,3,0,3897,3.90 KB
G:/GCModeller/src/GCModeller/visualize/DataVisualizationExtensions/datavisual-netcore5.vbproj,CollectionSet/IntersectionData.vb,51,4,10,37,1,2,0,2,0,1683,1.68 KB
G:/GCModeller/src/GCModeller/visualize/DataVisualizationExtensions/datavisual-netcore5.vbproj,CollectionSet/IntersectionPlot.vb,472,55,69,348,1,0,6,0,0,20552,20.55 KB
G:/GCModeller/src/GCModeller/visualize/DataVisualizationExtensions/datavisual-netcore5.vbproj,CollectionSet/UpsetData.vb,122,15,15,92,1,9,0,3,0,5171,5.17 KB
G:/GCModeller/src/GCModeller/visualize/DataVisualizationExtensions/datavisual-netcore5.vbproj,CurvesChart/CurvesModel.vb,75,0,10,65,2,5,0,2,0,2870,2.87 KB
G:/GCModeller/src/GCModeller/visualize/DataVisualizationExtensions/datavisual-netcore5.vbproj,CurvesChart/Histogram.vb,118,9,21,88,1,2,2,2,0,4985,4.99 KB
G:/GCModeller/src/GCModeller/visualize/DataVisualizationExtensions/datavisual-netcore5.vbproj,CurvesChart/Line.vb,91,2,16,73,1,0,1,0,0,3771,3.77 KB
G:/GCModeller/src/GCModeller/visualize/DataVisualizationExtensions/datavisual-netcore5.vbproj,DEGPlot/ClassChanges.vb,172,2,26,144,1,0,2,0,0,7094,7.09 KB
G:/GCModeller/src/GCModeller/visualize/DataVisualizationExtensions/datavisual-netcore5.vbproj,DEGPlot/DEGPlot.vb,64,19,4,41,1,0,0,1,0,2829,2.83 KB
G:/GCModeller/src/GCModeller/visualize/DataVisualizationExtensions/datavisual-netcore5.vbproj,DEGPlot/GSVADiff.vb,10,3,2,5,1,3,0,0,0,229,229 B
G:/GCModeller/src/GCModeller/visualize/DataVisualizationExtensions/datavisual-netcore5.vbproj,DEGPlot/GSVADiffBar.vb,145,7,15,123,1,0,2,0,0,5606,5.61 KB
G:/GCModeller/src/GCModeller/visualize/DataVisualizationExtensions/datavisual-netcore5.vbproj,DEGPlot/LabelTypes.vb,17,3,2,12,2,0,0,0,0,323,323 B
G:/GCModeller/src/GCModeller/visualize/DataVisualizationExtensions/datavisual-netcore5.vbproj,DEGPlot/Volcano.vb,419,28,46,345,2,7,2,5,0,18027,18.03 KB
G:/GCModeller/src/GCModeller/visualize/DataVisualizationExtensions/datavisual-netcore5.vbproj,DEGPlot/VolcanoMultiple.vb,134,8,18,108,1,0,2,0,0,6646,6.65 KB
G:/GCModeller/src/GCModeller/visualize/DataVisualizationExtensions/datavisual-netcore5.vbproj,ExpressionPattern/ExpressionPattern.vb,250,35,27,188,1,4,0,7,0,10391,10.39 KB
G:/GCModeller/src/GCModeller/visualize/DataVisualizationExtensions/datavisual-netcore5.vbproj,ExpressionPattern/Extensions.vb,74,0,7,67,1,0,0,2,0,3616,3.62 KB
G:/GCModeller/src/GCModeller/visualize/DataVisualizationExtensions/datavisual-netcore5.vbproj,ExpressionPattern/PatternClassifier.vb,136,21,21,94,1,0,0,2,0,5695,5.70 KB
G:/GCModeller/src/GCModeller/visualize/DataVisualizationExtensions/datavisual-netcore5.vbproj,ExpressionPattern/PatternPlot.vb,212,13,22,177,1,5,2,1,0,9475,9.47 KB
G:/GCModeller/src/GCModeller/visualize/DataVisualizationExtensions/datavisual-netcore5.vbproj,ExpressionPattern/Reader.vb,146,14,21,111,1,0,0,3,0,5911,5.91 KB
G:/GCModeller/src/GCModeller/visualize/DataVisualizationExtensions/datavisual-netcore5.vbproj,ExpressionPattern/Writer.vb,64,1,16,47,1,0,0,2,0,2170,2.17 KB
G:/GCModeller/src/GCModeller/visualize/DataVisualizationExtensions/datavisual-netcore5.vbproj,KeggPlot/EnrichmentCategoryBar.vb,13,0,3,10,1,0,2,0,0,439,439 B
G:/GCModeller/src/GCModeller/visualize/DataVisualizationExtensions/datavisual-netcore5.vbproj,KeggPlot/EnrichmentCategoryBubble.vb,186,2,22,162,1,0,2,0,0,8944,8.94 KB
G:/GCModeller/src/GCModeller/visualize/DataVisualizationExtensions/datavisual-netcore5.vbproj,KeggPlot/EnrichmentCategoryHeatmap.vb,409,40,67,302,1,1,2,1,0,18759,18.76 KB
G:/GCModeller/src/GCModeller/visualize/DataVisualizationExtensions/datavisual-netcore5.vbproj,My Project/Application.Designer.vb,12,9,1,2,0,0,0,0,0,434,434 B
G:/GCModeller/src/GCModeller/visualize/DataVisualizationExtensions/datavisual-netcore5.vbproj,My Project/AssemblyInfo.vb,36,15,6,15,0,0,0,0,0,1351,1.35 KB
G:/GCModeller/src/GCModeller/visualize/DataVisualizationExtensions/datavisual-netcore5.vbproj,My Project/Resources.Designer.vb,63,23,8,32,1,2,0,0,0,2790,2.79 KB
G:/GCModeller/src/GCModeller/visualize/DataVisualizationExtensions/datavisual-netcore5.vbproj,My Project/Settings.Designer.vb,74,9,12,53,2,2,1,0,0,3026,3.03 KB
G:/GCModeller/src/GCModeller/visualize/DataVisualizationExtensions/datavisual-netcore5.vbproj,CatalogProfiling/Heatmap/CatalogBubbleHeatmap.vb,171,1,22,148,1,0,2,1,0,7498,7.50 KB
G:/GCModeller/src/GCModeller/visualize/DataVisualizationExtensions/datavisual-netcore5.vbproj,CatalogProfiling/Heatmap/CatalogHeatMap.vb,167,17,21,129,1,1,2,0,0,7605,7.61 KB
G:/GCModeller/src/GCModeller/visualize/DataVisualizationExtensions/datavisual-netcore5.vbproj,CatalogProfiling/Heatmap/MultipleCatalogHeatmap.vb,113,16,19,78,1,0,3,1,0,4413,4.41 KB
G:/GCModeller/src/GCModeller/visualize/DataVisualizationExtensions/datavisual-netcore5.vbproj,CatalogProfiling/Heatmap/TreeOrder.vb,99,10,15,74,1,0,1,2,0,3802,3.80 KB
G:/GCModeller/src/GCModeller/visualize/DataVisualizationExtensions/datavisual-netcore5.vbproj,<project>,6798,770,937,5091,58,72,58,84,0,285603,285.60 KB
G:/GCModeller/src/GCModeller/visualize/SyntenyVisual/SyntenyVisual.vbproj,DeviceModel.vb,96,15,14,67,2,12,0,4,0,3053,3.05 KB
G:/GCModeller/src/GCModeller/visualize/SyntenyVisual/SyntenyVisual.vbproj,DrawingModel.vb,79,18,11,50,2,8,0,2,0,3501,3.50 KB
G:/GCModeller/src/GCModeller/visualize/SyntenyVisual/SyntenyVisual.vbproj,LinkLines.vb,148,62,20,66,5,5,7,1,0,4402,4.40 KB
G:/GCModeller/src/GCModeller/visualize/SyntenyVisual/SyntenyVisual.vbproj,ModelAPI.vb,227,28,27,172,3,0,1,4,0,8823,8.82 KB
G:/GCModeller/src/GCModeller/visualize/SyntenyVisual/SyntenyVisual.vbproj,NUCMER.vb,298,77,54,167,5,20,2,7,0,10549,10.55 KB
G:/GCModeller/src/GCModeller/visualize/SyntenyVisual/SyntenyVisual.vbproj,Ortholog.vb,76,15,12,49,3,0,0,4,0,3111,3.11 KB
G:/GCModeller/src/GCModeller/visualize/SyntenyVisual/SyntenyVisual.vbproj,SyntenyPlotter.vb,1127,214,183,730,11,51,18,16,0,46395,46.40 KB
G:/GCModeller/src/GCModeller/visualize/SyntenyVisual/SyntenyVisual.vbproj,SyntenyPlotterDemo.vb,170,38,19,113,1,0,1,1,0,7857,7.86 KB
G:/GCModeller/src/GCModeller/visualize/SyntenyVisual/SyntenyVisual.vbproj,SyntenyRegion.vb,120,12,16,92,2,3,0,3,0,4789,4.79 KB
G:/GCModeller/src/GCModeller/visualize/SyntenyVisual/SyntenyVisual.vbproj,ComparativeGenomics/DrawingDevice.vb,206,13,39,154,1,5,2,2,0,9395,9.39 KB
G:/GCModeller/src/GCModeller/visualize/SyntenyVisual/SyntenyVisual.vbproj,ComparativeGenomics/GeneObject.vb,220,46,33,141,1,3,0,5,0,10157,10.16 KB
G:/GCModeller/src/GCModeller/visualize/SyntenyVisual/SyntenyVisual.vbproj,ComparativeGenomics/ModelAPI.vb,263,33,30,200,5,0,0,10,0,12324,12.32 KB
G:/GCModeller/src/GCModeller/visualize/SyntenyVisual/SyntenyVisual.vbproj,ComparativeGenomics/ShellScriptAPI.vb,192,8,24,160,1,0,0,10,0,8772,8.77 KB
G:/GCModeller/src/GCModeller/visualize/SyntenyVisual/SyntenyVisual.vbproj,My Project/Application.Designer.vb,12,9,1,2,0,0,0,0,0,434,434 B
G:/GCModeller/src/GCModeller/visualize/SyntenyVisual/SyntenyVisual.vbproj,My Project/Resources.Designer.vb,63,23,8,32,1,2,0,0,0,2807,2.81 KB
G:/GCModeller/src/GCModeller/visualize/SyntenyVisual/SyntenyVisual.vbproj,My Project/Settings.Designer.vb,73,9,13,51,2,2,1,0,0,3031,3.03 KB
G:/GCModeller/src/GCModeller/visualize/SyntenyVisual/SyntenyVisual.vbproj,ComparativeGenomics/DrawingModel/DrawingModel.vb,58,10,8,40,1,4,0,2,0,2077,2.08 KB
G:/GCModeller/src/GCModeller/visualize/SyntenyVisual/SyntenyVisual.vbproj,ComparativeGenomics/DrawingModel/GeneLink.vb,39,4,7,28,1,5,0,2,0,1463,1.46 KB
G:/GCModeller/src/GCModeller/visualize/SyntenyVisual/SyntenyVisual.vbproj,ComparativeGenomics/DrawingModel/Genome.vb,94,23,14,57,1,5,0,6,0,3400,3.40 KB
G:/GCModeller/src/GCModeller/visualize/SyntenyVisual/SyntenyVisual.vbproj,ComparativeGenomics/MultipleAlignment/ComparativeAlignment.vb,712,145,126,441,3,0,2,7,0,38541,38.54 KB
G:/GCModeller/src/GCModeller/visualize/SyntenyVisual/SyntenyVisual.vbproj,ComparativeGenomics/MultipleAlignment/DrawingModel.vb,94,21,17,56,3,9,1,4,0,3128,3.13 KB
G:/GCModeller/src/GCModeller/visualize/SyntenyVisual/SyntenyVisual.vbproj,ComparativeGenomics/MultipleAlignment/LargeGenomeComparing.vb,333,16,63,254,3,0,2,2,0,16216,16.22 KB
G:/GCModeller/src/GCModeller/visualize/SyntenyVisual/SyntenyVisual.vbproj,ComparativeGenomics/MultipleAlignment/MetaAPI.vb,50,0,7,43,1,0,0,3,0,2533,2.53 KB
G:/GCModeller/src/GCModeller/visualize/SyntenyVisual/SyntenyVisual.vbproj,<project>,4750,839,746,3165,58,134,37,95,0,206758,206.76 KB
../src/GCModeller/,<root>,434136,95296,61896,276944,5496,13662,3344,12160,128,17849772,17.85 MB
